anio,region_id,region_display,indicador,medida,unidad,valor
2009,01,Tarapacá,cuentas_corrientes,stock,número de cuentas de personas naturales,30825.166666666668
2010,01,Tarapacá,cuentas_corrientes,stock,número de cuentas de personas naturales,32997.083333333336
2011,01,Tarapacá,cuentas_corrientes,stock,número de cuentas de personas naturales,36102.666666666664
2012,01,Tarapacá,cuentas_corrientes,stock,número de cuentas de personas naturales,39319.833333333336
2013,01,Tarapacá,cuentas_corrientes,stock,número de cuentas de personas naturales,42392.666666666664
2014,01,Tarapacá,cuentas_corrientes,stock,número de cuentas de personas naturales,44964.416666666664
2015,01,Tarapacá,cuentas_corrientes,stock,número de cuentas de personas naturales,47979.833333333336
2016,01,Tarapacá,cuentas_corrientes,stock,número de cuentas de personas naturales,50575.666666666664
2017,01,Tarapacá,cuentas_corrientes,stock,número de cuentas de personas naturales,52520.166666666664
2018,01,Tarapacá,cuentas_corrientes,stock,número de cuentas de personas naturales,55271.833333333336
2019,01,Tarapacá,cuentas_corrientes,stock,número de cuentas de personas naturales,58941.5
2020,01,Tarapacá,cuentas_corrientes,stock,número de cuentas de personas naturales,61572.083333333336
2021,01,Tarapacá,cuentas_corrientes,stock,número de cuentas de personas naturales,65402.166666666664
2022,01,Tarapacá,cuentas_corrientes,stock,número de cuentas de personas naturales,66219.25
2023,01,Tarapacá,cuentas_corrientes,stock,número de cuentas de personas naturales,70855.33333333333
2024,01,Tarapacá,cuentas_corrientes,stock,número de cuentas de personas naturales,77559.91666666667
2025,01,Tarapacá,cuentas_corrientes,stock,número de cuentas de personas naturales,81745.75
2009,02,Antofagasta,cuentas_corrientes,stock,número de cuentas de personas naturales,70299.16666666667
2010,02,Antofagasta,cuentas_corrientes,stock,número de cuentas de personas naturales,75857.75
2011,02,Antofagasta,cuentas_corrientes,stock,número de cuentas de personas naturales,82934.0
2012,02,Antofagasta,cuentas_corrientes,stock,número de cuentas de personas naturales,90613.16666666667
2013,02,Antofagasta,cuentas_corrientes,stock,número de cuentas de personas naturales,99253.91666666667
2014,02,Antofagasta,cuentas_corrientes,stock,número de cuentas de personas naturales,106488.5
2015,02,Antofagasta,cuentas_corrientes,stock,número de cuentas de personas naturales,113191.25
2016,02,Antofagasta,cuentas_corrientes,stock,número de cuentas de personas naturales,119869.25
2017,02,Antofagasta,cuentas_corrientes,stock,número de cuentas de personas naturales,124804.08333333333
2018,02,Antofagasta,cuentas_corrientes,stock,número de cuentas de personas naturales,131110.25
2019,02,Antofagasta,cuentas_corrientes,stock,número de cuentas de personas naturales,139534.41666666666
2020,02,Antofagasta,cuentas_corrientes,stock,número de cuentas de personas naturales,143804.75
2021,02,Antofagasta,cuentas_corrientes,stock,número de cuentas de personas naturales,151908.58333333334
2022,02,Antofagasta,cuentas_corrientes,stock,número de cuentas de personas naturales,155406.83333333334
2023,02,Antofagasta,cuentas_corrientes,stock,número de cuentas de personas naturales,168032.66666666666
2024,02,Antofagasta,cuentas_corrientes,stock,número de cuentas de personas naturales,182153.41666666666
2025,02,Antofagasta,cuentas_corrientes,stock,número de cuentas de personas naturales,191208.33333333334
2009,03,Atacama,cuentas_corrientes,stock,número de cuentas de personas naturales,23389.083333333332
2010,03,Atacama,cuentas_corrientes,stock,número de cuentas de personas naturales,24630.333333333332
2011,03,Atacama,cuentas_corrientes,stock,número de cuentas de personas naturales,26558.083333333332
2012,03,Atacama,cuentas_corrientes,stock,número de cuentas de personas naturales,29315.083333333332
2013,03,Atacama,cuentas_corrientes,stock,número de cuentas de personas naturales,32302.25
2014,03,Atacama,cuentas_corrientes,stock,número de cuentas de personas naturales,34499.083333333336
2015,03,Atacama,cuentas_corrientes,stock,número de cuentas de personas naturales,36262.416666666664
2016,03,Atacama,cuentas_corrientes,stock,número de cuentas de personas naturales,38108.25
2017,03,Atacama,cuentas_corrientes,stock,número de cuentas de personas naturales,39136.333333333336
2018,03,Atacama,cuentas_corrientes,stock,número de cuentas de personas naturales,41628.5
2019,03,Atacama,cuentas_corrientes,stock,número de cuentas de personas naturales,44411.583333333336
2020,03,Atacama,cuentas_corrientes,stock,número de cuentas de personas naturales,45641.416666666664
2021,03,Atacama,cuentas_corrientes,stock,número de cuentas de personas naturales,47845.083333333336
2022,03,Atacama,cuentas_corrientes,stock,número de cuentas de personas naturales,49007.083333333336
2023,03,Atacama,cuentas_corrientes,stock,número de cuentas de personas naturales,53567.083333333336
2024,03,Atacama,cuentas_corrientes,stock,número de cuentas de personas naturales,60852.083333333336
2025,03,Atacama,cuentas_corrientes,stock,número de cuentas de personas naturales,62919.583333333336
2009,04,Coquimbo,cuentas_corrientes,stock,número de cuentas de personas naturales,45298.416666666664
2010,04,Coquimbo,cuentas_corrientes,stock,número de cuentas de personas naturales,47625.583333333336
2011,04,Coquimbo,cuentas_corrientes,stock,número de cuentas de personas naturales,52521.0
2012,04,Coquimbo,cuentas_corrientes,stock,número de cuentas de personas naturales,59268.583333333336
2013,04,Coquimbo,cuentas_corrientes,stock,número de cuentas de personas naturales,66461.75
2014,04,Coquimbo,cuentas_corrientes,stock,número de cuentas de personas naturales,73158.16666666667
2015,04,Coquimbo,cuentas_corrientes,stock,número de cuentas de personas naturales,79873.25
2016,04,Coquimbo,cuentas_corrientes,stock,número de cuentas de personas naturales,86638.5
2017,04,Coquimbo,cuentas_corrientes,stock,número de cuentas de personas naturales,93090.33333333333
2018,04,Coquimbo,cuentas_corrientes,stock,número de cuentas de personas naturales,99568.0
2019,04,Coquimbo,cuentas_corrientes,stock,número de cuentas de personas naturales,108673.41666666667
2020,04,Coquimbo,cuentas_corrientes,stock,número de cuentas de personas naturales,114891.0
2021,04,Coquimbo,cuentas_corrientes,stock,número de cuentas de personas naturales,120247.75
2022,04,Coquimbo,cuentas_corrientes,stock,número de cuentas de personas naturales,123491.08333333333
2023,04,Coquimbo,cuentas_corrientes,stock,número de cuentas de personas naturales,134493.75
2024,04,Coquimbo,cuentas_corrientes,stock,número de cuentas de personas naturales,148810.5
2025,04,Coquimbo,cuentas_corrientes,stock,número de cuentas de personas naturales,158872.08333333334
2009,05,Valparaíso,cuentas_corrientes,stock,número de cuentas de personas naturales,188956.16666666666
2010,05,Valparaíso,cuentas_corrientes,stock,número de cuentas de personas naturales,197072.33333333334
2011,05,Valparaíso,cuentas_corrientes,stock,número de cuentas de personas naturales,206542.08333333334
2012,05,Valparaíso,cuentas_corrientes,stock,número de cuentas de personas naturales,217064.16666666666
2013,05,Valparaíso,cuentas_corrientes,stock,número de cuentas de personas naturales,231701.08333333334
2014,05,Valparaíso,cuentas_corrientes,stock,número de cuentas de personas naturales,247034.16666666666
2015,05,Valparaíso,cuentas_corrientes,stock,número de cuentas de personas naturales,263221.0833333333
2016,05,Valparaíso,cuentas_corrientes,stock,número de cuentas de personas naturales,280822.6666666667
2017,05,Valparaíso,cuentas_corrientes,stock,número de cuentas de personas naturales,299996.5
2018,05,Valparaíso,cuentas_corrientes,stock,número de cuentas de personas naturales,318906.1666666667
2019,05,Valparaíso,cuentas_corrientes,stock,número de cuentas de personas naturales,340433.6666666667
2020,05,Valparaíso,cuentas_corrientes,stock,número de cuentas de personas naturales,352923.5
2021,05,Valparaíso,cuentas_corrientes,stock,número de cuentas de personas naturales,370103.75
2022,05,Valparaíso,cuentas_corrientes,stock,número de cuentas de personas naturales,368938.5
2023,05,Valparaíso,cuentas_corrientes,stock,número de cuentas de personas naturales,392979.6666666667
2024,05,Valparaíso,cuentas_corrientes,stock,número de cuentas de personas naturales,419567.5833333333
2025,05,Valparaíso,cuentas_corrientes,stock,número de cuentas de personas naturales,426978.75
2009,06,O'Higgins,cuentas_corrientes,stock,número de cuentas de personas naturales,57675.166666666664
2010,06,O'Higgins,cuentas_corrientes,stock,número de cuentas de personas naturales,60285.416666666664
2011,06,O'Higgins,cuentas_corrientes,stock,número de cuentas de personas naturales,64446.833333333336
2012,06,O'Higgins,cuentas_corrientes,stock,número de cuentas de personas naturales,69550.25
2013,06,O'Higgins,cuentas_corrientes,stock,número de cuentas de personas naturales,75387.16666666667
2014,06,O'Higgins,cuentas_corrientes,stock,número de cuentas de personas naturales,81653.75
2015,06,O'Higgins,cuentas_corrientes,stock,número de cuentas de personas naturales,88272.41666666667
2016,06,O'Higgins,cuentas_corrientes,stock,número de cuentas de personas naturales,95025.25
2017,06,O'Higgins,cuentas_corrientes,stock,número de cuentas de personas naturales,101597.16666666667
2018,06,O'Higgins,cuentas_corrientes,stock,número de cuentas de personas naturales,108497.25
2019,06,O'Higgins,cuentas_corrientes,stock,número de cuentas de personas naturales,116754.16666666667
2020,06,O'Higgins,cuentas_corrientes,stock,número de cuentas de personas naturales,122305.08333333333
2021,06,O'Higgins,cuentas_corrientes,stock,número de cuentas de personas naturales,126766.25
2022,06,O'Higgins,cuentas_corrientes,stock,número de cuentas de personas naturales,128127.83333333333
2023,06,O'Higgins,cuentas_corrientes,stock,número de cuentas de personas naturales,135671.91666666666
2024,06,O'Higgins,cuentas_corrientes,stock,número de cuentas de personas naturales,147445.91666666666
2025,06,O'Higgins,cuentas_corrientes,stock,número de cuentas de personas naturales,157341.91666666666
2009,07,Maule,cuentas_corrientes,stock,número de cuentas de personas naturales,66042.75
2010,07,Maule,cuentas_corrientes,stock,número de cuentas de personas naturales,67305.0
2011,07,Maule,cuentas_corrientes,stock,número de cuentas de personas naturales,71878.5
2012,07,Maule,cuentas_corrientes,stock,número de cuentas de personas naturales,78339.58333333333
2013,07,Maule,cuentas_corrientes,stock,número de cuentas de personas naturales,85277.75
2014,07,Maule,cuentas_corrientes,stock,número de cuentas de personas naturales,92538.25
2015,07,Maule,cuentas_corrientes,stock,número de cuentas de personas naturales,100548.5
2016,07,Maule,cuentas_corrientes,stock,número de cuentas de personas naturales,108770.41666666667
2017,07,Maule,cuentas_corrientes,stock,número de cuentas de personas naturales,116797.58333333333
2018,07,Maule,cuentas_corrientes,stock,número de cuentas de personas naturales,125676.75
2019,07,Maule,cuentas_corrientes,stock,número de cuentas de personas naturales,135991.25
2020,07,Maule,cuentas_corrientes,stock,número de cuentas de personas naturales,142415.91666666666
2021,07,Maule,cuentas_corrientes,stock,número de cuentas de personas naturales,149078.25
2022,07,Maule,cuentas_corrientes,stock,número de cuentas de personas naturales,149739.08333333334
2023,07,Maule,cuentas_corrientes,stock,número de cuentas de personas naturales,162955.41666666666
2024,07,Maule,cuentas_corrientes,stock,número de cuentas de personas naturales,184110.16666666666
2025,07,Maule,cuentas_corrientes,stock,número de cuentas de personas naturales,199448.08333333334
2009,08,Biobío,cuentas_corrientes,stock,número de cuentas de personas naturales,159974.08333333334
2010,08,Biobío,cuentas_corrientes,stock,número de cuentas de personas naturales,165519.58333333334
2011,08,Biobío,cuentas_corrientes,stock,número de cuentas de personas naturales,174062.83333333334
2012,08,Biobío,cuentas_corrientes,stock,número de cuentas de personas naturales,190128.75
2013,08,Biobío,cuentas_corrientes,stock,número de cuentas de personas naturales,206388.83333333334
2014,08,Biobío,cuentas_corrientes,stock,número de cuentas de personas naturales,222646.33333333334
2015,08,Biobío,cuentas_corrientes,stock,número de cuentas de personas naturales,240221.41666666666
2016,08,Biobío,cuentas_corrientes,stock,número de cuentas de personas naturales,256858.08333333334
2017,08,Biobío,cuentas_corrientes,stock,número de cuentas de personas naturales,273731.5833333333
2018,08,Biobío,cuentas_corrientes,stock,número de cuentas de personas naturales,280395.0
2019,08,Biobío,cuentas_corrientes,stock,número de cuentas de personas naturales,264548.4166666667
2020,08,Biobío,cuentas_corrientes,stock,número de cuentas de personas naturales,275566.5
2021,08,Biobío,cuentas_corrientes,stock,número de cuentas de personas naturales,291014.1666666667
2022,08,Biobío,cuentas_corrientes,stock,número de cuentas de personas naturales,295405.5833333333
2023,08,Biobío,cuentas_corrientes,stock,número de cuentas de personas naturales,318036.75
2024,08,Biobío,cuentas_corrientes,stock,número de cuentas de personas naturales,339315.8333333333
2025,08,Biobío,cuentas_corrientes,stock,número de cuentas de personas naturales,341562.25
2009,09,La Araucanía,cuentas_corrientes,stock,número de cuentas de personas naturales,64040.0
2010,09,La Araucanía,cuentas_corrientes,stock,número de cuentas de personas naturales,66680.25
2011,09,La Araucanía,cuentas_corrientes,stock,número de cuentas de personas naturales,70921.75
2012,09,La Araucanía,cuentas_corrientes,stock,número de cuentas de personas naturales,75804.33333333333
2013,09,La Araucanía,cuentas_corrientes,stock,número de cuentas de personas naturales,81212.41666666667
2014,09,La Araucanía,cuentas_corrientes,stock,número de cuentas de personas naturales,87508.66666666667
2015,09,La Araucanía,cuentas_corrientes,stock,número de cuentas de personas naturales,94737.83333333333
2016,09,La Araucanía,cuentas_corrientes,stock,número de cuentas de personas naturales,101647.58333333333
2017,09,La Araucanía,cuentas_corrientes,stock,número de cuentas de personas naturales,108853.75
2018,09,La Araucanía,cuentas_corrientes,stock,número de cuentas de personas naturales,117079.33333333333
2019,09,La Araucanía,cuentas_corrientes,stock,número de cuentas de personas naturales,127111.5
2020,09,La Araucanía,cuentas_corrientes,stock,número de cuentas de personas naturales,133097.41666666666
2021,09,La Araucanía,cuentas_corrientes,stock,número de cuentas de personas naturales,140580.0
2022,09,La Araucanía,cuentas_corrientes,stock,número de cuentas de personas naturales,141672.25
2023,09,La Araucanía,cuentas_corrientes,stock,número de cuentas de personas naturales,152652.0
2024,09,La Araucanía,cuentas_corrientes,stock,número de cuentas de personas naturales,163684.83333333334
2025,09,La Araucanía,cuentas_corrientes,stock,número de cuentas de personas naturales,167918.58333333334
2009,10,Los Lagos,cuentas_corrientes,stock,número de cuentas de personas naturales,63324.166666666664
2010,10,Los Lagos,cuentas_corrientes,stock,número de cuentas de personas naturales,63918.666666666664
2011,10,Los Lagos,cuentas_corrientes,stock,número de cuentas de personas naturales,67541.66666666667
2012,10,Los Lagos,cuentas_corrientes,stock,número de cuentas de personas naturales,72447.66666666667
2013,10,Los Lagos,cuentas_corrientes,stock,número de cuentas de personas naturales,79258.5
2014,10,Los Lagos,cuentas_corrientes,stock,número de cuentas de personas naturales,85401.75
2015,10,Los Lagos,cuentas_corrientes,stock,número de cuentas de personas naturales,92816.25
2016,10,Los Lagos,cuentas_corrientes,stock,número de cuentas de personas naturales,100416.83333333333
2017,10,Los Lagos,cuentas_corrientes,stock,número de cuentas de personas naturales,107104.5
2018,10,Los Lagos,cuentas_corrientes,stock,número de cuentas de personas naturales,114907.75
2019,10,Los Lagos,cuentas_corrientes,stock,número de cuentas de personas naturales,125108.5
2020,10,Los Lagos,cuentas_corrientes,stock,número de cuentas de personas naturales,132549.41666666666
2021,10,Los Lagos,cuentas_corrientes,stock,número de cuentas de personas naturales,140391.16666666666
2022,10,Los Lagos,cuentas_corrientes,stock,número de cuentas de personas naturales,144228.33333333334
2023,10,Los Lagos,cuentas_corrientes,stock,número de cuentas de personas naturales,162783.5
2024,10,Los Lagos,cuentas_corrientes,stock,número de cuentas de personas naturales,209977.58333333334
2025,10,Los Lagos,cuentas_corrientes,stock,número de cuentas de personas naturales,260753.5
2009,11,Aysén,cuentas_corrientes,stock,número de cuentas de personas naturales,11362.5
2010,11,Aysén,cuentas_corrientes,stock,número de cuentas de personas naturales,11884.083333333334
2011,11,Aysén,cuentas_corrientes,stock,número de cuentas de personas naturales,12594.416666666666
2012,11,Aysén,cuentas_corrientes,stock,número de cuentas de personas naturales,13306.333333333334
2013,11,Aysén,cuentas_corrientes,stock,número de cuentas de personas naturales,14232.083333333334
2014,11,Aysén,cuentas_corrientes,stock,número de cuentas de personas naturales,15315.166666666666
2015,11,Aysén,cuentas_corrientes,stock,número de cuentas de personas naturales,16424.0
2016,11,Aysén,cuentas_corrientes,stock,número de cuentas de personas naturales,17530.833333333332
2017,11,Aysén,cuentas_corrientes,stock,número de cuentas de personas naturales,18551.083333333332
2018,11,Aysén,cuentas_corrientes,stock,número de cuentas de personas naturales,19563.5
2019,11,Aysén,cuentas_corrientes,stock,número de cuentas de personas naturales,20844.333333333332
2020,11,Aysén,cuentas_corrientes,stock,número de cuentas de personas naturales,21659.666666666668
2021,11,Aysén,cuentas_corrientes,stock,número de cuentas de personas naturales,22566.75
2022,11,Aysén,cuentas_corrientes,stock,número de cuentas de personas naturales,22881.333333333332
2023,11,Aysén,cuentas_corrientes,stock,número de cuentas de personas naturales,24078.416666666668
2024,11,Aysén,cuentas_corrientes,stock,número de cuentas de personas naturales,26063.166666666668
2025,11,Aysén,cuentas_corrientes,stock,número de cuentas de personas naturales,27015.083333333332
2009,12,Magallanes,cuentas_corrientes,stock,número de cuentas de personas naturales,27131.583333333332
2010,12,Magallanes,cuentas_corrientes,stock,número de cuentas de personas naturales,27747.5
2011,12,Magallanes,cuentas_corrientes,stock,número de cuentas de personas naturales,29022.75
2012,12,Magallanes,cuentas_corrientes,stock,número de cuentas de personas naturales,30681.416666666668
2013,12,Magallanes,cuentas_corrientes,stock,número de cuentas de personas naturales,32405.75
2014,12,Magallanes,cuentas_corrientes,stock,número de cuentas de personas naturales,34406.666666666664
2015,12,Magallanes,cuentas_corrientes,stock,número de cuentas de personas naturales,36644.416666666664
2016,12,Magallanes,cuentas_corrientes,stock,número de cuentas de personas naturales,38854.833333333336
2017,12,Magallanes,cuentas_corrientes,stock,número de cuentas de personas naturales,41056.083333333336
2018,12,Magallanes,cuentas_corrientes,stock,número de cuentas de personas naturales,43541.0
2019,12,Magallanes,cuentas_corrientes,stock,número de cuentas de personas naturales,46448.916666666664
2020,12,Magallanes,cuentas_corrientes,stock,número de cuentas de personas naturales,48403.333333333336
2021,12,Magallanes,cuentas_corrientes,stock,número de cuentas de personas naturales,50811.833333333336
2022,12,Magallanes,cuentas_corrientes,stock,número de cuentas de personas naturales,51381.0
2023,12,Magallanes,cuentas_corrientes,stock,número de cuentas de personas naturales,55601.75
2024,12,Magallanes,cuentas_corrientes,stock,número de cuentas de personas naturales,61638.083333333336
2025,12,Magallanes,cuentas_corrientes,stock,número de cuentas de personas naturales,63580.25
2009,13,Metropolitana de Santiago,cuentas_corrientes,stock,número de cuentas de personas naturales,1161755.3333333333
2010,13,Metropolitana de Santiago,cuentas_corrientes,stock,número de cuentas de personas naturales,1243206.1666666667
2011,13,Metropolitana de Santiago,cuentas_corrientes,stock,número de cuentas de personas naturales,1402392.4166666667
2012,13,Metropolitana de Santiago,cuentas_corrientes,stock,número de cuentas de personas naturales,1534396.0
2013,13,Metropolitana de Santiago,cuentas_corrientes,stock,número de cuentas de personas naturales,1646689.0833333333
2014,13,Metropolitana de Santiago,cuentas_corrientes,stock,número de cuentas de personas naturales,1772847.0
2015,13,Metropolitana de Santiago,cuentas_corrientes,stock,número de cuentas de personas naturales,1915785.6666666667
2016,13,Metropolitana de Santiago,cuentas_corrientes,stock,número de cuentas de personas naturales,2084400.0
2017,13,Metropolitana de Santiago,cuentas_corrientes,stock,número de cuentas de personas naturales,2241918.8333333335
2018,13,Metropolitana de Santiago,cuentas_corrientes,stock,número de cuentas de personas naturales,2419853.9166666665
2019,13,Metropolitana de Santiago,cuentas_corrientes,stock,número de cuentas de personas naturales,2625637.0833333335
2020,13,Metropolitana de Santiago,cuentas_corrientes,stock,número de cuentas de personas naturales,2808339.5833333335
2021,13,Metropolitana de Santiago,cuentas_corrientes,stock,número de cuentas de personas naturales,3570743.5
2022,13,Metropolitana de Santiago,cuentas_corrientes,stock,número de cuentas de personas naturales,4853004.5
2023,13,Metropolitana de Santiago,cuentas_corrientes,stock,número de cuentas de personas naturales,6327415.916666667
2024,13,Metropolitana de Santiago,cuentas_corrientes,stock,número de cuentas de personas naturales,8097047.083333333
2025,13,Metropolitana de Santiago,cuentas_corrientes,stock,número de cuentas de personas naturales,9698001.833333334
2009,14,Los Ríos,cuentas_corrientes,stock,número de cuentas de personas naturales,29005.25
2010,14,Los Ríos,cuentas_corrientes,stock,número de cuentas de personas naturales,30281.833333333332
2011,14,Los Ríos,cuentas_corrientes,stock,número de cuentas de personas naturales,32249.916666666668
2012,14,Los Ríos,cuentas_corrientes,stock,número de cuentas de personas naturales,34618.25
2013,14,Los Ríos,cuentas_corrientes,stock,número de cuentas de personas naturales,37374.25
2014,14,Los Ríos,cuentas_corrientes,stock,número de cuentas de personas naturales,40272.833333333336
2015,14,Los Ríos,cuentas_corrientes,stock,número de cuentas de personas naturales,43679.083333333336
2016,14,Los Ríos,cuentas_corrientes,stock,número de cuentas de personas naturales,46885.416666666664
2017,14,Los Ríos,cuentas_corrientes,stock,número de cuentas de personas naturales,50078.75
2018,14,Los Ríos,cuentas_corrientes,stock,número de cuentas de personas naturales,53956.75
2019,14,Los Ríos,cuentas_corrientes,stock,número de cuentas de personas naturales,57838.0
2020,14,Los Ríos,cuentas_corrientes,stock,número de cuentas de personas naturales,59358.416666666664
2021,14,Los Ríos,cuentas_corrientes,stock,número de cuentas de personas naturales,62025.916666666664
2022,14,Los Ríos,cuentas_corrientes,stock,número de cuentas de personas naturales,61747.083333333336
2023,14,Los Ríos,cuentas_corrientes,stock,número de cuentas de personas naturales,67489.75
2024,14,Los Ríos,cuentas_corrientes,stock,número de cuentas de personas naturales,73567.08333333333
2025,14,Los Ríos,cuentas_corrientes,stock,número de cuentas de personas naturales,81801.08333333333
2009,15,Arica y Parinacota,cuentas_corrientes,stock,número de cuentas de personas naturales,16510.083333333332
2010,15,Arica y Parinacota,cuentas_corrientes,stock,número de cuentas de personas naturales,17660.5
2011,15,Arica y Parinacota,cuentas_corrientes,stock,número de cuentas de personas naturales,19030.583333333332
2012,15,Arica y Parinacota,cuentas_corrientes,stock,número de cuentas de personas naturales,20139.833333333332
2013,15,Arica y Parinacota,cuentas_corrientes,stock,número de cuentas de personas naturales,21767.0
2014,15,Arica y Parinacota,cuentas_corrientes,stock,número de cuentas de personas naturales,23736.5
2015,15,Arica y Parinacota,cuentas_corrientes,stock,número de cuentas de personas naturales,26069.916666666668
2016,15,Arica y Parinacota,cuentas_corrientes,stock,número de cuentas de personas naturales,27858.583333333332
2017,15,Arica y Parinacota,cuentas_corrientes,stock,número de cuentas de personas naturales,29532.916666666668
2018,15,Arica y Parinacota,cuentas_corrientes,stock,número de cuentas de personas naturales,31784.5
2019,15,Arica y Parinacota,cuentas_corrientes,stock,número de cuentas de personas naturales,34257.583333333336
2020,15,Arica y Parinacota,cuentas_corrientes,stock,número de cuentas de personas naturales,35573.333333333336
2021,15,Arica y Parinacota,cuentas_corrientes,stock,número de cuentas de personas naturales,37526.0
2022,15,Arica y Parinacota,cuentas_corrientes,stock,número de cuentas de personas naturales,38151.666666666664
2023,15,Arica y Parinacota,cuentas_corrientes,stock,número de cuentas de personas naturales,42157.166666666664
2024,15,Arica y Parinacota,cuentas_corrientes,stock,número de cuentas de personas naturales,50592.5
2025,15,Arica y Parinacota,cuentas_corrientes,stock,número de cuentas de personas naturales,57375.416666666664
2018,16,Ñuble,cuentas_corrientes,stock,número de cuentas de personas naturales,46457.0
2019,16,Ñuble,cuentas_corrientes,stock,número de cuentas de personas naturales,49328.5
2020,16,Ñuble,cuentas_corrientes,stock,número de cuentas de personas naturales,52237.916666666664
2021,16,Ñuble,cuentas_corrientes,stock,número de cuentas de personas naturales,55264.833333333336
2022,16,Ñuble,cuentas_corrientes,stock,número de cuentas de personas naturales,55460.083333333336
2023,16,Ñuble,cuentas_corrientes,stock,número de cuentas de personas naturales,59623.083333333336
2024,16,Ñuble,cuentas_corrientes,stock,número de cuentas de personas naturales,64120.833333333336
2025,16,Ñuble,cuentas_corrientes,stock,número de cuentas de personas naturales,66507.83333333333
2009,01,Tarapacá,depositos_vista,stock,millones de pesos nominales,7454.8597740000005
2010,01,Tarapacá,depositos_vista,stock,millones de pesos nominales,10569.740869083334
2011,01,Tarapacá,depositos_vista,stock,millones de pesos nominales,13200.668475833334
2012,01,Tarapacá,depositos_vista,stock,millones de pesos nominales,16594.221428666668
2013,01,Tarapacá,depositos_vista,stock,millones de pesos nominales,20320.141123583333
2014,01,Tarapacá,depositos_vista,stock,millones de pesos nominales,24715.1337185
2015,01,Tarapacá,depositos_vista,stock,millones de pesos nominales,29265.460199499998
2016,01,Tarapacá,depositos_vista,stock,millones de pesos nominales,33009.945870999996
2017,01,Tarapacá,depositos_vista,stock,millones de pesos nominales,36806.213964
2018,01,Tarapacá,depositos_vista,stock,millones de pesos nominales,44855.77155666667
2019,01,Tarapacá,depositos_vista,stock,millones de pesos nominales,56018.535589750005
2020,01,Tarapacá,depositos_vista,stock,millones de pesos nominales,111572.95848766666
2021,01,Tarapacá,depositos_vista,stock,millones de pesos nominales,190758.6963464167
2022,01,Tarapacá,depositos_vista,stock,millones de pesos nominales,137818.89309283334
2023,01,Tarapacá,depositos_vista,stock,millones de pesos nominales,115843.78930966667
2024,01,Tarapacá,depositos_vista,stock,millones de pesos nominales,116048.82254899999
2025,01,Tarapacá,depositos_vista,stock,millones de pesos nominales,119094.55102858333
2009,02,Antofagasta,depositos_vista,stock,millones de pesos nominales,19358.401101416668
2010,02,Antofagasta,depositos_vista,stock,millones de pesos nominales,26797.79525391667
2011,02,Antofagasta,depositos_vista,stock,millones de pesos nominales,32043.74981216667
2012,02,Antofagasta,depositos_vista,stock,millones de pesos nominales,41871.62418566667
2013,02,Antofagasta,depositos_vista,stock,millones de pesos nominales,53949.343629083334
2014,02,Antofagasta,depositos_vista,stock,millones de pesos nominales,60647.26460483333
2015,02,Antofagasta,depositos_vista,stock,millones de pesos nominales,69413.0522795
2016,02,Antofagasta,depositos_vista,stock,millones de pesos nominales,76125.16925275
2017,02,Antofagasta,depositos_vista,stock,millones de pesos nominales,85504.74710175
2018,02,Antofagasta,depositos_vista,stock,millones de pesos nominales,101942.08710708334
2019,02,Antofagasta,depositos_vista,stock,millones de pesos nominales,123728.36896375
2020,02,Antofagasta,depositos_vista,stock,millones de pesos nominales,237817.18590583335
2021,02,Antofagasta,depositos_vista,stock,millones de pesos nominales,405786.2542465834
2022,02,Antofagasta,depositos_vista,stock,millones de pesos nominales,304372.35168333334
2023,02,Antofagasta,depositos_vista,stock,millones de pesos nominales,245833.10381575
2024,02,Antofagasta,depositos_vista,stock,millones de pesos nominales,250890.852876
2025,02,Antofagasta,depositos_vista,stock,millones de pesos nominales,264992.9770181667
2009,03,Atacama,depositos_vista,stock,millones de pesos nominales,6976.725472166666
2010,03,Atacama,depositos_vista,stock,millones de pesos nominales,9997.970295916666
2011,03,Atacama,depositos_vista,stock,millones de pesos nominales,12212.621927833332
2012,03,Atacama,depositos_vista,stock,millones de pesos nominales,16927.38727875
2013,03,Atacama,depositos_vista,stock,millones de pesos nominales,21020.001218916666
2014,03,Atacama,depositos_vista,stock,millones de pesos nominales,24062.106096833333
2015,03,Atacama,depositos_vista,stock,millones de pesos nominales,29528.207093333334
2016,03,Atacama,depositos_vista,stock,millones de pesos nominales,31139.196742750002
2017,03,Atacama,depositos_vista,stock,millones de pesos nominales,36706.238757583335
2018,03,Atacama,depositos_vista,stock,millones de pesos nominales,43806.46391583333
2019,03,Atacama,depositos_vista,stock,millones de pesos nominales,51910.56361266667
2020,03,Atacama,depositos_vista,stock,millones de pesos nominales,102169.71448983334
2021,03,Atacama,depositos_vista,stock,millones de pesos nominales,179332.05034708334
2022,03,Atacama,depositos_vista,stock,millones de pesos nominales,137124.84739958335
2023,03,Atacama,depositos_vista,stock,millones de pesos nominales,113204.39471758333
2024,03,Atacama,depositos_vista,stock,millones de pesos nominales,113458.95898191666
2025,03,Atacama,depositos_vista,stock,millones de pesos nominales,114502.05428208334
2009,04,Coquimbo,depositos_vista,stock,millones de pesos nominales,13516.918929916666
2010,04,Coquimbo,depositos_vista,stock,millones de pesos nominales,18933.836452083335
2011,04,Coquimbo,depositos_vista,stock,millones de pesos nominales,23591.44359341667
2012,04,Coquimbo,depositos_vista,stock,millones de pesos nominales,32045.279472083334
2013,04,Coquimbo,depositos_vista,stock,millones de pesos nominales,40358.876711833334
2014,04,Coquimbo,depositos_vista,stock,millones de pesos nominales,47519.42209308333
2015,04,Coquimbo,depositos_vista,stock,millones de pesos nominales,57028.44682233333
2016,04,Coquimbo,depositos_vista,stock,millones de pesos nominales,67807.68932766667
2017,04,Coquimbo,depositos_vista,stock,millones de pesos nominales,79235.58581075001
2018,04,Coquimbo,depositos_vista,stock,millones de pesos nominales,96922.31133775
2019,04,Coquimbo,depositos_vista,stock,millones de pesos nominales,117616.85056075
2020,04,Coquimbo,depositos_vista,stock,millones de pesos nominales,224812.02433283333
2021,04,Coquimbo,depositos_vista,stock,millones de pesos nominales,391104.4897255833
2022,04,Coquimbo,depositos_vista,stock,millones de pesos nominales,298451.59684741666
2023,04,Coquimbo,depositos_vista,stock,millones de pesos nominales,245958.585063
2024,04,Coquimbo,depositos_vista,stock,millones de pesos nominales,246160.75633975
2025,04,Coquimbo,depositos_vista,stock,millones de pesos nominales,255357.33130241666
2009,05,Valparaíso,depositos_vista,stock,millones de pesos nominales,36309.31486241667
2010,05,Valparaíso,depositos_vista,stock,millones de pesos nominales,49690.28326033333
2011,05,Valparaíso,depositos_vista,stock,millones de pesos nominales,58918.078612833335
2012,05,Valparaíso,depositos_vista,stock,millones de pesos nominales,74828.53768358333
2013,05,Valparaíso,depositos_vista,stock,millones de pesos nominales,93952.24661541666
2014,05,Valparaíso,depositos_vista,stock,millones de pesos nominales,115271.91920983333
2015,05,Valparaíso,depositos_vista,stock,millones de pesos nominales,138018.8658215
2016,05,Valparaíso,depositos_vista,stock,millones de pesos nominales,163640.60223158333
2017,05,Valparaíso,depositos_vista,stock,millones de pesos nominales,203657.37194258333
2018,05,Valparaíso,depositos_vista,stock,millones de pesos nominales,253723.53172491665
2019,05,Valparaíso,depositos_vista,stock,millones de pesos nominales,300329.7743570833
2020,05,Valparaíso,depositos_vista,stock,millones de pesos nominales,553343.3380761667
2021,05,Valparaíso,depositos_vista,stock,millones de pesos nominales,945217.8474500832
2022,05,Valparaíso,depositos_vista,stock,millones de pesos nominales,697499.6553763334
2023,05,Valparaíso,depositos_vista,stock,millones de pesos nominales,565998.862724
2024,05,Valparaíso,depositos_vista,stock,millones de pesos nominales,573385.6521643334
2025,05,Valparaíso,depositos_vista,stock,millones de pesos nominales,582268.5151718333
2009,06,O'Higgins,depositos_vista,stock,millones de pesos nominales,14391.281106166667
2010,06,O'Higgins,depositos_vista,stock,millones de pesos nominales,20275.160217
2011,06,O'Higgins,depositos_vista,stock,millones de pesos nominales,25917.72283075
2012,06,O'Higgins,depositos_vista,stock,millones de pesos nominales,30866.764365666666
2013,06,O'Higgins,depositos_vista,stock,millones de pesos nominales,39907.460146749996
2014,06,O'Higgins,depositos_vista,stock,millones de pesos nominales,51837.49063258333
2015,06,O'Higgins,depositos_vista,stock,millones de pesos nominales,62155.82412741667
2016,06,O'Higgins,depositos_vista,stock,millones de pesos nominales,74333.74938075
2017,06,O'Higgins,depositos_vista,stock,millones de pesos nominales,91060.48365566666
2018,06,O'Higgins,depositos_vista,stock,millones de pesos nominales,119413.94131216667
2019,06,O'Higgins,depositos_vista,stock,millones de pesos nominales,143846.96049591666
2020,06,O'Higgins,depositos_vista,stock,millones de pesos nominales,276400.4092563333
2021,06,O'Higgins,depositos_vista,stock,millones de pesos nominales,499470.5152186667
2022,06,O'Higgins,depositos_vista,stock,millones de pesos nominales,374785.1412751667
2023,06,O'Higgins,depositos_vista,stock,millones de pesos nominales,302137.24958533334
2024,06,O'Higgins,depositos_vista,stock,millones de pesos nominales,308262.5893200833
2025,06,O'Higgins,depositos_vista,stock,millones de pesos nominales,319802.00543558336
2009,07,Maule,depositos_vista,stock,millones de pesos nominales,12294.439319583333
2010,07,Maule,depositos_vista,stock,millones de pesos nominales,19048.047943916667
2011,07,Maule,depositos_vista,stock,millones de pesos nominales,21698.8408365
2012,07,Maule,depositos_vista,stock,millones de pesos nominales,27774.871597999998
2013,07,Maule,depositos_vista,stock,millones de pesos nominales,36041.03900616666
2014,07,Maule,depositos_vista,stock,millones de pesos nominales,45378.46933966666
2015,07,Maule,depositos_vista,stock,millones de pesos nominales,57665.32223941667
2016,07,Maule,depositos_vista,stock,millones de pesos nominales,73554.39744408334
2017,07,Maule,depositos_vista,stock,millones de pesos nominales,91554.14561166667
2018,07,Maule,depositos_vista,stock,millones de pesos nominales,116391.79628125
2019,07,Maule,depositos_vista,stock,millones de pesos nominales,141927.64062716666
2020,07,Maule,depositos_vista,stock,millones de pesos nominales,276764.6808774167
2021,07,Maule,depositos_vista,stock,millones de pesos nominales,502828.09919516667
2022,07,Maule,depositos_vista,stock,millones de pesos nominales,371075.9930914167
2023,07,Maule,depositos_vista,stock,millones de pesos nominales,301066.36798266665
2024,07,Maule,depositos_vista,stock,millones de pesos nominales,311208.99880166666
2025,07,Maule,depositos_vista,stock,millones de pesos nominales,324030.6678811667
2009,08,Biobío,depositos_vista,stock,millones de pesos nominales,31823.290260833335
2010,08,Biobío,depositos_vista,stock,millones de pesos nominales,48464.97522275001
2011,08,Biobío,depositos_vista,stock,millones de pesos nominales,55328.227821
2012,08,Biobío,depositos_vista,stock,millones de pesos nominales,67887.56285233334
2013,08,Biobío,depositos_vista,stock,millones de pesos nominales,86080.93975066667
2014,08,Biobío,depositos_vista,stock,millones de pesos nominales,106657.56901575
2015,08,Biobío,depositos_vista,stock,millones de pesos nominales,129602.08809125
2016,08,Biobío,depositos_vista,stock,millones de pesos nominales,159433.62484616667
2017,08,Biobío,depositos_vista,stock,millones de pesos nominales,193346.1897915
2018,08,Biobío,depositos_vista,stock,millones de pesos nominales,226712.94756749997
2019,08,Biobío,depositos_vista,stock,millones de pesos nominales,232989.8057935
2020,08,Biobío,depositos_vista,stock,millones de pesos nominales,454792.4717971667
2021,08,Biobío,depositos_vista,stock,millones de pesos nominales,819294.3093338334
2022,08,Biobío,depositos_vista,stock,millones de pesos nominales,610408.24390625
2023,08,Biobío,depositos_vista,stock,millones de pesos nominales,491364.4505390833
2024,08,Biobío,depositos_vista,stock,millones de pesos nominales,483677.26085958333
2025,08,Biobío,depositos_vista,stock,millones de pesos nominales,488435.9224035
2009,09,La Araucanía,depositos_vista,stock,millones de pesos nominales,14081.867257750002
2010,09,La Araucanía,depositos_vista,stock,millones de pesos nominales,20276.1975085
2011,09,La Araucanía,depositos_vista,stock,millones de pesos nominales,24019.658750333332
2012,09,La Araucanía,depositos_vista,stock,millones de pesos nominales,30004.693933666666
2013,09,La Araucanía,depositos_vista,stock,millones de pesos nominales,38224.654992083335
2014,09,La Araucanía,depositos_vista,stock,millones de pesos nominales,48406.02649125
2015,09,La Araucanía,depositos_vista,stock,millones de pesos nominales,61784.63982341666
2016,09,La Araucanía,depositos_vista,stock,millones de pesos nominales,76376.35147425
2017,09,La Araucanía,depositos_vista,stock,millones de pesos nominales,89845.41402833333
2018,09,La Araucanía,depositos_vista,stock,millones de pesos nominales,108245.35425108334
2019,09,La Araucanía,depositos_vista,stock,millones de pesos nominales,128950.09549908334
2020,09,La Araucanía,depositos_vista,stock,millones de pesos nominales,248780.32197425
2021,09,La Araucanía,depositos_vista,stock,millones de pesos nominales,439901.3828416667
2022,09,La Araucanía,depositos_vista,stock,millones de pesos nominales,332476.73290091666
2023,09,La Araucanía,depositos_vista,stock,millones de pesos nominales,266343.5574971667
2024,09,La Araucanía,depositos_vista,stock,millones de pesos nominales,266244.0622829167
2025,09,La Araucanía,depositos_vista,stock,millones de pesos nominales,273127.04627700004
2009,10,Los Lagos,depositos_vista,stock,millones de pesos nominales,16353.611639083334
2010,10,Los Lagos,depositos_vista,stock,millones de pesos nominales,20327.509030416666
2011,10,Los Lagos,depositos_vista,stock,millones de pesos nominales,24608.803954
2012,10,Los Lagos,depositos_vista,stock,millones de pesos nominales,31712.648998166667
2013,10,Los Lagos,depositos_vista,stock,millones de pesos nominales,39353.74047025
2014,10,Los Lagos,depositos_vista,stock,millones de pesos nominales,49820.84601175
2015,10,Los Lagos,depositos_vista,stock,millones de pesos nominales,61478.134025750005
2016,10,Los Lagos,depositos_vista,stock,millones de pesos nominales,73835.85323275
2017,10,Los Lagos,depositos_vista,stock,millones de pesos nominales,88165.11949883333
2018,10,Los Lagos,depositos_vista,stock,millones de pesos nominales,108486.99710808333
2019,10,Los Lagos,depositos_vista,stock,millones de pesos nominales,130007.07254816666
2020,10,Los Lagos,depositos_vista,stock,millones de pesos nominales,253203.48933100002
2021,10,Los Lagos,depositos_vista,stock,millones de pesos nominales,440525.04234875
2022,10,Los Lagos,depositos_vista,stock,millones de pesos nominales,344069.1225416667
2023,10,Los Lagos,depositos_vista,stock,millones de pesos nominales,284025.59413675003
2024,10,Los Lagos,depositos_vista,stock,millones de pesos nominales,281390.35075275
2025,10,Los Lagos,depositos_vista,stock,millones de pesos nominales,290421.24848041666
2009,11,Aysén,depositos_vista,stock,millones de pesos nominales,2851.8244213333332
2010,11,Aysén,depositos_vista,stock,millones de pesos nominales,3672.8157791666667
2011,11,Aysén,depositos_vista,stock,millones de pesos nominales,4329.258281916666
2012,11,Aysén,depositos_vista,stock,millones de pesos nominales,5334.582952666667
2013,11,Aysén,depositos_vista,stock,millones de pesos nominales,6465.944843416667
2014,11,Aysén,depositos_vista,stock,millones de pesos nominales,8019.336068416666
2015,11,Aysén,depositos_vista,stock,millones de pesos nominales,10184.265944916666
2016,11,Aysén,depositos_vista,stock,millones de pesos nominales,12216.630387333333
2017,11,Aysén,depositos_vista,stock,millones de pesos nominales,13856.483631333334
2018,11,Aysén,depositos_vista,stock,millones de pesos nominales,15974.524609666667
2019,11,Aysén,depositos_vista,stock,millones de pesos nominales,18419.436810916664
2020,11,Aysén,depositos_vista,stock,millones de pesos nominales,33565.34774533333
2021,11,Aysén,depositos_vista,stock,millones de pesos nominales,57251.41895983333
2022,11,Aysén,depositos_vista,stock,millones de pesos nominales,45217.26737525
2023,11,Aysén,depositos_vista,stock,millones de pesos nominales,38783.47778241667
2024,11,Aysén,depositos_vista,stock,millones de pesos nominales,38685.34261225
2025,11,Aysén,depositos_vista,stock,millones de pesos nominales,41954.396541166665
2009,12,Magallanes,depositos_vista,stock,millones de pesos nominales,5015.029804
2010,12,Magallanes,depositos_vista,stock,millones de pesos nominales,6602.37041925
2011,12,Magallanes,depositos_vista,stock,millones de pesos nominales,7757.871117916667
2012,12,Magallanes,depositos_vista,stock,millones de pesos nominales,9924.891384083334
2013,12,Magallanes,depositos_vista,stock,millones de pesos nominales,12379.586581833333
2014,12,Magallanes,depositos_vista,stock,millones de pesos nominales,15029.827160833333
2015,12,Magallanes,depositos_vista,stock,millones de pesos nominales,18411.655626
2016,12,Magallanes,depositos_vista,stock,millones de pesos nominales,21807.892587166665
2017,12,Magallanes,depositos_vista,stock,millones de pesos nominales,25411.29197266667
2018,12,Magallanes,depositos_vista,stock,millones de pesos nominales,31480.084044666666
2019,12,Magallanes,depositos_vista,stock,millones de pesos nominales,35258.05801916667
2020,12,Magallanes,depositos_vista,stock,millones de pesos nominales,64389.81097041666
2021,12,Magallanes,depositos_vista,stock,millones de pesos nominales,105123.53313191666
2022,12,Magallanes,depositos_vista,stock,millones de pesos nominales,79287.60239083333
2023,12,Magallanes,depositos_vista,stock,millones de pesos nominales,66910.85847516666
2024,12,Magallanes,depositos_vista,stock,millones de pesos nominales,67555.78972883333
2025,12,Magallanes,depositos_vista,stock,millones de pesos nominales,69833.06837416667
2009,13,Metropolitana de Santiago,depositos_vista,stock,millones de pesos nominales,271436.4615453333
2010,13,Metropolitana de Santiago,depositos_vista,stock,millones de pesos nominales,359897.6391508333
2011,13,Metropolitana de Santiago,depositos_vista,stock,millones de pesos nominales,420825.3884656667
2012,13,Metropolitana de Santiago,depositos_vista,stock,millones de pesos nominales,530405.8932676667
2013,13,Metropolitana de Santiago,depositos_vista,stock,millones de pesos nominales,649445.6988176666
2014,13,Metropolitana de Santiago,depositos_vista,stock,millones de pesos nominales,778305.9585075834
2015,13,Metropolitana de Santiago,depositos_vista,stock,millones de pesos nominales,921801.9762639166
2016,13,Metropolitana de Santiago,depositos_vista,stock,millones de pesos nominales,1077043.2667376667
2017,13,Metropolitana de Santiago,depositos_vista,stock,millones de pesos nominales,1267341.1806475
2018,13,Metropolitana de Santiago,depositos_vista,stock,millones de pesos nominales,1560724.98658375
2019,13,Metropolitana de Santiago,depositos_vista,stock,millones de pesos nominales,1800274.8783531666
2020,13,Metropolitana de Santiago,depositos_vista,stock,millones de pesos nominales,3332760.649670916
2021,13,Metropolitana de Santiago,depositos_vista,stock,millones de pesos nominales,5883819.8258675
2022,13,Metropolitana de Santiago,depositos_vista,stock,millones de pesos nominales,4616650.51513775
2023,13,Metropolitana de Santiago,depositos_vista,stock,millones de pesos nominales,3761001.417718083
2024,13,Metropolitana de Santiago,depositos_vista,stock,millones de pesos nominales,3875699.4148211665
2025,13,Metropolitana de Santiago,depositos_vista,stock,millones de pesos nominales,4166861.5452174996
2009,14,Los Ríos,depositos_vista,stock,millones de pesos nominales,6327.672583
2010,14,Los Ríos,depositos_vista,stock,millones de pesos nominales,8629.388096666667
2011,14,Los Ríos,depositos_vista,stock,millones de pesos nominales,10022.652262916667
2012,14,Los Ríos,depositos_vista,stock,millones de pesos nominales,12766.851296166666
2013,14,Los Ríos,depositos_vista,stock,millones de pesos nominales,15861.567430166666
2014,14,Los Ríos,depositos_vista,stock,millones de pesos nominales,19793.922266833335
2015,14,Los Ríos,depositos_vista,stock,millones de pesos nominales,24584.27341991667
2016,14,Los Ríos,depositos_vista,stock,millones de pesos nominales,30158.851355916664
2017,14,Los Ríos,depositos_vista,stock,millones de pesos nominales,35598.77284058333
2018,14,Los Ríos,depositos_vista,stock,millones de pesos nominales,44608.40397108334
2019,14,Los Ríos,depositos_vista,stock,millones de pesos nominales,54635.255067583326
2020,14,Los Ríos,depositos_vista,stock,millones de pesos nominales,101157.39124858333
2021,14,Los Ríos,depositos_vista,stock,millones de pesos nominales,176347.552903
2022,14,Los Ríos,depositos_vista,stock,millones de pesos nominales,134640.87098024998
2023,14,Los Ríos,depositos_vista,stock,millones de pesos nominales,108227.81065125001
2024,14,Los Ríos,depositos_vista,stock,millones de pesos nominales,106709.90774691668
2025,14,Los Ríos,depositos_vista,stock,millones de pesos nominales,112544.68130858334
2009,15,Arica y Parinacota,depositos_vista,stock,millones de pesos nominales,4443.638607583333
2010,15,Arica y Parinacota,depositos_vista,stock,millones de pesos nominales,6282.901199749999
2011,15,Arica y Parinacota,depositos_vista,stock,millones de pesos nominales,7642.567826416666
2012,15,Arica y Parinacota,depositos_vista,stock,millones de pesos nominales,9782.211353333334
2013,15,Arica y Parinacota,depositos_vista,stock,millones de pesos nominales,12252.0516285
2014,15,Arica y Parinacota,depositos_vista,stock,millones de pesos nominales,14832.277608916667
2015,15,Arica y Parinacota,depositos_vista,stock,millones de pesos nominales,18353.435960583334
2016,15,Arica y Parinacota,depositos_vista,stock,millones de pesos nominales,22405.542808916667
2017,15,Arica y Parinacota,depositos_vista,stock,millones de pesos nominales,26691.010595083335
2018,15,Arica y Parinacota,depositos_vista,stock,millones de pesos nominales,32568.124943916668
2019,15,Arica y Parinacota,depositos_vista,stock,millones de pesos nominales,39381.77590683333
2020,15,Arica y Parinacota,depositos_vista,stock,millones de pesos nominales,75955.76065066666
2021,15,Arica y Parinacota,depositos_vista,stock,millones de pesos nominales,129930.82223733334
2022,15,Arica y Parinacota,depositos_vista,stock,millones de pesos nominales,104207.11806733334
2023,15,Arica y Parinacota,depositos_vista,stock,millones de pesos nominales,86943.73602841666
2024,15,Arica y Parinacota,depositos_vista,stock,millones de pesos nominales,85349.38175991667
2025,15,Arica y Parinacota,depositos_vista,stock,millones de pesos nominales,86955.78020241666
2018,16,Ñuble,depositos_vista,stock,millones de pesos nominales,53292.956427
2019,16,Ñuble,depositos_vista,stock,millones de pesos nominales,62158.094694
2020,16,Ñuble,depositos_vista,stock,millones de pesos nominales,121572.26260716666
2021,16,Ñuble,depositos_vista,stock,millones de pesos nominales,221270.65644175
2022,16,Ñuble,depositos_vista,stock,millones de pesos nominales,172080.59911266665
2023,16,Ñuble,depositos_vista,stock,millones de pesos nominales,141463.89107508332
2024,16,Ñuble,depositos_vista,stock,millones de pesos nominales,141174.43801783334
2025,16,Ñuble,depositos_vista,stock,millones de pesos nominales,144878.17899958332
2009,01,Tarapacá,mora_comercial,tasa,% de la cartera comercial,2.5323295211904093
2010,01,Tarapacá,mora_comercial,tasa,% de la cartera comercial,2.1837368221801277
2011,01,Tarapacá,mora_comercial,tasa,% de la cartera comercial,2.0586424587650343
2012,01,Tarapacá,mora_comercial,tasa,% de la cartera comercial,1.6825289229692484
2013,01,Tarapacá,mora_comercial,tasa,% de la cartera comercial,1.3930776985307034
2014,01,Tarapacá,mora_comercial,tasa,% de la cartera comercial,1.454995783538935
2015,01,Tarapacá,mora_comercial,tasa,% de la cartera comercial,1.436594137743774
2016,01,Tarapacá,mora_comercial,tasa,% de la cartera comercial,1.3682463804267249
2017,01,Tarapacá,mora_comercial,tasa,% de la cartera comercial,1.710720324319176
2018,01,Tarapacá,mora_comercial,tasa,% de la cartera comercial,2.0246462115818415
2019,01,Tarapacá,mora_comercial,tasa,% de la cartera comercial,1.8442922054972666
2020,01,Tarapacá,mora_comercial,tasa,% de la cartera comercial,2.16579136855172
2021,01,Tarapacá,mora_comercial,tasa,% de la cartera comercial,2.6880587131805647
2022,01,Tarapacá,mora_comercial,tasa,% de la cartera comercial,3.258112175397539
2023,01,Tarapacá,mora_comercial,tasa,% de la cartera comercial,4.008002789242696
2024,01,Tarapacá,mora_comercial,tasa,% de la cartera comercial,4.136363783164556
2025,01,Tarapacá,mora_comercial,tasa,% de la cartera comercial,3.275844710552755
2009,02,Antofagasta,mora_comercial,tasa,% de la cartera comercial,4.02694419113402
2010,02,Antofagasta,mora_comercial,tasa,% de la cartera comercial,4.378639854968694
2011,02,Antofagasta,mora_comercial,tasa,% de la cartera comercial,3.4958368616047975
2012,02,Antofagasta,mora_comercial,tasa,% de la cartera comercial,4.234015241307676
2013,02,Antofagasta,mora_comercial,tasa,% de la cartera comercial,3.7563892657904465
2014,02,Antofagasta,mora_comercial,tasa,% de la cartera comercial,2.835532107082203
2015,02,Antofagasta,mora_comercial,tasa,% de la cartera comercial,3.1548516238833577
2016,02,Antofagasta,mora_comercial,tasa,% de la cartera comercial,2.5675753478468626
2017,02,Antofagasta,mora_comercial,tasa,% de la cartera comercial,3.217493581356365
2018,02,Antofagasta,mora_comercial,tasa,% de la cartera comercial,4.091149710478046
2019,02,Antofagasta,mora_comercial,tasa,% de la cartera comercial,4.593334037009626
2020,02,Antofagasta,mora_comercial,tasa,% de la cartera comercial,4.224353188909714
2021,02,Antofagasta,mora_comercial,tasa,% de la cartera comercial,3.932721587494285
2022,02,Antofagasta,mora_comercial,tasa,% de la cartera comercial,2.5623615777498627
2023,02,Antofagasta,mora_comercial,tasa,% de la cartera comercial,3.658407844939703
2024,02,Antofagasta,mora_comercial,tasa,% de la cartera comercial,3.9339651892584953
2025,02,Antofagasta,mora_comercial,tasa,% de la cartera comercial,3.39757705155362
2009,03,Atacama,mora_comercial,tasa,% de la cartera comercial,3.669650147441157
2010,03,Atacama,mora_comercial,tasa,% de la cartera comercial,3.4003128780955243
2011,03,Atacama,mora_comercial,tasa,% de la cartera comercial,3.300327144281644
2012,03,Atacama,mora_comercial,tasa,% de la cartera comercial,3.152698159436835
2013,03,Atacama,mora_comercial,tasa,% de la cartera comercial,4.657911309320492
2014,03,Atacama,mora_comercial,tasa,% de la cartera comercial,4.535617823397863
2015,03,Atacama,mora_comercial,tasa,% de la cartera comercial,4.6763375402163705
2016,03,Atacama,mora_comercial,tasa,% de la cartera comercial,4.2038566382999205
2017,03,Atacama,mora_comercial,tasa,% de la cartera comercial,5.085411046931424
2018,03,Atacama,mora_comercial,tasa,% de la cartera comercial,7.892265010113506
2019,03,Atacama,mora_comercial,tasa,% de la cartera comercial,7.315620543039824
2020,03,Atacama,mora_comercial,tasa,% de la cartera comercial,6.226503120344483
2021,03,Atacama,mora_comercial,tasa,% de la cartera comercial,3.154281859203962
2022,03,Atacama,mora_comercial,tasa,% de la cartera comercial,1.8337494406276875
2023,03,Atacama,mora_comercial,tasa,% de la cartera comercial,2.7944345768627805
2024,03,Atacama,mora_comercial,tasa,% de la cartera comercial,3.507771635227971
2025,03,Atacama,mora_comercial,tasa,% de la cartera comercial,2.4820326524426943
2009,04,Coquimbo,mora_comercial,tasa,% de la cartera comercial,3.3629686161936174
2010,04,Coquimbo,mora_comercial,tasa,% de la cartera comercial,3.922426418498787
2011,04,Coquimbo,mora_comercial,tasa,% de la cartera comercial,3.551395859356475
2012,04,Coquimbo,mora_comercial,tasa,% de la cartera comercial,3.6290849290667855
2013,04,Coquimbo,mora_comercial,tasa,% de la cartera comercial,2.923388482464541
2014,04,Coquimbo,mora_comercial,tasa,% de la cartera comercial,3.1573770768277
2015,04,Coquimbo,mora_comercial,tasa,% de la cartera comercial,3.538525745321174
2016,04,Coquimbo,mora_comercial,tasa,% de la cartera comercial,4.169271210784857
2017,04,Coquimbo,mora_comercial,tasa,% de la cartera comercial,5.2120979958147595
2018,04,Coquimbo,mora_comercial,tasa,% de la cartera comercial,5.426620888832754
2019,04,Coquimbo,mora_comercial,tasa,% de la cartera comercial,5.417758361324885
2020,04,Coquimbo,mora_comercial,tasa,% de la cartera comercial,4.616941230925707
2021,04,Coquimbo,mora_comercial,tasa,% de la cartera comercial,3.442223946081906
2022,04,Coquimbo,mora_comercial,tasa,% de la cartera comercial,2.8056380836678563
2023,04,Coquimbo,mora_comercial,tasa,% de la cartera comercial,4.298746571082097
2024,04,Coquimbo,mora_comercial,tasa,% de la cartera comercial,6.256815262898493
2025,04,Coquimbo,mora_comercial,tasa,% de la cartera comercial,6.257246798717084
2009,05,Valparaíso,mora_comercial,tasa,% de la cartera comercial,2.9366663908683397
2010,05,Valparaíso,mora_comercial,tasa,% de la cartera comercial,3.2476247756561585
2011,05,Valparaíso,mora_comercial,tasa,% de la cartera comercial,3.2769837569607954
2012,05,Valparaíso,mora_comercial,tasa,% de la cartera comercial,3.2586859268794086
2013,05,Valparaíso,mora_comercial,tasa,% de la cartera comercial,3.3368837741394373
2014,05,Valparaíso,mora_comercial,tasa,% de la cartera comercial,2.6222766097534658
2015,05,Valparaíso,mora_comercial,tasa,% de la cartera comercial,2.4925541455622557
2016,05,Valparaíso,mora_comercial,tasa,% de la cartera comercial,2.431881100846547
2017,05,Valparaíso,mora_comercial,tasa,% de la cartera comercial,2.6852395618164167
2018,05,Valparaíso,mora_comercial,tasa,% de la cartera comercial,2.5966861236998375
2019,05,Valparaíso,mora_comercial,tasa,% de la cartera comercial,2.4896747984213685
2020,05,Valparaíso,mora_comercial,tasa,% de la cartera comercial,2.226117096112348
2021,05,Valparaíso,mora_comercial,tasa,% de la cartera comercial,1.6511299563715849
2022,05,Valparaíso,mora_comercial,tasa,% de la cartera comercial,1.4446692000329984
2023,05,Valparaíso,mora_comercial,tasa,% de la cartera comercial,1.998660356086275
2024,05,Valparaíso,mora_comercial,tasa,% de la cartera comercial,2.5397379060655205
2025,05,Valparaíso,mora_comercial,tasa,% de la cartera comercial,2.5646819546620274
2009,06,O'Higgins,mora_comercial,tasa,% de la cartera comercial,3.0469646037341103
2010,06,O'Higgins,mora_comercial,tasa,% de la cartera comercial,3.3336462087337755
2011,06,O'Higgins,mora_comercial,tasa,% de la cartera comercial,3.1999277859763366
2012,06,O'Higgins,mora_comercial,tasa,% de la cartera comercial,2.639199882358042
2013,06,O'Higgins,mora_comercial,tasa,% de la cartera comercial,2.375616148711632
2014,06,O'Higgins,mora_comercial,tasa,% de la cartera comercial,2.2301515093763484
2015,06,O'Higgins,mora_comercial,tasa,% de la cartera comercial,2.1960208323999093
2016,06,O'Higgins,mora_comercial,tasa,% de la cartera comercial,2.270110795297085
2017,06,O'Higgins,mora_comercial,tasa,% de la cartera comercial,2.2598550479505524
2018,06,O'Higgins,mora_comercial,tasa,% de la cartera comercial,2.1430046328175476
2019,06,O'Higgins,mora_comercial,tasa,% de la cartera comercial,2.822424587367268
2020,06,O'Higgins,mora_comercial,tasa,% de la cartera comercial,2.4509820263209776
2021,06,O'Higgins,mora_comercial,tasa,% de la cartera comercial,1.5137679870845975
2022,06,O'Higgins,mora_comercial,tasa,% de la cartera comercial,1.68612142057321
2023,06,O'Higgins,mora_comercial,tasa,% de la cartera comercial,2.2417660337059817
2024,06,O'Higgins,mora_comercial,tasa,% de la cartera comercial,3.05304957819621
2025,06,O'Higgins,mora_comercial,tasa,% de la cartera comercial,3.382369559730671
2009,07,Maule,mora_comercial,tasa,% de la cartera comercial,2.453175081608086
2010,07,Maule,mora_comercial,tasa,% de la cartera comercial,3.022638420985309
2011,07,Maule,mora_comercial,tasa,% de la cartera comercial,2.9333166464267912
2012,07,Maule,mora_comercial,tasa,% de la cartera comercial,3.419071730562944
2013,07,Maule,mora_comercial,tasa,% de la cartera comercial,3.143634271075385
2014,07,Maule,mora_comercial,tasa,% de la cartera comercial,2.3802342624793007
2015,07,Maule,mora_comercial,tasa,% de la cartera comercial,2.5863405089160407
2016,07,Maule,mora_comercial,tasa,% de la cartera comercial,2.6384417906583315
2017,07,Maule,mora_comercial,tasa,% de la cartera comercial,2.7599828068084604
2018,07,Maule,mora_comercial,tasa,% de la cartera comercial,2.6919687845683016
2019,07,Maule,mora_comercial,tasa,% de la cartera comercial,2.6473085558583125
2020,07,Maule,mora_comercial,tasa,% de la cartera comercial,2.28965008793967
2021,07,Maule,mora_comercial,tasa,% de la cartera comercial,1.7640948534588892
2022,07,Maule,mora_comercial,tasa,% de la cartera comercial,1.4525358013063243
2023,07,Maule,mora_comercial,tasa,% de la cartera comercial,1.99614949798075
2024,07,Maule,mora_comercial,tasa,% de la cartera comercial,2.0701669543293884
2025,07,Maule,mora_comercial,tasa,% de la cartera comercial,2.075250329380186
2009,08,Biobío,mora_comercial,tasa,% de la cartera comercial,3.2066349598843993
2010,08,Biobío,mora_comercial,tasa,% de la cartera comercial,3.7999950755438587
2011,08,Biobío,mora_comercial,tasa,% de la cartera comercial,3.255761680081014
2012,08,Biobío,mora_comercial,tasa,% de la cartera comercial,2.9371054638417857
2013,08,Biobío,mora_comercial,tasa,% de la cartera comercial,3.0250104333085552
2014,08,Biobío,mora_comercial,tasa,% de la cartera comercial,3.4219649476887075
2015,08,Biobío,mora_comercial,tasa,% de la cartera comercial,3.0325757245475615
2016,08,Biobío,mora_comercial,tasa,% de la cartera comercial,2.4806944951503374
2017,08,Biobío,mora_comercial,tasa,% de la cartera comercial,2.8569184992271155
2018,08,Biobío,mora_comercial,tasa,% de la cartera comercial,3.0363163154657116
2019,08,Biobío,mora_comercial,tasa,% de la cartera comercial,2.685521586853221
2020,08,Biobío,mora_comercial,tasa,% de la cartera comercial,2.085853249609689
2021,08,Biobío,mora_comercial,tasa,% de la cartera comercial,1.8915234356676383
2022,08,Biobío,mora_comercial,tasa,% de la cartera comercial,1.9154506711014925
2023,08,Biobío,mora_comercial,tasa,% de la cartera comercial,2.428530164864291
2024,08,Biobío,mora_comercial,tasa,% de la cartera comercial,2.513208706059051
2025,08,Biobío,mora_comercial,tasa,% de la cartera comercial,1.9601280226635467
2009,09,La Araucanía,mora_comercial,tasa,% de la cartera comercial,2.9354239238707938
2010,09,La Araucanía,mora_comercial,tasa,% de la cartera comercial,3.466034704293154
2011,09,La Araucanía,mora_comercial,tasa,% de la cartera comercial,3.671024760710662
2012,09,La Araucanía,mora_comercial,tasa,% de la cartera comercial,2.494522285618239
2013,09,La Araucanía,mora_comercial,tasa,% de la cartera comercial,2.375484832833655
2014,09,La Araucanía,mora_comercial,tasa,% de la cartera comercial,2.600761554945794
2015,09,La Araucanía,mora_comercial,tasa,% de la cartera comercial,2.719746188824665
2016,09,La Araucanía,mora_comercial,tasa,% de la cartera comercial,2.557980421425841
2017,09,La Araucanía,mora_comercial,tasa,% de la cartera comercial,2.5339662889919166
2018,09,La Araucanía,mora_comercial,tasa,% de la cartera comercial,2.7314658671383754
2019,09,La Araucanía,mora_comercial,tasa,% de la cartera comercial,3.3365124554116883
2020,09,La Araucanía,mora_comercial,tasa,% de la cartera comercial,3.5382072461003893
2021,09,La Araucanía,mora_comercial,tasa,% de la cartera comercial,2.3853655100860234
2022,09,La Araucanía,mora_comercial,tasa,% de la cartera comercial,1.7182501378657218
2023,09,La Araucanía,mora_comercial,tasa,% de la cartera comercial,2.6246017633976826
2024,09,La Araucanía,mora_comercial,tasa,% de la cartera comercial,2.840480672639476
2025,09,La Araucanía,mora_comercial,tasa,% de la cartera comercial,2.6530729741273684
2009,10,Los Lagos,mora_comercial,tasa,% de la cartera comercial,3.234429819286577
2010,10,Los Lagos,mora_comercial,tasa,% de la cartera comercial,3.9909074464898526
2011,10,Los Lagos,mora_comercial,tasa,% de la cartera comercial,4.06396416363251
2012,10,Los Lagos,mora_comercial,tasa,% de la cartera comercial,5.1181285648641
2013,10,Los Lagos,mora_comercial,tasa,% de la cartera comercial,4.6703839180079445
2014,10,Los Lagos,mora_comercial,tasa,% de la cartera comercial,3.0724715585271443
2015,10,Los Lagos,mora_comercial,tasa,% de la cartera comercial,2.169145529195395
2016,10,Los Lagos,mora_comercial,tasa,% de la cartera comercial,1.8550688813824516
2017,10,Los Lagos,mora_comercial,tasa,% de la cartera comercial,1.826084258645231
2018,10,Los Lagos,mora_comercial,tasa,% de la cartera comercial,1.8225684291691502
2019,10,Los Lagos,mora_comercial,tasa,% de la cartera comercial,1.7418622484912707
2020,10,Los Lagos,mora_comercial,tasa,% de la cartera comercial,1.499435214126799
2021,10,Los Lagos,mora_comercial,tasa,% de la cartera comercial,1.0749885985319436
2022,10,Los Lagos,mora_comercial,tasa,% de la cartera comercial,1.126660307309843
2023,10,Los Lagos,mora_comercial,tasa,% de la cartera comercial,1.7897329993611015
2024,10,Los Lagos,mora_comercial,tasa,% de la cartera comercial,2.2865643199832775
2025,10,Los Lagos,mora_comercial,tasa,% de la cartera comercial,1.990195652015795
2009,11,Aysén,mora_comercial,tasa,% de la cartera comercial,1.7550702436221057
2010,11,Aysén,mora_comercial,tasa,% de la cartera comercial,2.4066816982473145
2011,11,Aysén,mora_comercial,tasa,% de la cartera comercial,2.3293163518186124
2012,11,Aysén,mora_comercial,tasa,% de la cartera comercial,2.453923933484539
2013,11,Aysén,mora_comercial,tasa,% de la cartera comercial,2.6070035350109384
2014,11,Aysén,mora_comercial,tasa,% de la cartera comercial,2.0373475479359775
2015,11,Aysén,mora_comercial,tasa,% de la cartera comercial,0.9894461033536838
2016,11,Aysén,mora_comercial,tasa,% de la cartera comercial,1.1331602141930597
2017,11,Aysén,mora_comercial,tasa,% de la cartera comercial,1.3291940253486325
2018,11,Aysén,mora_comercial,tasa,% de la cartera comercial,1.3419894932871663
2019,11,Aysén,mora_comercial,tasa,% de la cartera comercial,1.62886879103368
2020,11,Aysén,mora_comercial,tasa,% de la cartera comercial,1.4492705624762667
2021,11,Aysén,mora_comercial,tasa,% de la cartera comercial,0.7160124918110391
2022,11,Aysén,mora_comercial,tasa,% de la cartera comercial,0.4098338789534166
2023,11,Aysén,mora_comercial,tasa,% de la cartera comercial,1.8202449395275455
2024,11,Aysén,mora_comercial,tasa,% de la cartera comercial,2.62538986568917
2025,11,Aysén,mora_comercial,tasa,% de la cartera comercial,1.9046371151854657
2009,12,Magallanes,mora_comercial,tasa,% de la cartera comercial,2.0653756753350416
2010,12,Magallanes,mora_comercial,tasa,% de la cartera comercial,2.492747312371395
2011,12,Magallanes,mora_comercial,tasa,% de la cartera comercial,2.092382115265192
2012,12,Magallanes,mora_comercial,tasa,% de la cartera comercial,1.6997036705388375
2013,12,Magallanes,mora_comercial,tasa,% de la cartera comercial,1.7340457099845
2014,12,Magallanes,mora_comercial,tasa,% de la cartera comercial,1.6694807244242191
2015,12,Magallanes,mora_comercial,tasa,% de la cartera comercial,1.7809917500036632
2016,12,Magallanes,mora_comercial,tasa,% de la cartera comercial,1.431467775607235
2017,12,Magallanes,mora_comercial,tasa,% de la cartera comercial,1.7211723585882623
2018,12,Magallanes,mora_comercial,tasa,% de la cartera comercial,1.4397185881784573
2019,12,Magallanes,mora_comercial,tasa,% de la cartera comercial,1.1050866283152128
2020,12,Magallanes,mora_comercial,tasa,% de la cartera comercial,0.8962860011068566
2021,12,Magallanes,mora_comercial,tasa,% de la cartera comercial,0.7214212609367205
2022,12,Magallanes,mora_comercial,tasa,% de la cartera comercial,0.7739271916165328
2023,12,Magallanes,mora_comercial,tasa,% de la cartera comercial,1.2276782028730002
2024,12,Magallanes,mora_comercial,tasa,% de la cartera comercial,2.16222725220176
2025,12,Magallanes,mora_comercial,tasa,% de la cartera comercial,2.0673648691893702
2009,13,Metropolitana de Santiago,mora_comercial,tasa,% de la cartera comercial,1.1376949207020675
2010,13,Metropolitana de Santiago,mora_comercial,tasa,% de la cartera comercial,1.2310535979621726
2011,13,Metropolitana de Santiago,mora_comercial,tasa,% de la cartera comercial,1.1003183737257591
2012,13,Metropolitana de Santiago,mora_comercial,tasa,% de la cartera comercial,1.076811325847986
2013,13,Metropolitana de Santiago,mora_comercial,tasa,% de la cartera comercial,1.1559129127558168
2014,13,Metropolitana de Santiago,mora_comercial,tasa,% de la cartera comercial,1.2424460542118383
2015,13,Metropolitana de Santiago,mora_comercial,tasa,% de la cartera comercial,1.1633892839980267
2016,13,Metropolitana de Santiago,mora_comercial,tasa,% de la cartera comercial,1.0367475937386001
2017,13,Metropolitana de Santiago,mora_comercial,tasa,% de la cartera comercial,1.0460937081102148
2018,13,Metropolitana de Santiago,mora_comercial,tasa,% de la cartera comercial,1.1007801890516775
2019,13,Metropolitana de Santiago,mora_comercial,tasa,% de la cartera comercial,1.1421342786598034
2020,13,Metropolitana de Santiago,mora_comercial,tasa,% de la cartera comercial,1.21049727277408
2021,13,Metropolitana de Santiago,mora_comercial,tasa,% de la cartera comercial,1.3386220383580925
2022,13,Metropolitana de Santiago,mora_comercial,tasa,% de la cartera comercial,1.1575177108963326
2023,13,Metropolitana de Santiago,mora_comercial,tasa,% de la cartera comercial,1.39159873585999
2024,13,Metropolitana de Santiago,mora_comercial,tasa,% de la cartera comercial,1.653096762008971
2025,13,Metropolitana de Santiago,mora_comercial,tasa,% de la cartera comercial,1.700743682827971
2009,14,Los Ríos,mora_comercial,tasa,% de la cartera comercial,3.5776883529190013
2010,14,Los Ríos,mora_comercial,tasa,% de la cartera comercial,3.7029889441782413
2011,14,Los Ríos,mora_comercial,tasa,% de la cartera comercial,3.070858106137121
2012,14,Los Ríos,mora_comercial,tasa,% de la cartera comercial,2.4652560230061744
2013,14,Los Ríos,mora_comercial,tasa,% de la cartera comercial,2.2096155995787266
2014,14,Los Ríos,mora_comercial,tasa,% de la cartera comercial,1.8492354962438633
2015,14,Los Ríos,mora_comercial,tasa,% de la cartera comercial,1.3758203773379067
2016,14,Los Ríos,mora_comercial,tasa,% de la cartera comercial,1.1149819716233758
2017,14,Los Ríos,mora_comercial,tasa,% de la cartera comercial,1.2712844310026516
2018,14,Los Ríos,mora_comercial,tasa,% de la cartera comercial,1.7461339582021698
2019,14,Los Ríos,mora_comercial,tasa,% de la cartera comercial,1.9327558854636535
2020,14,Los Ríos,mora_comercial,tasa,% de la cartera comercial,1.76184577135084
2021,14,Los Ríos,mora_comercial,tasa,% de la cartera comercial,1.4154332746500866
2022,14,Los Ríos,mora_comercial,tasa,% de la cartera comercial,2.0506035945561076
2023,14,Los Ríos,mora_comercial,tasa,% de la cartera comercial,2.4928784544522316
2024,14,Los Ríos,mora_comercial,tasa,% de la cartera comercial,2.386226667380109
2025,14,Los Ríos,mora_comercial,tasa,% de la cartera comercial,2.0541064505746642
2009,15,Arica y Parinacota,mora_comercial,tasa,% de la cartera comercial,5.555994486935749
2010,15,Arica y Parinacota,mora_comercial,tasa,% de la cartera comercial,5.057518733454627
2011,15,Arica y Parinacota,mora_comercial,tasa,% de la cartera comercial,4.413247196240218
2012,15,Arica y Parinacota,mora_comercial,tasa,% de la cartera comercial,4.21409609547931
2013,15,Arica y Parinacota,mora_comercial,tasa,% de la cartera comercial,6.254656300266833
2014,15,Arica y Parinacota,mora_comercial,tasa,% de la cartera comercial,8.979757038346985
2015,15,Arica y Parinacota,mora_comercial,tasa,% de la cartera comercial,8.011509986022292
2016,15,Arica y Parinacota,mora_comercial,tasa,% de la cartera comercial,5.575391113876608
2017,15,Arica y Parinacota,mora_comercial,tasa,% de la cartera comercial,4.538483185154695
2018,15,Arica y Parinacota,mora_comercial,tasa,% de la cartera comercial,3.2029061777518657
2019,15,Arica y Parinacota,mora_comercial,tasa,% de la cartera comercial,3.2491005265731228
2020,15,Arica y Parinacota,mora_comercial,tasa,% de la cartera comercial,3.350356883091949
2021,15,Arica y Parinacota,mora_comercial,tasa,% de la cartera comercial,1.873582431982335
2022,15,Arica y Parinacota,mora_comercial,tasa,% de la cartera comercial,2.2096692738174197
2023,15,Arica y Parinacota,mora_comercial,tasa,% de la cartera comercial,3.345636591815524
2024,15,Arica y Parinacota,mora_comercial,tasa,% de la cartera comercial,3.552235584858705
2025,15,Arica y Parinacota,mora_comercial,tasa,% de la cartera comercial,3.4859027478478004
2018,16,Ñuble,mora_comercial,tasa,% de la cartera comercial,2.57216645352101
2019,16,Ñuble,mora_comercial,tasa,% de la cartera comercial,2.5289005616760343
2020,16,Ñuble,mora_comercial,tasa,% de la cartera comercial,2.5215598378142166
2021,16,Ñuble,mora_comercial,tasa,% de la cartera comercial,1.700896763458801
2022,16,Ñuble,mora_comercial,tasa,% de la cartera comercial,1.433748986828044
2023,16,Ñuble,mora_comercial,tasa,% de la cartera comercial,1.9349133826314706
2024,16,Ñuble,mora_comercial,tasa,% de la cartera comercial,2.745676628218852
2025,16,Ñuble,mora_comercial,tasa,% de la cartera comercial,2.5699975064761476
2009,01,Tarapacá,mora_consumo,tasa,% de la cartera de consumo,2.0070622766780275
2010,01,Tarapacá,mora_consumo,tasa,% de la cartera de consumo,1.5704402311539107
2011,01,Tarapacá,mora_consumo,tasa,% de la cartera de consumo,1.463932604840199
2012,01,Tarapacá,mora_consumo,tasa,% de la cartera de consumo,1.463301280199239
2013,01,Tarapacá,mora_consumo,tasa,% de la cartera de consumo,1.540773363560499
2014,01,Tarapacá,mora_consumo,tasa,% de la cartera de consumo,1.7168159274212325
2015,01,Tarapacá,mora_consumo,tasa,% de la cartera de consumo,1.8373868147829275
2016,01,Tarapacá,mora_consumo,tasa,% de la cartera de consumo,2.0291680007973167
2017,01,Tarapacá,mora_consumo,tasa,% de la cartera de consumo,2.4690248305683267
2018,01,Tarapacá,mora_consumo,tasa,% de la cartera de consumo,2.5409551488661974
2019,01,Tarapacá,mora_consumo,tasa,% de la cartera de consumo,2.7038618277794284
2020,01,Tarapacá,mora_consumo,tasa,% de la cartera de consumo,2.8881335786184703
2021,01,Tarapacá,mora_consumo,tasa,% de la cartera de consumo,1.8769146206283216
2022,01,Tarapacá,mora_consumo,tasa,% de la cartera de consumo,1.1651536922289658
2023,01,Tarapacá,mora_consumo,tasa,% de la cartera de consumo,1.73311506963167
2024,01,Tarapacá,mora_consumo,tasa,% de la cartera de consumo,2.1495385317123565
2025,01,Tarapacá,mora_consumo,tasa,% de la cartera de consumo,1.4979214296117906
2009,02,Antofagasta,mora_consumo,tasa,% de la cartera de consumo,1.3131008241691675
2010,02,Antofagasta,mora_consumo,tasa,% de la cartera de consumo,1.9224667772774933
2011,02,Antofagasta,mora_consumo,tasa,% de la cartera de consumo,1.826842138376011
2012,02,Antofagasta,mora_consumo,tasa,% de la cartera de consumo,1.6584459390258768
2013,02,Antofagasta,mora_consumo,tasa,% de la cartera de consumo,1.5431365510066335
2014,02,Antofagasta,mora_consumo,tasa,% de la cartera de consumo,1.9478274641598132
2015,02,Antofagasta,mora_consumo,tasa,% de la cartera de consumo,1.7445211539366843
2016,02,Antofagasta,mora_consumo,tasa,% de la cartera de consumo,1.7522024639993357
2017,02,Antofagasta,mora_consumo,tasa,% de la cartera de consumo,2.167850359973045
2018,02,Antofagasta,mora_consumo,tasa,% de la cartera de consumo,2.290391865976917
2019,02,Antofagasta,mora_consumo,tasa,% de la cartera de consumo,2.618438912807138
2020,02,Antofagasta,mora_consumo,tasa,% de la cartera de consumo,3.3855455047111302
2021,02,Antofagasta,mora_consumo,tasa,% de la cartera de consumo,2.451642695926426
2022,02,Antofagasta,mora_consumo,tasa,% de la cartera de consumo,1.566199085644609
2023,02,Antofagasta,mora_consumo,tasa,% de la cartera de consumo,1.8746738582140017
2024,02,Antofagasta,mora_consumo,tasa,% de la cartera de consumo,2.1482805067426467
2025,02,Antofagasta,mora_consumo,tasa,% de la cartera de consumo,1.6152144934845867
2009,03,Atacama,mora_consumo,tasa,% de la cartera de consumo,1.4562001149846548
2010,03,Atacama,mora_consumo,tasa,% de la cartera de consumo,1.9624047922086776
2011,03,Atacama,mora_consumo,tasa,% de la cartera de consumo,1.84549624603898
2012,03,Atacama,mora_consumo,tasa,% de la cartera de consumo,1.5917908546104342
2013,03,Atacama,mora_consumo,tasa,% de la cartera de consumo,1.528264232770085
2014,03,Atacama,mora_consumo,tasa,% de la cartera de consumo,1.4963053694670707
2015,03,Atacama,mora_consumo,tasa,% de la cartera de consumo,1.4023742282817209
2016,03,Atacama,mora_consumo,tasa,% de la cartera de consumo,1.52898171982422
2017,03,Atacama,mora_consumo,tasa,% de la cartera de consumo,1.67669200970007
2018,03,Atacama,mora_consumo,tasa,% de la cartera de consumo,1.6515853028324374
2019,03,Atacama,mora_consumo,tasa,% de la cartera de consumo,1.698810571889985
2020,03,Atacama,mora_consumo,tasa,% de la cartera de consumo,2.00404570655645
2021,03,Atacama,mora_consumo,tasa,% de la cartera de consumo,1.3365945725401558
2022,03,Atacama,mora_consumo,tasa,% de la cartera de consumo,1.0072240043027558
2023,03,Atacama,mora_consumo,tasa,% de la cartera de consumo,1.562724340510086
2024,03,Atacama,mora_consumo,tasa,% de la cartera de consumo,1.8122742830251244
2025,03,Atacama,mora_consumo,tasa,% de la cartera de consumo,1.3961004212849584
2009,04,Coquimbo,mora_consumo,tasa,% de la cartera de consumo,1.6073403241499484
2010,04,Coquimbo,mora_consumo,tasa,% de la cartera de consumo,2.0524320169150725
2011,04,Coquimbo,mora_consumo,tasa,% de la cartera de consumo,1.7194589683220158
2012,04,Coquimbo,mora_consumo,tasa,% de la cartera de consumo,1.453434735159714
2013,04,Coquimbo,mora_consumo,tasa,% de la cartera de consumo,1.4064326211366618
2014,04,Coquimbo,mora_consumo,tasa,% de la cartera de consumo,1.2682878552481267
2015,04,Coquimbo,mora_consumo,tasa,% de la cartera de consumo,1.2948410899591807
2016,04,Coquimbo,mora_consumo,tasa,% de la cartera de consumo,1.3881172792278924
2017,04,Coquimbo,mora_consumo,tasa,% de la cartera de consumo,1.5137073468222315
2018,04,Coquimbo,mora_consumo,tasa,% de la cartera de consumo,1.6514202639607591
2019,04,Coquimbo,mora_consumo,tasa,% de la cartera de consumo,1.9372836510482359
2020,04,Coquimbo,mora_consumo,tasa,% de la cartera de consumo,2.5525528231294765
2021,04,Coquimbo,mora_consumo,tasa,% de la cartera de consumo,1.9583201820992482
2022,04,Coquimbo,mora_consumo,tasa,% de la cartera de consumo,1.5001128336786909
2023,04,Coquimbo,mora_consumo,tasa,% de la cartera de consumo,1.9147721015290042
2024,04,Coquimbo,mora_consumo,tasa,% de la cartera de consumo,2.161050481956963
2025,04,Coquimbo,mora_consumo,tasa,% de la cartera de consumo,1.732316953422684
2009,05,Valparaíso,mora_consumo,tasa,% de la cartera de consumo,1.5275460049085956
2010,05,Valparaíso,mora_consumo,tasa,% de la cartera de consumo,1.8836466148100266
2011,05,Valparaíso,mora_consumo,tasa,% de la cartera de consumo,1.6627698544517517
2012,05,Valparaíso,mora_consumo,tasa,% de la cartera de consumo,1.4930891373341602
2013,05,Valparaíso,mora_consumo,tasa,% de la cartera de consumo,1.494321621810471
2014,05,Valparaíso,mora_consumo,tasa,% de la cartera de consumo,1.4609200734729824
2015,05,Valparaíso,mora_consumo,tasa,% de la cartera de consumo,1.3647209707322876
2016,05,Valparaíso,mora_consumo,tasa,% de la cartera de consumo,1.2436740143064684
2017,05,Valparaíso,mora_consumo,tasa,% de la cartera de consumo,1.3664272395271742
2018,05,Valparaíso,mora_consumo,tasa,% de la cartera de consumo,1.4064240030156858
2019,05,Valparaíso,mora_consumo,tasa,% de la cartera de consumo,1.7110882752003873
2020,05,Valparaíso,mora_consumo,tasa,% de la cartera de consumo,2.1298996638797183
2021,05,Valparaíso,mora_consumo,tasa,% de la cartera de consumo,1.7842468255049957
2022,05,Valparaíso,mora_consumo,tasa,% de la cartera de consumo,1.3376948879625241
2023,05,Valparaíso,mora_consumo,tasa,% de la cartera de consumo,1.5519487778071877
2024,05,Valparaíso,mora_consumo,tasa,% de la cartera de consumo,1.8255736847842758
2025,05,Valparaíso,mora_consumo,tasa,% de la cartera de consumo,1.3725873864145735
2009,06,O'Higgins,mora_consumo,tasa,% de la cartera de consumo,1.4117208550901907
2010,06,O'Higgins,mora_consumo,tasa,% de la cartera de consumo,1.4419388996420535
2011,06,O'Higgins,mora_consumo,tasa,% de la cartera de consumo,1.3335182512081982
2012,06,O'Higgins,mora_consumo,tasa,% de la cartera de consumo,1.2417270290477616
2013,06,O'Higgins,mora_consumo,tasa,% de la cartera de consumo,1.3745433436685859
2014,06,O'Higgins,mora_consumo,tasa,% de la cartera de consumo,1.3122309363787032
2015,06,O'Higgins,mora_consumo,tasa,% de la cartera de consumo,1.2274770608112067
2016,06,O'Higgins,mora_consumo,tasa,% de la cartera de consumo,1.23723453500813
2017,06,O'Higgins,mora_consumo,tasa,% de la cartera de consumo,1.40061964391752
2018,06,O'Higgins,mora_consumo,tasa,% de la cartera de consumo,1.4468860287877658
2019,06,O'Higgins,mora_consumo,tasa,% de la cartera de consumo,1.6872370387857016
2020,06,O'Higgins,mora_consumo,tasa,% de la cartera de consumo,2.162965260925523
2021,06,O'Higgins,mora_consumo,tasa,% de la cartera de consumo,1.8791582291117266
2022,06,O'Higgins,mora_consumo,tasa,% de la cartera de consumo,1.5083096883906977
2023,06,O'Higgins,mora_consumo,tasa,% de la cartera de consumo,1.8100249119153327
2024,06,O'Higgins,mora_consumo,tasa,% de la cartera de consumo,2.0252917356661926
2025,06,O'Higgins,mora_consumo,tasa,% de la cartera de consumo,1.5764342963365892
2009,07,Maule,mora_consumo,tasa,% de la cartera de consumo,1.2453752054472575
2010,07,Maule,mora_consumo,tasa,% de la cartera de consumo,1.5461303866573377
2011,07,Maule,mora_consumo,tasa,% de la cartera de consumo,1.4557816605722274
2012,07,Maule,mora_consumo,tasa,% de la cartera de consumo,1.3364205727122627
2013,07,Maule,mora_consumo,tasa,% de la cartera de consumo,1.3730037243013633
2014,07,Maule,mora_consumo,tasa,% de la cartera de consumo,1.2241814832234776
2015,07,Maule,mora_consumo,tasa,% de la cartera de consumo,1.30480522163626
2016,07,Maule,mora_consumo,tasa,% de la cartera de consumo,1.2191303919103609
2017,07,Maule,mora_consumo,tasa,% de la cartera de consumo,1.2952410636219658
2018,07,Maule,mora_consumo,tasa,% de la cartera de consumo,1.292798147887645
2019,07,Maule,mora_consumo,tasa,% de la cartera de consumo,1.6193664017409632
2020,07,Maule,mora_consumo,tasa,% de la cartera de consumo,2.0155654081048824
2021,07,Maule,mora_consumo,tasa,% de la cartera de consumo,1.7586846084249375
2022,07,Maule,mora_consumo,tasa,% de la cartera de consumo,1.4751411819313434
2023,07,Maule,mora_consumo,tasa,% de la cartera de consumo,1.8695903672329308
2024,07,Maule,mora_consumo,tasa,% de la cartera de consumo,2.1213226520383817
2025,07,Maule,mora_consumo,tasa,% de la cartera de consumo,1.6098183659756333
2009,08,Biobío,mora_consumo,tasa,% de la cartera de consumo,1.3977752389016824
2010,08,Biobío,mora_consumo,tasa,% de la cartera de consumo,1.78604428910952
2011,08,Biobío,mora_consumo,tasa,% de la cartera de consumo,1.63443968869544
2012,08,Biobío,mora_consumo,tasa,% de la cartera de consumo,1.5306535880636816
2013,08,Biobío,mora_consumo,tasa,% de la cartera de consumo,1.5335488266917316
2014,08,Biobío,mora_consumo,tasa,% de la cartera de consumo,1.8085977245713758
2015,08,Biobío,mora_consumo,tasa,% de la cartera de consumo,1.3857127932490068
2016,08,Biobío,mora_consumo,tasa,% de la cartera de consumo,1.2097420626052775
2017,08,Biobío,mora_consumo,tasa,% de la cartera de consumo,1.38287446736285
2018,08,Biobío,mora_consumo,tasa,% de la cartera de consumo,1.4671746024664476
2019,08,Biobío,mora_consumo,tasa,% de la cartera de consumo,1.7730247248016433
2020,08,Biobío,mora_consumo,tasa,% de la cartera de consumo,2.1566803964507684
2021,08,Biobío,mora_consumo,tasa,% de la cartera de consumo,1.7380989352554026
2022,08,Biobío,mora_consumo,tasa,% de la cartera de consumo,1.308192381721645
2023,08,Biobío,mora_consumo,tasa,% de la cartera de consumo,1.6082572999021798
2024,08,Biobío,mora_consumo,tasa,% de la cartera de consumo,2.023158412745445
2025,08,Biobío,mora_consumo,tasa,% de la cartera de consumo,1.6692421639458308
2009,09,La Araucanía,mora_consumo,tasa,% de la cartera de consumo,1.3684975869388758
2010,09,La Araucanía,mora_consumo,tasa,% de la cartera de consumo,1.7195109118722567
2011,09,La Araucanía,mora_consumo,tasa,% de la cartera de consumo,1.6404153292134875
2012,09,La Araucanía,mora_consumo,tasa,% de la cartera de consumo,1.5332052020330709
2013,09,La Araucanía,mora_consumo,tasa,% de la cartera de consumo,1.4285048958534958
2014,09,La Araucanía,mora_consumo,tasa,% de la cartera de consumo,1.2631899711561958
2015,09,La Araucanía,mora_consumo,tasa,% de la cartera de consumo,1.249081042427155
2016,09,La Araucanía,mora_consumo,tasa,% de la cartera de consumo,1.1634310196088875
2017,09,La Araucanía,mora_consumo,tasa,% de la cartera de consumo,1.3230305605531842
2018,09,La Araucanía,mora_consumo,tasa,% de la cartera de consumo,1.3463785396147818
2019,09,La Araucanía,mora_consumo,tasa,% de la cartera de consumo,1.400298956165675
2020,09,La Araucanía,mora_consumo,tasa,% de la cartera de consumo,1.8435174761745465
2021,09,La Araucanía,mora_consumo,tasa,% de la cartera de consumo,1.51082118374967
2022,09,La Araucanía,mora_consumo,tasa,% de la cartera de consumo,1.3511490893737008
2023,09,La Araucanía,mora_consumo,tasa,% de la cartera de consumo,1.54175390933365
2024,09,La Araucanía,mora_consumo,tasa,% de la cartera de consumo,1.750048846473015
2025,09,La Araucanía,mora_consumo,tasa,% de la cartera de consumo,1.4187863826442975
2009,10,Los Lagos,mora_consumo,tasa,% de la cartera de consumo,1.4695790098281794
2010,10,Los Lagos,mora_consumo,tasa,% de la cartera de consumo,1.8931311304442382
2011,10,Los Lagos,mora_consumo,tasa,% de la cartera de consumo,1.8364010785423
2012,10,Los Lagos,mora_consumo,tasa,% de la cartera de consumo,1.780504431511426
2013,10,Los Lagos,mora_consumo,tasa,% de la cartera de consumo,1.8001158936372417
2014,10,Los Lagos,mora_consumo,tasa,% de la cartera de consumo,1.5491348077662674
2015,10,Los Lagos,mora_consumo,tasa,% de la cartera de consumo,1.3354145866824674
2016,10,Los Lagos,mora_consumo,tasa,% de la cartera de consumo,1.188460824061776
2017,10,Los Lagos,mora_consumo,tasa,% de la cartera de consumo,1.2759796917656192
2018,10,Los Lagos,mora_consumo,tasa,% de la cartera de consumo,1.187533681851385
2019,10,Los Lagos,mora_consumo,tasa,% de la cartera de consumo,1.3211354512752884
2020,10,Los Lagos,mora_consumo,tasa,% de la cartera de consumo,1.7133474892171625
2021,10,Los Lagos,mora_consumo,tasa,% de la cartera de consumo,1.2639228700140663
2022,10,Los Lagos,mora_consumo,tasa,% de la cartera de consumo,1.000521535296649
2023,10,Los Lagos,mora_consumo,tasa,% de la cartera de consumo,1.3115694617396982
2024,10,Los Lagos,mora_consumo,tasa,% de la cartera de consumo,1.535939951733485
2025,10,Los Lagos,mora_consumo,tasa,% de la cartera de consumo,1.2633785715579342
2009,11,Aysén,mora_consumo,tasa,% de la cartera de consumo,0.5747179033525375
2010,11,Aysén,mora_consumo,tasa,% de la cartera de consumo,0.34186205100369566
2011,11,Aysén,mora_consumo,tasa,% de la cartera de consumo,0.3851635569076844
2012,11,Aysén,mora_consumo,tasa,% de la cartera de consumo,0.46492666492798573
2013,11,Aysén,mora_consumo,tasa,% de la cartera de consumo,0.42550110355738546
2014,11,Aysén,mora_consumo,tasa,% de la cartera de consumo,0.5060228822075453
2015,11,Aysén,mora_consumo,tasa,% de la cartera de consumo,0.4478988360743561
2016,11,Aysén,mora_consumo,tasa,% de la cartera de consumo,0.4313087746662712
2017,11,Aysén,mora_consumo,tasa,% de la cartera de consumo,0.43486682460458376
2018,11,Aysén,mora_consumo,tasa,% de la cartera de consumo,0.4811211064162773
2019,11,Aysén,mora_consumo,tasa,% de la cartera de consumo,0.742026922977438
2020,11,Aysén,mora_consumo,tasa,% de la cartera de consumo,1.3240439428008175
2021,11,Aysén,mora_consumo,tasa,% de la cartera de consumo,1.0438971671246449
2022,11,Aysén,mora_consumo,tasa,% de la cartera de consumo,0.7597416593498069
2023,11,Aysén,mora_consumo,tasa,% de la cartera de consumo,0.6091565071272732
2024,11,Aysén,mora_consumo,tasa,% de la cartera de consumo,0.7172613804699047
2025,11,Aysén,mora_consumo,tasa,% de la cartera de consumo,0.661549475764214
2009,12,Magallanes,mora_consumo,tasa,% de la cartera de consumo,0.8584193458473971
2010,12,Magallanes,mora_consumo,tasa,% de la cartera de consumo,0.9091095771284204
2011,12,Magallanes,mora_consumo,tasa,% de la cartera de consumo,0.9457683647050845
2012,12,Magallanes,mora_consumo,tasa,% de la cartera de consumo,0.9137431803818462
2013,12,Magallanes,mora_consumo,tasa,% de la cartera de consumo,0.8176091741390152
2014,12,Magallanes,mora_consumo,tasa,% de la cartera de consumo,0.8398372027356809
2015,12,Magallanes,mora_consumo,tasa,% de la cartera de consumo,0.8228285134660743
2016,12,Magallanes,mora_consumo,tasa,% de la cartera de consumo,0.8031899607860195
2017,12,Magallanes,mora_consumo,tasa,% de la cartera de consumo,0.7964550386226431
2018,12,Magallanes,mora_consumo,tasa,% de la cartera de consumo,0.834432357717635
2019,12,Magallanes,mora_consumo,tasa,% de la cartera de consumo,1.1651057293288412
2020,12,Magallanes,mora_consumo,tasa,% de la cartera de consumo,1.9748579820530792
2021,12,Magallanes,mora_consumo,tasa,% de la cartera de consumo,1.62585098991426
2022,12,Magallanes,mora_consumo,tasa,% de la cartera de consumo,1.3527715003348784
2023,12,Magallanes,mora_consumo,tasa,% de la cartera de consumo,1.4265050459162951
2024,12,Magallanes,mora_consumo,tasa,% de la cartera de consumo,1.4312752415178747
2025,12,Magallanes,mora_consumo,tasa,% de la cartera de consumo,1.040255858497637
2009,13,Metropolitana de Santiago,mora_consumo,tasa,% de la cartera de consumo,3.401517011976649
2010,13,Metropolitana de Santiago,mora_consumo,tasa,% de la cartera de consumo,3.5806336874622136
2011,13,Metropolitana de Santiago,mora_consumo,tasa,% de la cartera de consumo,2.92796688359133
2012,13,Metropolitana de Santiago,mora_consumo,tasa,% de la cartera de consumo,2.7344104487129925
2013,13,Metropolitana de Santiago,mora_consumo,tasa,% de la cartera de consumo,2.61277012581583
2014,13,Metropolitana de Santiago,mora_consumo,tasa,% de la cartera de consumo,2.4094203136853483
2015,13,Metropolitana de Santiago,mora_consumo,tasa,% de la cartera de consumo,2.3007060201826586
2016,13,Metropolitana de Santiago,mora_consumo,tasa,% de la cartera de consumo,1.939421131168485
2017,13,Metropolitana de Santiago,mora_consumo,tasa,% de la cartera de consumo,2.175875427220551
2018,13,Metropolitana de Santiago,mora_consumo,tasa,% de la cartera de consumo,2.395354201928207
2019,13,Metropolitana de Santiago,mora_consumo,tasa,% de la cartera de consumo,2.901329822622808
2020,13,Metropolitana de Santiago,mora_consumo,tasa,% de la cartera de consumo,3.3204672654792424
2021,13,Metropolitana de Santiago,mora_consumo,tasa,% de la cartera de consumo,2.55480975343995
2022,13,Metropolitana de Santiago,mora_consumo,tasa,% de la cartera de consumo,1.9514002228854526
2023,13,Metropolitana de Santiago,mora_consumo,tasa,% de la cartera de consumo,2.3403026973777976
2024,13,Metropolitana de Santiago,mora_consumo,tasa,% de la cartera de consumo,2.752210745285255
2025,13,Metropolitana de Santiago,mora_consumo,tasa,% de la cartera de consumo,2.2322623918574993
2009,14,Los Ríos,mora_consumo,tasa,% de la cartera de consumo,0.9736690341671185
2010,14,Los Ríos,mora_consumo,tasa,% de la cartera de consumo,1.0819628283308704
2011,14,Los Ríos,mora_consumo,tasa,% de la cartera de consumo,1.071302815934985
2012,14,Los Ríos,mora_consumo,tasa,% de la cartera de consumo,0.98389446630547
2013,14,Los Ríos,mora_consumo,tasa,% de la cartera de consumo,0.8716609420861539
2014,14,Los Ríos,mora_consumo,tasa,% de la cartera de consumo,0.9198184705333996
2015,14,Los Ríos,mora_consumo,tasa,% de la cartera de consumo,0.9349827957585854
2016,14,Los Ríos,mora_consumo,tasa,% de la cartera de consumo,0.8574306597857716
2017,14,Los Ríos,mora_consumo,tasa,% de la cartera de consumo,0.8888400928162273
2018,14,Los Ríos,mora_consumo,tasa,% de la cartera de consumo,0.9008936471548159
2019,14,Los Ríos,mora_consumo,tasa,% de la cartera de consumo,1.0285095581009336
2020,14,Los Ríos,mora_consumo,tasa,% de la cartera de consumo,1.2999026218742629
2021,14,Los Ríos,mora_consumo,tasa,% de la cartera de consumo,0.9085682378896712
2022,14,Los Ríos,mora_consumo,tasa,% de la cartera de consumo,0.7202865877541371
2023,14,Los Ríos,mora_consumo,tasa,% de la cartera de consumo,0.9175088542177517
2024,14,Los Ríos,mora_consumo,tasa,% de la cartera de consumo,1.219955449100801
2025,14,Los Ríos,mora_consumo,tasa,% de la cartera de consumo,0.9807923996992901
2009,15,Arica y Parinacota,mora_consumo,tasa,% de la cartera de consumo,1.2980890442735482
2010,15,Arica y Parinacota,mora_consumo,tasa,% de la cartera de consumo,1.7071750027540251
2011,15,Arica y Parinacota,mora_consumo,tasa,% de la cartera de consumo,1.7288601232973424
2012,15,Arica y Parinacota,mora_consumo,tasa,% de la cartera de consumo,1.683135791440615
2013,15,Arica y Parinacota,mora_consumo,tasa,% de la cartera de consumo,1.534885784500286
2014,15,Arica y Parinacota,mora_consumo,tasa,% de la cartera de consumo,1.2841109074118917
2015,15,Arica y Parinacota,mora_consumo,tasa,% de la cartera de consumo,1.05104139908835
2016,15,Arica y Parinacota,mora_consumo,tasa,% de la cartera de consumo,1.0792990023290796
2017,15,Arica y Parinacota,mora_consumo,tasa,% de la cartera de consumo,1.2399574616176574
2018,15,Arica y Parinacota,mora_consumo,tasa,% de la cartera de consumo,1.151545942773233
2019,15,Arica y Parinacota,mora_consumo,tasa,% de la cartera de consumo,1.40296795027255
2020,15,Arica y Parinacota,mora_consumo,tasa,% de la cartera de consumo,2.0962122876094593
2021,15,Arica y Parinacota,mora_consumo,tasa,% de la cartera de consumo,1.7012873323945759
2022,15,Arica y Parinacota,mora_consumo,tasa,% de la cartera de consumo,1.2033254587055817
2023,15,Arica y Parinacota,mora_consumo,tasa,% de la cartera de consumo,1.6296319402933757
2024,15,Arica y Parinacota,mora_consumo,tasa,% de la cartera de consumo,1.8193759279784907
2025,15,Arica y Parinacota,mora_consumo,tasa,% de la cartera de consumo,1.4301547932767933
2018,16,Ñuble,mora_consumo,tasa,% de la cartera de consumo,0.961266506694827
2019,16,Ñuble,mora_consumo,tasa,% de la cartera de consumo,1.2304568928024975
2020,16,Ñuble,mora_consumo,tasa,% de la cartera de consumo,1.6593837399234233
2021,16,Ñuble,mora_consumo,tasa,% de la cartera de consumo,1.8270458109268057
2022,16,Ñuble,mora_consumo,tasa,% de la cartera de consumo,1.4475516773431858
2023,16,Ñuble,mora_consumo,tasa,% de la cartera de consumo,1.4573537459431785
2024,16,Ñuble,mora_consumo,tasa,% de la cartera de consumo,1.7949210285032509
2025,16,Ñuble,mora_consumo,tasa,% de la cartera de consumo,1.3840559651249515
2009,01,Tarapacá,mora_vivienda,tasa,% de la cartera de vivienda,1.0890258875985175
2010,01,Tarapacá,mora_vivienda,tasa,% de la cartera de vivienda,1.0420220194643597
2011,01,Tarapacá,mora_vivienda,tasa,% de la cartera de vivienda,1.12319404985917
2012,01,Tarapacá,mora_vivienda,tasa,% de la cartera de vivienda,0.8341037271129915
2013,01,Tarapacá,mora_vivienda,tasa,% de la cartera de vivienda,0.5631352744806676
2014,01,Tarapacá,mora_vivienda,tasa,% de la cartera de vivienda,0.46032422728921846
2015,01,Tarapacá,mora_vivienda,tasa,% de la cartera de vivienda,0.38584376010718585
2016,01,Tarapacá,mora_vivienda,tasa,% de la cartera de vivienda,0.47553879712697955
2017,01,Tarapacá,mora_vivienda,tasa,% de la cartera de vivienda,0.5216962816545023
2018,01,Tarapacá,mora_vivienda,tasa,% de la cartera de vivienda,0.62066708730729
2019,01,Tarapacá,mora_vivienda,tasa,% de la cartera de vivienda,0.6117918312289313
2020,01,Tarapacá,mora_vivienda,tasa,% de la cartera de vivienda,0.7123523092938223
2021,01,Tarapacá,mora_vivienda,tasa,% de la cartera de vivienda,0.4816271289601763
2022,01,Tarapacá,mora_vivienda,tasa,% de la cartera de vivienda,0.3244055867606585
2023,01,Tarapacá,mora_vivienda,tasa,% de la cartera de vivienda,0.2560824661903161
2024,01,Tarapacá,mora_vivienda,tasa,% de la cartera de vivienda,0.29239662782115977
2025,01,Tarapacá,mora_vivienda,tasa,% de la cartera de vivienda,0.33999248142106553
2009,02,Antofagasta,mora_vivienda,tasa,% de la cartera de vivienda,0.9396136248748904
2010,02,Antofagasta,mora_vivienda,tasa,% de la cartera de vivienda,1.1523724177112766
2011,02,Antofagasta,mora_vivienda,tasa,% de la cartera de vivienda,1.2612617364664576
2012,02,Antofagasta,mora_vivienda,tasa,% de la cartera de vivienda,0.922208695794576
2013,02,Antofagasta,mora_vivienda,tasa,% de la cartera de vivienda,0.6494768556192341
2014,02,Antofagasta,mora_vivienda,tasa,% de la cartera de vivienda,0.546983066375133
2015,02,Antofagasta,mora_vivienda,tasa,% de la cartera de vivienda,0.580944725731621
2016,02,Antofagasta,mora_vivienda,tasa,% de la cartera de vivienda,0.5665013534913149
2017,02,Antofagasta,mora_vivienda,tasa,% de la cartera de vivienda,0.6363757584438275
2018,02,Antofagasta,mora_vivienda,tasa,% de la cartera de vivienda,0.7772955176744665
2019,02,Antofagasta,mora_vivienda,tasa,% de la cartera de vivienda,0.7485447695349391
2020,02,Antofagasta,mora_vivienda,tasa,% de la cartera de vivienda,0.7346311660318826
2021,02,Antofagasta,mora_vivienda,tasa,% de la cartera de vivienda,0.6658572789813527
2022,02,Antofagasta,mora_vivienda,tasa,% de la cartera de vivienda,0.4092841050436062
2023,02,Antofagasta,mora_vivienda,tasa,% de la cartera de vivienda,0.32625037562658504
2024,02,Antofagasta,mora_vivienda,tasa,% de la cartera de vivienda,0.39196127675235753
2025,02,Antofagasta,mora_vivienda,tasa,% de la cartera de vivienda,0.545470034706863
2009,03,Atacama,mora_vivienda,tasa,% de la cartera de vivienda,1.2656551975852994
2010,03,Atacama,mora_vivienda,tasa,% de la cartera de vivienda,1.4389295523549699
2011,03,Atacama,mora_vivienda,tasa,% de la cartera de vivienda,1.8281901485172976
2012,03,Atacama,mora_vivienda,tasa,% de la cartera de vivienda,1.2625515166441286
2013,03,Atacama,mora_vivienda,tasa,% de la cartera de vivienda,0.7417721646555049
2014,03,Atacama,mora_vivienda,tasa,% de la cartera de vivienda,0.6863619528006328
2015,03,Atacama,mora_vivienda,tasa,% de la cartera de vivienda,0.6869916200467602
2016,03,Atacama,mora_vivienda,tasa,% de la cartera de vivienda,0.7590671113264024
2017,03,Atacama,mora_vivienda,tasa,% de la cartera de vivienda,0.8311003756812713
2018,03,Atacama,mora_vivienda,tasa,% de la cartera de vivienda,0.9406283726019443
2019,03,Atacama,mora_vivienda,tasa,% de la cartera de vivienda,1.168105649910035
2020,03,Atacama,mora_vivienda,tasa,% de la cartera de vivienda,1.3334898798843318
2021,03,Atacama,mora_vivienda,tasa,% de la cartera de vivienda,1.058283061376026
2022,03,Atacama,mora_vivienda,tasa,% de la cartera de vivienda,0.7261288003709887
2023,03,Atacama,mora_vivienda,tasa,% de la cartera de vivienda,0.6368877805874894
2024,03,Atacama,mora_vivienda,tasa,% de la cartera de vivienda,0.6803929741548927
2025,03,Atacama,mora_vivienda,tasa,% de la cartera de vivienda,0.7919991894842348
2009,04,Coquimbo,mora_vivienda,tasa,% de la cartera de vivienda,1.8100516701113616
2010,04,Coquimbo,mora_vivienda,tasa,% de la cartera de vivienda,2.2766293378685525
2011,04,Coquimbo,mora_vivienda,tasa,% de la cartera de vivienda,2.565433116628135
2012,04,Coquimbo,mora_vivienda,tasa,% de la cartera de vivienda,1.8467247560787075
2013,04,Coquimbo,mora_vivienda,tasa,% de la cartera de vivienda,1.1056913044584047
2014,04,Coquimbo,mora_vivienda,tasa,% de la cartera de vivienda,0.8630262975269489
2015,04,Coquimbo,mora_vivienda,tasa,% de la cartera de vivienda,0.9075399005330537
2016,04,Coquimbo,mora_vivienda,tasa,% de la cartera de vivienda,0.7550092848288507
2017,04,Coquimbo,mora_vivienda,tasa,% de la cartera de vivienda,0.6829145692460036
2018,04,Coquimbo,mora_vivienda,tasa,% de la cartera de vivienda,0.8112202430742953
2019,04,Coquimbo,mora_vivienda,tasa,% de la cartera de vivienda,0.7959658046958576
2020,04,Coquimbo,mora_vivienda,tasa,% de la cartera de vivienda,0.859303413691176
2021,04,Coquimbo,mora_vivienda,tasa,% de la cartera de vivienda,0.7481989610239593
2022,04,Coquimbo,mora_vivienda,tasa,% de la cartera de vivienda,0.5059420635295087
2023,04,Coquimbo,mora_vivienda,tasa,% de la cartera de vivienda,0.4910254952221482
2024,04,Coquimbo,mora_vivienda,tasa,% de la cartera de vivienda,0.5846961381630076
2025,04,Coquimbo,mora_vivienda,tasa,% de la cartera de vivienda,0.864491762626676
2009,05,Valparaíso,mora_vivienda,tasa,% de la cartera de vivienda,1.9665552483150808
2010,05,Valparaíso,mora_vivienda,tasa,% de la cartera de vivienda,2.0004842374661616
2011,05,Valparaíso,mora_vivienda,tasa,% de la cartera de vivienda,1.8725615694447975
2012,05,Valparaíso,mora_vivienda,tasa,% de la cartera de vivienda,1.5362565197519717
2013,05,Valparaíso,mora_vivienda,tasa,% de la cartera de vivienda,1.1353245257610476
2014,05,Valparaíso,mora_vivienda,tasa,% de la cartera de vivienda,0.871870375312111
2015,05,Valparaíso,mora_vivienda,tasa,% de la cartera de vivienda,0.6573488926756128
2016,05,Valparaíso,mora_vivienda,tasa,% de la cartera de vivienda,0.5145927544613011
2017,05,Valparaíso,mora_vivienda,tasa,% de la cartera de vivienda,0.45552731359453386
2018,05,Valparaíso,mora_vivienda,tasa,% de la cartera de vivienda,0.4943233855463822
2019,05,Valparaíso,mora_vivienda,tasa,% de la cartera de vivienda,0.5238851127981426
2020,05,Valparaíso,mora_vivienda,tasa,% de la cartera de vivienda,0.5516898522062091
2021,05,Valparaíso,mora_vivienda,tasa,% de la cartera de vivienda,0.48614369678058494
2022,05,Valparaíso,mora_vivienda,tasa,% de la cartera de vivienda,0.31656703791691115
2023,05,Valparaíso,mora_vivienda,tasa,% de la cartera de vivienda,0.30505574499030946
2024,05,Valparaíso,mora_vivienda,tasa,% de la cartera de vivienda,0.38577778890365977
2025,05,Valparaíso,mora_vivienda,tasa,% de la cartera de vivienda,0.5518143378018429
2009,06,O'Higgins,mora_vivienda,tasa,% de la cartera de vivienda,3.0943535812606053
2010,06,O'Higgins,mora_vivienda,tasa,% de la cartera de vivienda,3.3401731796897742
2011,06,O'Higgins,mora_vivienda,tasa,% de la cartera de vivienda,3.4420193708010878
2012,06,O'Higgins,mora_vivienda,tasa,% de la cartera de vivienda,2.9547028518250156
2013,06,O'Higgins,mora_vivienda,tasa,% de la cartera de vivienda,1.8114767329055625
2014,06,O'Higgins,mora_vivienda,tasa,% de la cartera de vivienda,1.2096703933512192
2015,06,O'Higgins,mora_vivienda,tasa,% de la cartera de vivienda,0.8617879533780588
2016,06,O'Higgins,mora_vivienda,tasa,% de la cartera de vivienda,0.7217618995742447
2017,06,O'Higgins,mora_vivienda,tasa,% de la cartera de vivienda,0.6721764446302462
2018,06,O'Higgins,mora_vivienda,tasa,% de la cartera de vivienda,0.7129183718929527
2019,06,O'Higgins,mora_vivienda,tasa,% de la cartera de vivienda,0.6246790622842223
2020,06,O'Higgins,mora_vivienda,tasa,% de la cartera de vivienda,0.6274623694805187
2021,06,O'Higgins,mora_vivienda,tasa,% de la cartera de vivienda,0.5349435302200763
2022,06,O'Higgins,mora_vivienda,tasa,% de la cartera de vivienda,0.36566271556565444
2023,06,O'Higgins,mora_vivienda,tasa,% de la cartera de vivienda,0.35995171957952427
2024,06,O'Higgins,mora_vivienda,tasa,% de la cartera de vivienda,0.4867705993231409
2025,06,O'Higgins,mora_vivienda,tasa,% de la cartera de vivienda,0.5830572231804411
2009,07,Maule,mora_vivienda,tasa,% de la cartera de vivienda,2.6782728693908626
2010,07,Maule,mora_vivienda,tasa,% de la cartera de vivienda,2.890742232758475
2011,07,Maule,mora_vivienda,tasa,% de la cartera de vivienda,2.8632111616439406
2012,07,Maule,mora_vivienda,tasa,% de la cartera de vivienda,3.1157569692119433
2013,07,Maule,mora_vivienda,tasa,% de la cartera de vivienda,1.7107686064304592
2014,07,Maule,mora_vivienda,tasa,% de la cartera de vivienda,1.2045844740116225
2015,07,Maule,mora_vivienda,tasa,% de la cartera de vivienda,0.9210327135368258
2016,07,Maule,mora_vivienda,tasa,% de la cartera de vivienda,0.7306016322079479
2017,07,Maule,mora_vivienda,tasa,% de la cartera de vivienda,0.6616720384868411
2018,07,Maule,mora_vivienda,tasa,% de la cartera de vivienda,0.8402762541317538
2019,07,Maule,mora_vivienda,tasa,% de la cartera de vivienda,0.8322214285851289
2020,07,Maule,mora_vivienda,tasa,% de la cartera de vivienda,0.7589234999522271
2021,07,Maule,mora_vivienda,tasa,% de la cartera de vivienda,0.5622839025861579
2022,07,Maule,mora_vivienda,tasa,% de la cartera de vivienda,0.3866841437383031
2023,07,Maule,mora_vivienda,tasa,% de la cartera de vivienda,0.3885961954349626
2024,07,Maule,mora_vivienda,tasa,% de la cartera de vivienda,0.490036598516697
2025,07,Maule,mora_vivienda,tasa,% de la cartera de vivienda,0.6070513728423418
2009,08,Biobío,mora_vivienda,tasa,% de la cartera de vivienda,1.8256666714169734
2010,08,Biobío,mora_vivienda,tasa,% de la cartera de vivienda,2.2339625507405607
2011,08,Biobío,mora_vivienda,tasa,% de la cartera de vivienda,2.2619607179914425
2012,08,Biobío,mora_vivienda,tasa,% de la cartera de vivienda,1.7666691477018501
2013,08,Biobío,mora_vivienda,tasa,% de la cartera de vivienda,1.16865679470216
2014,08,Biobío,mora_vivienda,tasa,% de la cartera de vivienda,0.9530824310865623
2015,08,Biobío,mora_vivienda,tasa,% de la cartera de vivienda,0.7161559572563027
2016,08,Biobío,mora_vivienda,tasa,% de la cartera de vivienda,0.552755229751308
2017,08,Biobío,mora_vivienda,tasa,% de la cartera de vivienda,0.4902100161730036
2018,08,Biobío,mora_vivienda,tasa,% de la cartera de vivienda,0.5791758182747707
2019,08,Biobío,mora_vivienda,tasa,% de la cartera de vivienda,0.5814833589677437
2020,08,Biobío,mora_vivienda,tasa,% de la cartera de vivienda,0.536439731770766
2021,08,Biobío,mora_vivienda,tasa,% de la cartera de vivienda,0.40013925966698527
2022,08,Biobío,mora_vivienda,tasa,% de la cartera de vivienda,0.2524187201177098
2023,08,Biobío,mora_vivienda,tasa,% de la cartera de vivienda,0.25479422305632615
2024,08,Biobío,mora_vivienda,tasa,% de la cartera de vivienda,0.3129303318836844
2025,08,Biobío,mora_vivienda,tasa,% de la cartera de vivienda,0.41139944735800515
2009,09,La Araucanía,mora_vivienda,tasa,% de la cartera de vivienda,2.328175367981601
2010,09,La Araucanía,mora_vivienda,tasa,% de la cartera de vivienda,2.8031338923039733
2011,09,La Araucanía,mora_vivienda,tasa,% de la cartera de vivienda,3.153553814559279
2012,09,La Araucanía,mora_vivienda,tasa,% de la cartera de vivienda,2.4431348556267616
2013,09,La Araucanía,mora_vivienda,tasa,% de la cartera de vivienda,1.73070759747159
2014,09,La Araucanía,mora_vivienda,tasa,% de la cartera de vivienda,1.3933021691101226
2015,09,La Araucanía,mora_vivienda,tasa,% de la cartera de vivienda,0.9712034138707462
2016,09,La Araucanía,mora_vivienda,tasa,% de la cartera de vivienda,0.7207492888006019
2017,09,La Araucanía,mora_vivienda,tasa,% de la cartera de vivienda,0.6037351439987734
2018,09,La Araucanía,mora_vivienda,tasa,% de la cartera de vivienda,0.6299593719558124
2019,09,La Araucanía,mora_vivienda,tasa,% de la cartera de vivienda,0.591402382030855
2020,09,La Araucanía,mora_vivienda,tasa,% de la cartera de vivienda,0.5692854331837619
2021,09,La Araucanía,mora_vivienda,tasa,% de la cartera de vivienda,0.36833323958050945
2022,09,La Araucanía,mora_vivienda,tasa,% de la cartera de vivienda,0.2245063620054434
2023,09,La Araucanía,mora_vivienda,tasa,% de la cartera de vivienda,0.23569125240346592
2024,09,La Araucanía,mora_vivienda,tasa,% de la cartera de vivienda,0.30316993197223624
2025,09,La Araucanía,mora_vivienda,tasa,% de la cartera de vivienda,0.42563278268456345
2009,10,Los Lagos,mora_vivienda,tasa,% de la cartera de vivienda,1.9979338092813865
2010,10,Los Lagos,mora_vivienda,tasa,% de la cartera de vivienda,2.8269577494481593
2011,10,Los Lagos,mora_vivienda,tasa,% de la cartera de vivienda,3.8646140148411043
2012,10,Los Lagos,mora_vivienda,tasa,% de la cartera de vivienda,3.3627857686267593
2013,10,Los Lagos,mora_vivienda,tasa,% de la cartera de vivienda,2.5835025881137907
2014,10,Los Lagos,mora_vivienda,tasa,% de la cartera de vivienda,1.9906429091022702
2015,10,Los Lagos,mora_vivienda,tasa,% de la cartera de vivienda,1.2269074295723696
2016,10,Los Lagos,mora_vivienda,tasa,% de la cartera de vivienda,0.8504557573593993
2017,10,Los Lagos,mora_vivienda,tasa,% de la cartera de vivienda,0.7142409720675146
2018,10,Los Lagos,mora_vivienda,tasa,% de la cartera de vivienda,0.7154305304562877
2019,10,Los Lagos,mora_vivienda,tasa,% de la cartera de vivienda,0.6590288840604319
2020,10,Los Lagos,mora_vivienda,tasa,% de la cartera de vivienda,0.6196568890870514
2021,10,Los Lagos,mora_vivienda,tasa,% de la cartera de vivienda,0.48392833466414437
2022,10,Los Lagos,mora_vivienda,tasa,% de la cartera de vivienda,0.3470034380011781
2023,10,Los Lagos,mora_vivienda,tasa,% de la cartera de vivienda,0.3476309840157103
2024,10,Los Lagos,mora_vivienda,tasa,% de la cartera de vivienda,0.45773474611600234
2025,10,Los Lagos,mora_vivienda,tasa,% de la cartera de vivienda,0.646312620762428
2009,11,Aysén,mora_vivienda,tasa,% de la cartera de vivienda,1.754661208992476
2010,11,Aysén,mora_vivienda,tasa,% de la cartera de vivienda,1.433290437153886
2011,11,Aysén,mora_vivienda,tasa,% de la cartera de vivienda,0.7598855791607032
2012,11,Aysén,mora_vivienda,tasa,% de la cartera de vivienda,0.7935509689912873
2013,11,Aysén,mora_vivienda,tasa,% de la cartera de vivienda,1.1944588559042693
2014,11,Aysén,mora_vivienda,tasa,% de la cartera de vivienda,1.0633552176298646
2015,11,Aysén,mora_vivienda,tasa,% de la cartera de vivienda,0.7564146897786769
2016,11,Aysén,mora_vivienda,tasa,% de la cartera de vivienda,0.48469246698639284
2017,11,Aysén,mora_vivienda,tasa,% de la cartera de vivienda,0.212185143599808
2018,11,Aysén,mora_vivienda,tasa,% de la cartera de vivienda,0.22628746084512574
2019,11,Aysén,mora_vivienda,tasa,% de la cartera de vivienda,0.29655577694355667
2020,11,Aysén,mora_vivienda,tasa,% de la cartera de vivienda,0.3301748699747094
2021,11,Aysén,mora_vivienda,tasa,% de la cartera de vivienda,0.32847552825409315
2022,11,Aysén,mora_vivienda,tasa,% de la cartera de vivienda,0.2620925320956535
2023,11,Aysén,mora_vivienda,tasa,% de la cartera de vivienda,0.3137974443496161
2024,11,Aysén,mora_vivienda,tasa,% de la cartera de vivienda,0.5016444313712406
2025,11,Aysén,mora_vivienda,tasa,% de la cartera de vivienda,0.6527635939891733
2009,12,Magallanes,mora_vivienda,tasa,% de la cartera de vivienda,1.1292910662182372
2010,12,Magallanes,mora_vivienda,tasa,% de la cartera de vivienda,1.709340619803396
2011,12,Magallanes,mora_vivienda,tasa,% de la cartera de vivienda,2.0056714334120573
2012,12,Magallanes,mora_vivienda,tasa,% de la cartera de vivienda,1.7017305035994583
2013,12,Magallanes,mora_vivienda,tasa,% de la cartera de vivienda,1.6396356851930982
2014,12,Magallanes,mora_vivienda,tasa,% de la cartera de vivienda,1.3025477323638668
2015,12,Magallanes,mora_vivienda,tasa,% de la cartera de vivienda,0.8411912426565422
2016,12,Magallanes,mora_vivienda,tasa,% de la cartera de vivienda,0.5931984100625215
2017,12,Magallanes,mora_vivienda,tasa,% de la cartera de vivienda,0.4281473136405803
2018,12,Magallanes,mora_vivienda,tasa,% de la cartera de vivienda,0.32752190647751483
2019,12,Magallanes,mora_vivienda,tasa,% de la cartera de vivienda,0.3565886583511493
2020,12,Magallanes,mora_vivienda,tasa,% de la cartera de vivienda,0.36534574312794393
2021,12,Magallanes,mora_vivienda,tasa,% de la cartera de vivienda,0.37997390850440343
2022,12,Magallanes,mora_vivienda,tasa,% de la cartera de vivienda,0.2989307974211431
2023,12,Magallanes,mora_vivienda,tasa,% de la cartera de vivienda,0.2840579271477531
2024,12,Magallanes,mora_vivienda,tasa,% de la cartera de vivienda,0.3580422943890382
2025,12,Magallanes,mora_vivienda,tasa,% de la cartera de vivienda,0.4389818999693616
2009,13,Metropolitana de Santiago,mora_vivienda,tasa,% de la cartera de vivienda,1.886930166963545
2010,13,Metropolitana de Santiago,mora_vivienda,tasa,% de la cartera de vivienda,1.9641569672771482
2011,13,Metropolitana de Santiago,mora_vivienda,tasa,% de la cartera de vivienda,2.010764879174156
2012,13,Metropolitana de Santiago,mora_vivienda,tasa,% de la cartera de vivienda,1.6825210375812765
2013,13,Metropolitana de Santiago,mora_vivienda,tasa,% de la cartera de vivienda,1.2740001980777367
2014,13,Metropolitana de Santiago,mora_vivienda,tasa,% de la cartera de vivienda,1.0768723478957216
2015,13,Metropolitana de Santiago,mora_vivienda,tasa,% de la cartera de vivienda,0.9251914405672969
2016,13,Metropolitana de Santiago,mora_vivienda,tasa,% de la cartera de vivienda,0.7246115854675931
2017,13,Metropolitana de Santiago,mora_vivienda,tasa,% de la cartera de vivienda,0.5865128122639826
2018,13,Metropolitana de Santiago,mora_vivienda,tasa,% de la cartera de vivienda,0.5907651974555599
2019,13,Metropolitana de Santiago,mora_vivienda,tasa,% de la cartera de vivienda,0.5600360749481442
2020,13,Metropolitana de Santiago,mora_vivienda,tasa,% de la cartera de vivienda,0.5613238940862527
2021,13,Metropolitana de Santiago,mora_vivienda,tasa,% de la cartera de vivienda,0.4392419668954444
2022,13,Metropolitana de Santiago,mora_vivienda,tasa,% de la cartera de vivienda,0.2912477688730281
2023,13,Metropolitana de Santiago,mora_vivienda,tasa,% de la cartera de vivienda,0.2701414459514193
2024,13,Metropolitana de Santiago,mora_vivienda,tasa,% de la cartera de vivienda,0.3737486991084796
2025,13,Metropolitana de Santiago,mora_vivienda,tasa,% de la cartera de vivienda,0.5183844444100463
2009,14,Los Ríos,mora_vivienda,tasa,% de la cartera de vivienda,1.1478625026586313
2010,14,Los Ríos,mora_vivienda,tasa,% de la cartera de vivienda,1.2585835480221574
2011,14,Los Ríos,mora_vivienda,tasa,% de la cartera de vivienda,1.532066527705429
2012,14,Los Ríos,mora_vivienda,tasa,% de la cartera de vivienda,1.3219906389976799
2013,14,Los Ríos,mora_vivienda,tasa,% de la cartera de vivienda,0.9121079208400428
2014,14,Los Ríos,mora_vivienda,tasa,% de la cartera de vivienda,0.688643301114638
2015,14,Los Ríos,mora_vivienda,tasa,% de la cartera de vivienda,0.454467218237959
2016,14,Los Ríos,mora_vivienda,tasa,% de la cartera de vivienda,0.3870307606564117
2017,14,Los Ríos,mora_vivienda,tasa,% de la cartera de vivienda,0.3542831724245729
2018,14,Los Ríos,mora_vivienda,tasa,% de la cartera de vivienda,0.4558964510458065
2019,14,Los Ríos,mora_vivienda,tasa,% de la cartera de vivienda,0.442219685788477
2020,14,Los Ríos,mora_vivienda,tasa,% de la cartera de vivienda,0.39374687816904336
2021,14,Los Ríos,mora_vivienda,tasa,% de la cartera de vivienda,0.32210615417014066
2022,14,Los Ríos,mora_vivienda,tasa,% de la cartera de vivienda,0.22307634061683335
2023,14,Los Ríos,mora_vivienda,tasa,% de la cartera de vivienda,0.20718181620331752
2024,14,Los Ríos,mora_vivienda,tasa,% de la cartera de vivienda,0.311573584839693
2025,14,Los Ríos,mora_vivienda,tasa,% de la cartera de vivienda,0.3845638540577809
2009,15,Arica y Parinacota,mora_vivienda,tasa,% de la cartera de vivienda,1.910834248286615
2010,15,Arica y Parinacota,mora_vivienda,tasa,% de la cartera de vivienda,2.3942205808964507
2011,15,Arica y Parinacota,mora_vivienda,tasa,% de la cartera de vivienda,2.7091181194794167
2012,15,Arica y Parinacota,mora_vivienda,tasa,% de la cartera de vivienda,2.088057537507282
2013,15,Arica y Parinacota,mora_vivienda,tasa,% de la cartera de vivienda,1.7336554215207407
2014,15,Arica y Parinacota,mora_vivienda,tasa,% de la cartera de vivienda,1.1140419690204193
2015,15,Arica y Parinacota,mora_vivienda,tasa,% de la cartera de vivienda,0.7927016490560531
2016,15,Arica y Parinacota,mora_vivienda,tasa,% de la cartera de vivienda,0.5415078961967549
2017,15,Arica y Parinacota,mora_vivienda,tasa,% de la cartera de vivienda,0.4542142938923927
2018,15,Arica y Parinacota,mora_vivienda,tasa,% de la cartera de vivienda,0.4573049656436586
2019,15,Arica y Parinacota,mora_vivienda,tasa,% de la cartera de vivienda,0.3896379602962498
2020,15,Arica y Parinacota,mora_vivienda,tasa,% de la cartera de vivienda,0.3298422216966365
2021,15,Arica y Parinacota,mora_vivienda,tasa,% de la cartera de vivienda,0.3098036900858778
2022,15,Arica y Parinacota,mora_vivienda,tasa,% de la cartera de vivienda,0.17819016836182025
2023,15,Arica y Parinacota,mora_vivienda,tasa,% de la cartera de vivienda,0.20109692153049666
2024,15,Arica y Parinacota,mora_vivienda,tasa,% de la cartera de vivienda,0.3871107788070256
2025,15,Arica y Parinacota,mora_vivienda,tasa,% de la cartera de vivienda,0.5903984136150094
2018,16,Ñuble,mora_vivienda,tasa,% de la cartera de vivienda,0.5625555082380247
2019,16,Ñuble,mora_vivienda,tasa,% de la cartera de vivienda,0.5013098053899788
2020,16,Ñuble,mora_vivienda,tasa,% de la cartera de vivienda,0.4489028605708232
2021,16,Ñuble,mora_vivienda,tasa,% de la cartera de vivienda,0.27502776907788273
2022,16,Ñuble,mora_vivienda,tasa,% de la cartera de vivienda,0.18623476141440623
2023,16,Ñuble,mora_vivienda,tasa,% de la cartera de vivienda,0.2104714843199571
2024,16,Ñuble,mora_vivienda,tasa,% de la cartera de vivienda,0.29389806400252
2025,16,Ñuble,mora_vivienda,tasa,% de la cartera de vivienda,0.4189090444283592
2009,01,Tarapacá,saldo_medio_cuenta,stock,pesos nominales por cuenta,1241958.00559611
2010,01,Tarapacá,saldo_medio_cuenta,stock,pesos nominales por cuenta,1485969.862422511
2011,01,Tarapacá,saldo_medio_cuenta,stock,pesos nominales por cuenta,1614342.1937826567
2012,01,Tarapacá,saldo_medio_cuenta,stock,pesos nominales por cuenta,1696955.1107219616
2013,01,Tarapacá,saldo_medio_cuenta,stock,pesos nominales por cuenta,1817997.4125428384
2014,01,Tarapacá,saldo_medio_cuenta,stock,pesos nominales por cuenta,1969657.188667501
2015,01,Tarapacá,saldo_medio_cuenta,stock,pesos nominales por cuenta,2058726.2892846859
2016,01,Tarapacá,saldo_medio_cuenta,stock,pesos nominales por cuenta,1987752.601373574
2017,01,Tarapacá,saldo_medio_cuenta,stock,pesos nominales por cuenta,1927599.5983938808
2018,01,Tarapacá,saldo_medio_cuenta,stock,pesos nominales por cuenta,1945626.19780121
2019,01,Tarapacá,saldo_medio_cuenta,stock,pesos nominales por cuenta,1991860.7176345699
2020,01,Tarapacá,saldo_medio_cuenta,stock,pesos nominales por cuenta,2814191.526010355
2021,01,Tarapacá,saldo_medio_cuenta,stock,pesos nominales por cuenta,3793147.6945857084
2022,01,Tarapacá,saldo_medio_cuenta,stock,pesos nominales por cuenta,3137713.078941857
2023,01,Tarapacá,saldo_medio_cuenta,stock,pesos nominales por cuenta,2343297.256351317
2024,01,Tarapacá,saldo_medio_cuenta,stock,pesos nominales por cuenta,2271996.907431465
2025,01,Tarapacá,saldo_medio_cuenta,stock,pesos nominales por cuenta,2222095.95648846
2009,02,Antofagasta,saldo_medio_cuenta,stock,pesos nominales por cuenta,1431633.8715472408
2010,02,Antofagasta,saldo_medio_cuenta,stock,pesos nominales por cuenta,1859513.83540343
2011,02,Antofagasta,saldo_medio_cuenta,stock,pesos nominales por cuenta,1950747.9029745134
2012,02,Antofagasta,saldo_medio_cuenta,stock,pesos nominales por cuenta,1975535.1871256449
2013,02,Antofagasta,saldo_medio_cuenta,stock,pesos nominales por cuenta,2162776.611086165
2014,02,Antofagasta,saldo_medio_cuenta,stock,pesos nominales por cuenta,2103272.5038158814
2015,02,Antofagasta,saldo_medio_cuenta,stock,pesos nominales por cuenta,2240372.748956686
2016,02,Antofagasta,saldo_medio_cuenta,stock,pesos nominales por cuenta,2104587.5117245805
2017,02,Antofagasta,saldo_medio_cuenta,stock,pesos nominales por cuenta,2022285.372612385
2018,02,Antofagasta,saldo_medio_cuenta,stock,pesos nominales por cuenta,1979035.3280930491
2019,02,Antofagasta,saldo_medio_cuenta,stock,pesos nominales por cuenta,2075693.4293766757
2020,02,Antofagasta,saldo_medio_cuenta,stock,pesos nominales por cuenta,2942616.1780687138
2021,02,Antofagasta,saldo_medio_cuenta,stock,pesos nominales por cuenta,4058093.699320949
2022,02,Antofagasta,saldo_medio_cuenta,stock,pesos nominales por cuenta,3242806.6750249416
2023,02,Antofagasta,saldo_medio_cuenta,stock,pesos nominales por cuenta,2337036.6571977637
2024,02,Antofagasta,saldo_medio_cuenta,stock,pesos nominales por cuenta,2298429.7828079327
2025,02,Antofagasta,saldo_medio_cuenta,stock,pesos nominales por cuenta,2396562.881289201
2009,03,Atacama,saldo_medio_cuenta,stock,pesos nominales por cuenta,1654526.5719796119
2010,03,Atacama,saldo_medio_cuenta,stock,pesos nominales por cuenta,2051270.8629904843
2011,03,Atacama,saldo_medio_cuenta,stock,pesos nominales por cuenta,2273839.201136405
2012,03,Atacama,saldo_medio_cuenta,stock,pesos nominales por cuenta,2314101.6972518377
2013,03,Atacama,saldo_medio_cuenta,stock,pesos nominales por cuenta,2299801.339096971
2014,03,Atacama,saldo_medio_cuenta,stock,pesos nominales por cuenta,2252330.8903550203
2015,03,Atacama,saldo_medio_cuenta,stock,pesos nominales por cuenta,2326511.48468502
2016,03,Atacama,saldo_medio_cuenta,stock,pesos nominales por cuenta,2187798.922278007
2017,03,Atacama,saldo_medio_cuenta,stock,pesos nominales por cuenta,2132193.071834594
2018,03,Atacama,saldo_medio_cuenta,stock,pesos nominales por cuenta,2154967.1313323523
2019,03,Atacama,saldo_medio_cuenta,stock,pesos nominales por cuenta,2117033.0735135735
2020,03,Atacama,saldo_medio_cuenta,stock,pesos nominales por cuenta,2815743.1891464293
2021,03,Atacama,saldo_medio_cuenta,stock,pesos nominales por cuenta,4146023.186951024
2022,03,Atacama,saldo_medio_cuenta,stock,pesos nominales por cuenta,3331875.163739015
2023,03,Atacama,saldo_medio_cuenta,stock,pesos nominales por cuenta,2375349.74494527
2024,03,Atacama,saldo_medio_cuenta,stock,pesos nominales por cuenta,2201794.7893371424
2025,03,Atacama,saldo_medio_cuenta,stock,pesos nominales por cuenta,2195089.4177107085
2009,04,Coquimbo,saldo_medio_cuenta,stock,pesos nominales por cuenta,1440079.2796761498
2010,04,Coquimbo,saldo_medio_cuenta,stock,pesos nominales por cuenta,1746884.0499331749
2011,04,Coquimbo,saldo_medio_cuenta,stock,pesos nominales por cuenta,1819509.9992443034
2012,04,Coquimbo,saldo_medio_cuenta,stock,pesos nominales por cuenta,1883496.3327686032
2013,04,Coquimbo,saldo_medio_cuenta,stock,pesos nominales por cuenta,1916265.2177696452
2014,04,Coquimbo,saldo_medio_cuenta,stock,pesos nominales por cuenta,1879897.4195080835
2015,04,Coquimbo,saldo_medio_cuenta,stock,pesos nominales por cuenta,1957324.54802691
2016,04,Coquimbo,saldo_medio_cuenta,stock,pesos nominales por cuenta,1937215.4798803218
2017,04,Coquimbo,saldo_medio_cuenta,stock,pesos nominales por cuenta,1845108.2927053384
2018,04,Coquimbo,saldo_medio_cuenta,stock,pesos nominales por cuenta,1848431.06810331
2019,04,Coquimbo,saldo_medio_cuenta,stock,pesos nominales por cuenta,1848353.885542419
2020,04,Coquimbo,saldo_medio_cuenta,stock,pesos nominales por cuenta,2526264.1499134875
2021,04,Coquimbo,saldo_medio_cuenta,stock,pesos nominales por cuenta,3697315.155803097
2022,04,Coquimbo,saldo_medio_cuenta,stock,pesos nominales por cuenta,3014470.6318080747
2023,04,Coquimbo,saldo_medio_cuenta,stock,pesos nominales por cuenta,2107067.5479661627
2024,04,Coquimbo,saldo_medio_cuenta,stock,pesos nominales por cuenta,1996647.404231579
2025,04,Coquimbo,saldo_medio_cuenta,stock,pesos nominales por cuenta,1945748.4763682326
2009,05,Valparaíso,saldo_medio_cuenta,stock,pesos nominales por cuenta,1309678.159996271
2010,05,Valparaíso,saldo_medio_cuenta,stock,pesos nominales por cuenta,1573330.826209896
2011,05,Valparaíso,saldo_medio_cuenta,stock,pesos nominales por cuenta,1632440.3221463317
2012,05,Valparaíso,saldo_medio_cuenta,stock,pesos nominales por cuenta,1678011.0097873167
2013,05,Valparaíso,saldo_medio_cuenta,stock,pesos nominales por cuenta,1750628.0835983742
2014,05,Valparaíso,saldo_medio_cuenta,stock,pesos nominales por cuenta,1819216.4283665924
2015,05,Valparaíso,saldo_medio_cuenta,stock,pesos nominales por cuenta,1996214.9124597535
2016,05,Valparaíso,saldo_medio_cuenta,stock,pesos nominales por cuenta,2069067.9334960731
2017,05,Valparaíso,saldo_medio_cuenta,stock,pesos nominales por cuenta,2086848.221906449
2018,05,Valparaíso,saldo_medio_cuenta,stock,pesos nominales por cuenta,2110311.425099038
2019,05,Valparaíso,saldo_medio_cuenta,stock,pesos nominales por cuenta,2115792.235958927
2020,05,Valparaíso,saldo_medio_cuenta,stock,pesos nominales por cuenta,2782965.3901835233
2021,05,Valparaíso,saldo_medio_cuenta,stock,pesos nominales por cuenta,3812180.509545622
2022,05,Valparaíso,saldo_medio_cuenta,stock,pesos nominales por cuenta,3136933.656633924
2023,05,Valparaíso,saldo_medio_cuenta,stock,pesos nominales por cuenta,2292900.0995296636
2024,05,Valparaíso,saldo_medio_cuenta,stock,pesos nominales por cuenta,2234922.637071585
2025,05,Valparaíso,saldo_medio_cuenta,stock,pesos nominales por cuenta,2213704.5492911735
2009,06,O'Higgins,saldo_medio_cuenta,stock,pesos nominales por cuenta,1532023.45025759
2010,06,O'Higgins,saldo_medio_cuenta,stock,pesos nominales por cuenta,1877396.6552564583
2011,06,O'Higgins,saldo_medio_cuenta,stock,pesos nominales por cuenta,2037883.431007934
2012,06,O'Higgins,saldo_medio_cuenta,stock,pesos nominales por cuenta,1993154.269663124
2013,06,O'Higgins,saldo_medio_cuenta,stock,pesos nominales por cuenta,2063399.6789113723
2014,06,O'Higgins,saldo_medio_cuenta,stock,pesos nominales por cuenta,2192201.3584182984
2015,06,O'Higgins,saldo_medio_cuenta,stock,pesos nominales por cuenta,2312283.6863692366
2016,06,O'Higgins,saldo_medio_cuenta,stock,pesos nominales por cuenta,2346804.045202743
2017,06,O'Higgins,saldo_medio_cuenta,stock,pesos nominales por cuenta,2324292.1462400784
2018,06,O'Higgins,saldo_medio_cuenta,stock,pesos nominales por cuenta,2398269.178006672
2019,06,O'Higgins,saldo_medio_cuenta,stock,pesos nominales por cuenta,2469903.3509850707
2020,06,O'Higgins,saldo_medio_cuenta,stock,pesos nominales por cuenta,3327208.696114781
2021,06,O'Higgins,saldo_medio_cuenta,stock,pesos nominales por cuenta,4801889.788585752
2022,06,O'Higgins,saldo_medio_cuenta,stock,pesos nominales por cuenta,4050221.677562824
2023,06,O'Higgins,saldo_medio_cuenta,stock,pesos nominales por cuenta,2972770.514310168
2024,06,O'Higgins,saldo_medio_cuenta,stock,pesos nominales por cuenta,2846932.969172276
2025,06,O'Higgins,saldo_medio_cuenta,stock,pesos nominales por cuenta,2535937.041846095
2009,07,Maule,saldo_medio_cuenta,stock,pesos nominales por cuenta,1370479.7996014608
2010,07,Maule,saldo_medio_cuenta,stock,pesos nominales por cuenta,1809415.5404337551
2011,07,Maule,saldo_medio_cuenta,stock,pesos nominales por cuenta,1798489.0670446493
2012,07,Maule,saldo_medio_cuenta,stock,pesos nominales por cuenta,1803520.9080430458
2013,07,Maule,saldo_medio_cuenta,stock,pesos nominales por cuenta,1869076.711196905
2014,07,Maule,saldo_medio_cuenta,stock,pesos nominales por cuenta,1899574.0816591568
2015,07,Maule,saldo_medio_cuenta,stock,pesos nominales por cuenta,2021327.9985850865
2016,07,Maule,saldo_medio_cuenta,stock,pesos nominales por cuenta,2096154.754205325
2017,07,Maule,saldo_medio_cuenta,stock,pesos nominales por cuenta,2096110.2311517866
2018,07,Maule,saldo_medio_cuenta,stock,pesos nominales por cuenta,2166578.028261632
2019,07,Maule,saldo_medio_cuenta,stock,pesos nominales por cuenta,2214316.175512231
2020,07,Maule,saldo_medio_cuenta,stock,pesos nominales por cuenta,3019586.249471838
2021,07,Maule,saldo_medio_cuenta,stock,pesos nominales por cuenta,4318148.7973359395
2022,07,Maule,saldo_medio_cuenta,stock,pesos nominales por cuenta,3505306.941791762
2023,07,Maule,saldo_medio_cuenta,stock,pesos nominales por cuenta,2469305.930584709
2024,07,Maule,saldo_medio_cuenta,stock,pesos nominales por cuenta,2265001.44968521
2025,07,Maule,saldo_medio_cuenta,stock,pesos nominales por cuenta,2127364.9030016507
2009,08,Biobío,saldo_medio_cuenta,stock,pesos nominales por cuenta,1261112.5079147741
2010,08,Biobío,saldo_medio_cuenta,stock,pesos nominales por cuenta,1662770.0155315266
2011,08,Biobío,saldo_medio_cuenta,stock,pesos nominales por cuenta,1661937.0605196543
2012,08,Biobío,saldo_medio_cuenta,stock,pesos nominales por cuenta,1591026.2767701193
2013,08,Biobío,saldo_medio_cuenta,stock,pesos nominales por cuenta,1601891.141683502
2014,08,Biobío,saldo_medio_cuenta,stock,pesos nominales por cuenta,1622009.4580111133
2015,08,Biobío,saldo_medio_cuenta,stock,pesos nominales por cuenta,1750527.12776744
2016,08,Biobío,saldo_medio_cuenta,stock,pesos nominales por cuenta,1800689.9468742243
2017,08,Biobío,saldo_medio_cuenta,stock,pesos nominales por cuenta,1793806.7554082733
2018,08,Biobío,saldo_medio_cuenta,stock,pesos nominales por cuenta,1804791.4754207341
2019,08,Biobío,saldo_medio_cuenta,stock,pesos nominales por cuenta,1806683.6392050625
2020,08,Biobío,saldo_medio_cuenta,stock,pesos nominales por cuenta,2462933.955487206
2021,08,Biobío,saldo_medio_cuenta,stock,pesos nominales por cuenta,3543134.8498472613
2022,08,Biobío,saldo_medio_cuenta,stock,pesos nominales por cuenta,2877433.61848208
2023,08,Biobío,saldo_medio_cuenta,stock,pesos nominales por cuenta,2085294.5916267273
2024,08,Biobío,saldo_medio_cuenta,stock,pesos nominales por cuenta,2019218.554291615
2025,08,Biobío,saldo_medio_cuenta,stock,pesos nominales por cuenta,2047857.3722691052
2009,09,La Araucanía,saldo_medio_cuenta,stock,pesos nominales por cuenta,1275216.9557242107
2010,09,La Araucanía,saldo_medio_cuenta,stock,pesos nominales por cuenta,1545992.5898643266
2011,09,La Araucanía,saldo_medio_cuenta,stock,pesos nominales por cuenta,1553207.8004237174
2012,09,La Araucanía,saldo_medio_cuenta,stock,pesos nominales por cuenta,1581150.6356929
2013,09,La Araucanía,saldo_medio_cuenta,stock,pesos nominales por cuenta,1640622.132571784
2014,09,La Araucanía,saldo_medio_cuenta,stock,pesos nominales por cuenta,1675568.813226184
2015,09,La Araucanía,saldo_medio_cuenta,stock,pesos nominales por cuenta,1851011.8325990115
2016,09,La Araucanía,saldo_medio_cuenta,stock,pesos nominales por cuenta,1923295.1590892067
2017,09,La Araucanía,saldo_medio_cuenta,stock,pesos nominales por cuenta,1936809.8402457878
2018,09,La Araucanía,saldo_medio_cuenta,stock,pesos nominales por cuenta,1932120.088081619
2019,09,La Araucanía,saldo_medio_cuenta,stock,pesos nominales por cuenta,1936205.3779579941
2020,09,La Araucanía,saldo_medio_cuenta,stock,pesos nominales por cuenta,2716592.72207421
2021,09,La Araucanía,saldo_medio_cuenta,stock,pesos nominales por cuenta,3844005.660552914
2022,09,La Araucanía,saldo_medio_cuenta,stock,pesos nominales por cuenta,3147291.440768331
2023,09,La Araucanía,saldo_medio_cuenta,stock,pesos nominales por cuenta,2172258.524934789
2024,09,La Araucanía,saldo_medio_cuenta,stock,pesos nominales por cuenta,2042115.9612884242
2025,09,La Araucanía,saldo_medio_cuenta,stock,pesos nominales por cuenta,2012584.6374075583
2009,10,Los Lagos,saldo_medio_cuenta,stock,pesos nominales por cuenta,1464908.1291722308
2010,10,Los Lagos,saldo_medio_cuenta,stock,pesos nominales por cuenta,1674082.341052209
2011,10,Los Lagos,saldo_medio_cuenta,stock,pesos nominales por cuenta,1738916.7792742027
2012,10,Los Lagos,saldo_medio_cuenta,stock,pesos nominales por cuenta,1816248.153577699
2013,10,Los Lagos,saldo_medio_cuenta,stock,pesos nominales por cuenta,1891537.5552761508
2014,10,Los Lagos,saldo_medio_cuenta,stock,pesos nominales por cuenta,1914476.9222996517
2015,10,Los Lagos,saldo_medio_cuenta,stock,pesos nominales por cuenta,2033874.4334693393
2016,10,Los Lagos,saldo_medio_cuenta,stock,pesos nominales por cuenta,2086560.2815416884
2017,10,Los Lagos,saldo_medio_cuenta,stock,pesos nominales por cuenta,2071332.7587930902
2018,10,Los Lagos,saldo_medio_cuenta,stock,pesos nominales por cuenta,2145481.947926396
2019,10,Los Lagos,saldo_medio_cuenta,stock,pesos nominales por cuenta,2194792.063964591
2020,10,Los Lagos,saldo_medio_cuenta,stock,pesos nominales por cuenta,3083086.7736459547
2021,10,Los Lagos,saldo_medio_cuenta,stock,pesos nominales por cuenta,4335299.7260925695
2022,10,Los Lagos,saldo_medio_cuenta,stock,pesos nominales por cuenta,3560480.1138336654
2023,10,Los Lagos,saldo_medio_cuenta,stock,pesos nominales por cuenta,2429347.847817321
2024,10,Los Lagos,saldo_medio_cuenta,stock,pesos nominales por cuenta,1893497.3774469642
2025,10,Los Lagos,saldo_medio_cuenta,stock,pesos nominales por cuenta,1578802.2864537619
2009,11,Aysén,saldo_medio_cuenta,stock,pesos nominales por cuenta,1319066.9221767234
2010,11,Aysén,saldo_medio_cuenta,stock,pesos nominales por cuenta,1558556.813465125
2011,11,Aysén,saldo_medio_cuenta,stock,pesos nominales por cuenta,1578663.6776949277
2012,11,Aysén,saldo_medio_cuenta,stock,pesos nominales por cuenta,1594747.312963075
2013,11,Aysén,saldo_medio_cuenta,stock,pesos nominales por cuenta,1671859.3273427507
2014,11,Aysén,saldo_medio_cuenta,stock,pesos nominales por cuenta,1771248.6213301432
2015,11,Aysén,saldo_medio_cuenta,stock,pesos nominales por cuenta,1912581.922756954
2016,11,Aysén,saldo_medio_cuenta,stock,pesos nominales por cuenta,2036549.9503352642
2017,11,Aysén,saldo_medio_cuenta,stock,pesos nominales por cuenta,2037865.682187359
2018,11,Aysén,saldo_medio_cuenta,stock,pesos nominales por cuenta,2004160.3199040724
2019,11,Aysén,saldo_medio_cuenta,stock,pesos nominales por cuenta,2045658.9791861183
2020,11,Aysén,saldo_medio_cuenta,stock,pesos nominales por cuenta,2894649.387895006
2021,11,Aysén,saldo_medio_cuenta,stock,pesos nominales por cuenta,4106229.700967232
2022,11,Aysén,saldo_medio_cuenta,stock,pesos nominales por cuenta,3380995.992474372
2023,11,Aysén,saldo_medio_cuenta,stock,pesos nominales por cuenta,2412865.746801223
2024,11,Aysén,saldo_medio_cuenta,stock,pesos nominales por cuenta,2310954.2175957174
2025,11,Aysén,saldo_medio_cuenta,stock,pesos nominales por cuenta,2333405.0929491958
2009,12,Magallanes,saldo_medio_cuenta,stock,pesos nominales por cuenta,1183463.81551984
2010,12,Magallanes,saldo_medio_cuenta,stock,pesos nominales por cuenta,1387345.7638037566
2011,12,Magallanes,saldo_medio_cuenta,stock,pesos nominales por cuenta,1460330.821501165
2012,12,Magallanes,saldo_medio_cuenta,stock,pesos nominales por cuenta,1528064.3454663425
2013,12,Magallanes,saldo_medio_cuenta,stock,pesos nominales por cuenta,1624379.5644713773
2014,12,Magallanes,saldo_medio_cuenta,stock,pesos nominales por cuenta,1759557.6589728466
2015,12,Magallanes,saldo_medio_cuenta,stock,pesos nominales por cuenta,1966732.265603509
2016,12,Magallanes,saldo_medio_cuenta,stock,pesos nominales por cuenta,2081835.3197889393
2017,12,Magallanes,saldo_medio_cuenta,stock,pesos nominales por cuenta,2111130.2545719375
2018,12,Magallanes,saldo_medio_cuenta,stock,pesos nominales por cuenta,2204922.396982678
2019,12,Magallanes,saldo_medio_cuenta,stock,pesos nominales por cuenta,2220830.332412841
2020,12,Magallanes,saldo_medio_cuenta,stock,pesos nominales por cuenta,2918103.34448968
2021,12,Magallanes,saldo_medio_cuenta,stock,pesos nominales por cuenta,3790354.4475599173
2022,12,Magallanes,saldo_medio_cuenta,stock,pesos nominales por cuenta,3023594.514931003
2023,12,Magallanes,saldo_medio_cuenta,stock,pesos nominales por cuenta,2254027.8067257926
2024,12,Magallanes,saldo_medio_cuenta,stock,pesos nominales por cuenta,2126224.3894208535
2025,12,Magallanes,saldo_medio_cuenta,stock,pesos nominales por cuenta,2108943.3825956467
2009,13,Metropolitana de Santiago,saldo_medio_cuenta,stock,pesos nominales por cuenta,1426078.9818290558
2010,13,Metropolitana de Santiago,saldo_medio_cuenta,stock,pesos nominales por cuenta,1661927.8742594216
2011,13,Metropolitana de Santiago,saldo_medio_cuenta,stock,pesos nominales por cuenta,1628911.5557990884
2012,13,Metropolitana de Santiago,saldo_medio_cuenta,stock,pesos nominales por cuenta,1639913.708252474
2013,13,Metropolitana de Santiago,saldo_medio_cuenta,stock,pesos nominales por cuenta,1731458.896506625
2014,13,Metropolitana de Santiago,saldo_medio_cuenta,stock,pesos nominales por cuenta,1792354.5105956858
2015,13,Metropolitana de Santiago,saldo_medio_cuenta,stock,pesos nominales por cuenta,1901988.7743127744
2016,13,Metropolitana de Santiago,saldo_medio_cuenta,stock,pesos nominales por cuenta,1913065.53023602
2017,13,Metropolitana de Santiago,saldo_medio_cuenta,stock,pesos nominales por cuenta,1932358.453849651
2018,13,Metropolitana de Santiago,saldo_medio_cuenta,stock,pesos nominales por cuenta,1966649.9292529959
2019,13,Metropolitana de Santiago,saldo_medio_cuenta,stock,pesos nominales por cuenta,2009011.6675802357
2020,13,Metropolitana de Santiago,saldo_medio_cuenta,stock,pesos nominales por cuenta,2587150.35720151
2021,13,Metropolitana de Santiago,saldo_medio_cuenta,stock,pesos nominales por cuenta,2974125.2332822033
2022,13,Metropolitana de Santiago,saldo_medio_cuenta,stock,pesos nominales por cuenta,1918152.21723281
2023,13,Metropolitana de Santiago,saldo_medio_cuenta,stock,pesos nominales por cuenta,1164470.1413184425
2024,13,Metropolitana de Santiago,saldo_medio_cuenta,stock,pesos nominales por cuenta,982245.1380933487
2025,13,Metropolitana de Santiago,saldo_medio_cuenta,stock,pesos nominales por cuenta,895639.7989939431
2009,14,Los Ríos,saldo_medio_cuenta,stock,pesos nominales por cuenta,1275999.8644633591
2010,14,Los Ríos,saldo_medio_cuenta,stock,pesos nominales por cuenta,1519659.330416411
2011,14,Los Ríos,saldo_medio_cuenta,stock,pesos nominales por cuenta,1591716.1614981957
2012,14,Los Ríos,saldo_medio_cuenta,stock,pesos nominales por cuenta,1602612.110343464
2013,14,Los Ríos,saldo_medio_cuenta,stock,pesos nominales por cuenta,1651457.43781075
2014,14,Los Ríos,saldo_medio_cuenta,stock,pesos nominales por cuenta,1703807.3015505958
2015,14,Los Ríos,saldo_medio_cuenta,stock,pesos nominales por cuenta,1820722.330936379
2016,14,Los Ríos,saldo_medio_cuenta,stock,pesos nominales por cuenta,1918211.1793057618
2017,14,Los Ríos,saldo_medio_cuenta,stock,pesos nominales por cuenta,1958920.4247702144
2018,14,Los Ríos,saldo_medio_cuenta,stock,pesos nominales por cuenta,1960159.8876407759
2019,14,Los Ríos,saldo_medio_cuenta,stock,pesos nominales por cuenta,2046470.0455209874
2020,14,Los Ríos,saldo_medio_cuenta,stock,pesos nominales por cuenta,2832338.1894292105
2021,14,Los Ríos,saldo_medio_cuenta,stock,pesos nominales por cuenta,3922517.575809
2022,14,Los Ríos,saldo_medio_cuenta,stock,pesos nominales por cuenta,3289043.5048011537
2023,14,Los Ríos,saldo_medio_cuenta,stock,pesos nominales por cuenta,2312966.465596485
2024,14,Los Ríos,saldo_medio_cuenta,stock,pesos nominales por cuenta,2090067.087775566
2025,14,Los Ríos,saldo_medio_cuenta,stock,pesos nominales por cuenta,1914549.430495166
2009,15,Arica y Parinacota,saldo_medio_cuenta,stock,pesos nominales por cuenta,1336463.0919709592
2010,15,Arica y Parinacota,saldo_medio_cuenta,stock,pesos nominales por cuenta,1677100.8385320075
2011,15,Arica y Parinacota,saldo_medio_cuenta,stock,pesos nominales por cuenta,1697196.0452000499
2012,15,Arica y Parinacota,saldo_medio_cuenta,stock,pesos nominales por cuenta,1786482.8250490075
2013,15,Arica y Parinacota,saldo_medio_cuenta,stock,pesos nominales por cuenta,1918937.1952001785
2014,15,Arica y Parinacota,saldo_medio_cuenta,stock,pesos nominales por cuenta,1990689.6544437874
2015,15,Arica y Parinacota,saldo_medio_cuenta,stock,pesos nominales por cuenta,2078263.8922376158
2016,15,Arica y Parinacota,saldo_medio_cuenta,stock,pesos nominales por cuenta,2145686.744548425
2017,15,Arica y Parinacota,saldo_medio_cuenta,stock,pesos nominales por cuenta,2136775.9519317397
2018,15,Arica y Parinacota,saldo_medio_cuenta,stock,pesos nominales por cuenta,2155945.7452042107
2019,15,Arica y Parinacota,saldo_medio_cuenta,stock,pesos nominales por cuenta,2146795.4982066215
2020,15,Arica y Parinacota,saldo_medio_cuenta,stock,pesos nominales por cuenta,2971636.9465201367
2021,15,Arica y Parinacota,saldo_medio_cuenta,stock,pesos nominales por cuenta,4146194.354874782
2022,15,Arica y Parinacota,saldo_medio_cuenta,stock,pesos nominales por cuenta,3510253.390856713
2023,15,Arica y Parinacota,saldo_medio_cuenta,stock,pesos nominales por cuenta,2467271.4679382243
2024,15,Arica y Parinacota,saldo_medio_cuenta,stock,pesos nominales por cuenta,2091864.2717227957
2025,15,Arica y Parinacota,saldo_medio_cuenta,stock,pesos nominales por cuenta,1804450.3010103775
2018,16,Ñuble,saldo_medio_cuenta,stock,pesos nominales por cuenta,2045469.72461251
2019,16,Ñuble,saldo_medio_cuenta,stock,pesos nominales por cuenta,2157890.9482873273
2020,16,Ñuble,saldo_medio_cuenta,stock,pesos nominales por cuenta,2982947.2380826348
2021,16,Ñuble,saldo_medio_cuenta,stock,pesos nominales por cuenta,4357446.119737404
2022,16,Ñuble,saldo_medio_cuenta,stock,pesos nominales por cuenta,3746044.305786735
2023,16,Ñuble,saldo_medio_cuenta,stock,pesos nominales por cuenta,2674152.506548164
2024,16,Ñuble,saldo_medio_cuenta,stock,pesos nominales por cuenta,2548855.641603729
2025,16,Ñuble,saldo_medio_cuenta,stock,pesos nominales por cuenta,2507512.3094448014
