CAPÍTULO,NOMBRE CUADRO,CÓDIGO,NOMBRE DE LA SERIE,Frecuencia,Region_Id,Region_Name,Sector_Id,Sector_Name,Dominio,Unidad_Medida
Regionales,"Producto interno bruto trimestral por región, volumen a precios del año anterior encadenado, series empalmadas, referencia 2018 (miles de millones de pesos encadenados)",F035.PIB.FLU.R.CLP.2018.Z.Z.Z.15.0.T,Región de Arica y Parinacota,T,15,Arica y Parinacota,Z,Total regional (sin desglose sectorial),Cuentas Nacionales (PIB y Consumo),Pesos Chilenos (CLP)
Regionales,"Producto interno bruto trimestral por región, volumen a precios del año anterior encadenado, series empalmadas, referencia 2018 (miles de millones de pesos encadenados)",F035.PIB.FLU.R.CLP.2018.Z.Z.Z.01.0.T,Región de Tarapacá,T,01,Tarapacá,Z,Total regional (sin desglose sectorial),Cuentas Nacionales (PIB y Consumo),Pesos Chilenos (CLP)
Regionales,"Producto interno bruto trimestral por región, volumen a precios del año anterior encadenado, series empalmadas, referencia 2018 (miles de millones de pesos encadenados)",F035.PIB.FLU.R.CLP.2018.Z.Z.Z.02.0.T,Región de Antofagasta,T,02,Antofagasta,Z,Total regional (sin desglose sectorial),Cuentas Nacionales (PIB y Consumo),Pesos Chilenos (CLP)
Regionales,"Producto interno bruto trimestral por región, volumen a precios del año anterior encadenado, series empalmadas, referencia 2018 (miles de millones de pesos encadenados)",F035.PIB.FLU.R.CLP.2018.Z.Z.Z.03.0.T,Región de Atacama,T,03,Atacama,Z,Total regional (sin desglose sectorial),Cuentas Nacionales (PIB y Consumo),Pesos Chilenos (CLP)
Regionales,"Producto interno bruto trimestral por región, volumen a precios del año anterior encadenado, series empalmadas, referencia 2018 (miles de millones de pesos encadenados)",F035.PIB.FLU.R.CLP.2018.Z.Z.Z.04.0.T,Región de Coquimbo,T,04,Coquimbo,Z,Total regional (sin desglose sectorial),Cuentas Nacionales (PIB y Consumo),Pesos Chilenos (CLP)
Regionales,"Producto interno bruto trimestral por región, volumen a precios del año anterior encadenado, series empalmadas, referencia 2018 (miles de millones de pesos encadenados)",F035.PIB.FLU.R.CLP.2018.Z.Z.Z.05.0.T,Región de Valparaíso,T,05,Valparaíso,Z,Total regional (sin desglose sectorial),Cuentas Nacionales (PIB y Consumo),Pesos Chilenos (CLP)
Regionales,"Producto interno bruto trimestral por región, volumen a precios del año anterior encadenado, series empalmadas, referencia 2018 (miles de millones de pesos encadenados)",F035.PIB.FLU.R.CLP.2018.Z.Z.Z.13.0.T,Región Metropolitana de Santiago,T,13,Metropolitana de Santiago,Z,Total regional (sin desglose sectorial),Cuentas Nacionales (PIB y Consumo),Pesos Chilenos (CLP)
Regionales,"Producto interno bruto trimestral por región, volumen a precios del año anterior encadenado, series empalmadas, referencia 2018 (miles de millones de pesos encadenados)",F035.PIB.FLU.R.CLP.2018.Z.Z.Z.06.0.T,Región del Libertador General Bernardo OHiggins,T,06,O'Higgins,Z,Total regional (sin desglose sectorial),Cuentas Nacionales (PIB y Consumo),Pesos Chilenos (CLP)
Regionales,"Producto interno bruto trimestral por región, volumen a precios del año anterior encadenado, series empalmadas, referencia 2018 (miles de millones de pesos encadenados)",F035.PIB.FLU.R.CLP.2018.Z.Z.Z.07.0.T,Región del Maule,T,07,Maule,Z,Total regional (sin desglose sectorial),Cuentas Nacionales (PIB y Consumo),Pesos Chilenos (CLP)
Regionales,"Producto interno bruto trimestral por región, volumen a precios del año anterior encadenado, series empalmadas, referencia 2018 (miles de millones de pesos encadenados)",F035.PIB.FLU.R.CLP.2018.Z.Z.Z.16.0.T,Región de Ñuble,T,16,Ñuble,Z,Total regional (sin desglose sectorial),Cuentas Nacionales (PIB y Consumo),Pesos Chilenos (CLP)
Regionales,"Producto interno bruto trimestral por región, volumen a precios del año anterior encadenado, series empalmadas, referencia 2018 (miles de millones de pesos encadenados)",F035.PIB.FLU.R.CLP.2018.Z.Z.Z.08.0.T,Región del Biobío,T,08,Biobío,Z,Total regional (sin desglose sectorial),Cuentas Nacionales (PIB y Consumo),Pesos Chilenos (CLP)
Regionales,"Producto interno bruto trimestral por región, volumen a precios del año anterior encadenado, series empalmadas, referencia 2018 (miles de millones de pesos encadenados)",F035.PIB.FLU.R.CLP.2018.Z.Z.Z.09.0.T,Región de La Araucanía,T,09,La Araucanía,Z,Total regional (sin desglose sectorial),Cuentas Nacionales (PIB y Consumo),Pesos Chilenos (CLP)
Regionales,"Producto interno bruto trimestral por región, volumen a precios del año anterior encadenado, series empalmadas, referencia 2018 (miles de millones de pesos encadenados)",F035.PIB.FLU.R.CLP.2018.Z.Z.Z.14.0.T,Región de Los Ríos,T,14,Los Ríos,Z,Total regional (sin desglose sectorial),Cuentas Nacionales (PIB y Consumo),Pesos Chilenos (CLP)
Regionales,"Producto interno bruto trimestral por región, volumen a precios del año anterior encadenado, series empalmadas, referencia 2018 (miles de millones de pesos encadenados)",F035.PIB.FLU.R.CLP.2018.Z.Z.Z.10.0.T,Región de Los Lagos,T,10,Los Lagos,Z,Total regional (sin desglose sectorial),Cuentas Nacionales (PIB y Consumo),Pesos Chilenos (CLP)
Regionales,"Producto interno bruto trimestral por región, volumen a precios del año anterior encadenado, series empalmadas, referencia 2018 (miles de millones de pesos encadenados)",F035.PIB.FLU.R.CLP.2018.Z.Z.Z.11.0.T,Región de Aysén del General Carlos Ibáñez del Campo,T,11,Aysén,Z,Total regional (sin desglose sectorial),Cuentas Nacionales (PIB y Consumo),Pesos Chilenos (CLP)
Regionales,"Producto interno bruto trimestral por región, volumen a precios del año anterior encadenado, series empalmadas, referencia 2018 (miles de millones de pesos encadenados)",F035.PIB.FLU.R.CLP.2018.Z.Z.Z.12.0.T,Región de Magallanes y de la Antártica Chilena,T,12,Magallanes,Z,Total regional (sin desglose sectorial),Cuentas Nacionales (PIB y Consumo),Pesos Chilenos (CLP)
Regionales,"Producto interno bruto trimestral por región, volumen a precios del año anterior encadenado, series empalmadas, referencia 2018 (miles de millones de pesos encadenados)",F035.PCF.FLU.R.CLP.2018.Z.Z.Z.Z.0.T,Subtotal regionalizado,T,Nacional,Total Nacional,Z,Total regional (sin desglose sectorial),Cuentas Nacionales (PIB y Consumo),Pesos Chilenos (CLP)
Regionales,"Producto interno bruto trimestral por región, volumen a precios del año anterior encadenado, series empalmadas, referencia 2018 (miles de millones de pesos encadenados)",F035.PIB.FLU.R.CLP.2018.Z.Z.Z.99.0.T,Extrarregional,T,Nacional,Total Nacional,Z,Total regional (sin desglose sectorial),Cuentas Nacionales (PIB y Consumo),Pesos Chilenos (CLP)
Regionales,"Producto interno bruto trimestral por región, volumen a precios del año anterior encadenado, series empalmadas, referencia 2018 (miles de millones de pesos encadenados)",F032.PIB.FLU.R.CLP.EP18.Z.Z.0.T,Producto Interno Bruto,T,UNKNOWN,No Especificado,UNKNOWN,No Especificado,Cuentas Nacionales (PIB y Consumo),Pesos Chilenos (CLP)
Regionales,"PIB por actividad económica, Región  de Arica y Parinacota, volumen a precios del año anterior encadenado, series empalmadas, referencia 2018 (miles de millones de pesos encadenados)",F035.PIB.FLU.R.CLP.2018.PB.Z.Z.15.0.T,Producción de bienes,T,15,Arica y Parinacota,PB,Producción de bienes,Cuentas Nacionales (PIB y Consumo),Pesos Chilenos (CLP)
Regionales,"PIB por actividad económica, Región  de Arica y Parinacota, volumen a precios del año anterior encadenado, series empalmadas, referencia 2018 (miles de millones de pesos encadenados)",F035.PIB.FLU.R.CLP.2018.03.Z.Z.15.0.T,Minería,T,15,Arica y Parinacota,03,Minería,Cuentas Nacionales (PIB y Consumo),Pesos Chilenos (CLP)
Regionales,"PIB por actividad económica, Región  de Arica y Parinacota, volumen a precios del año anterior encadenado, series empalmadas, referencia 2018 (miles de millones de pesos encadenados)",F035.PIB.FLU.R.CLP.2018.04.Z.Z.15.0.T,Industria manufacturera,T,15,Arica y Parinacota,04,Industria,Cuentas Nacionales (PIB y Consumo),Pesos Chilenos (CLP)
Regionales,"PIB por actividad económica, Región  de Arica y Parinacota, volumen a precios del año anterior encadenado, series empalmadas, referencia 2018 (miles de millones de pesos encadenados)",F035.PIB.FLU.R.CLP.2018.RB.Z.Z.15.0.T,Resto de bienes,T,15,Arica y Parinacota,RB,Resto de bienes,Cuentas Nacionales (PIB y Consumo),Pesos Chilenos (CLP)
Regionales,"PIB por actividad económica, Región  de Arica y Parinacota, volumen a precios del año anterior encadenado, series empalmadas, referencia 2018 (miles de millones de pesos encadenados)",F035.PIB.FLU.R.CLP.2018.COM.Z.Z.15.0.T,Comercio,T,15,Arica y Parinacota,COM,Comercio,Cuentas Nacionales (PIB y Consumo),Pesos Chilenos (CLP)
Regionales,"PIB por actividad económica, Región  de Arica y Parinacota, volumen a precios del año anterior encadenado, series empalmadas, referencia 2018 (miles de millones de pesos encadenados)",F035.PIB.FLU.R.CLP.2018.SERV.Z.Z.15.0.T,Servicios,T,15,Arica y Parinacota,SERV,Servicios,Cuentas Nacionales (PIB y Consumo),Pesos Chilenos (CLP)
Regionales,"PIB por actividad económica, Región de Tarapacá,  volumen a precios del año anterior encadenado, series empalmadas, referencia 2018 (miles de millones de pesos encadenados)",F035.PIB.FLU.R.CLP.2018.PB.21.Z.01.0.T,Producción de bienes,T,01,Tarapacá,PB,Producción de bienes,Cuentas Nacionales (PIB y Consumo),Pesos Chilenos (CLP)
Regionales,"PIB por actividad económica, Región de Tarapacá,  volumen a precios del año anterior encadenado, series empalmadas, referencia 2018 (miles de millones de pesos encadenados)",F035.PIB.FLU.R.CLP.2018.03.21.Z.01.0.T,Minería,T,01,Tarapacá,03,Minería,Cuentas Nacionales (PIB y Consumo),Pesos Chilenos (CLP)
Regionales,"PIB por actividad económica, Región de Tarapacá,  volumen a precios del año anterior encadenado, series empalmadas, referencia 2018 (miles de millones de pesos encadenados)",F035.PIB.FLU.R.CLP.2018.04.21.Z.01.0.T,Industria,T,01,Tarapacá,04,Industria,Cuentas Nacionales (PIB y Consumo),Pesos Chilenos (CLP)
Regionales,"PIB por actividad económica, Región de Tarapacá,  volumen a precios del año anterior encadenado, series empalmadas, referencia 2018 (miles de millones de pesos encadenados)",F035.PIB.FLU.R.CLP.2018.RB.21.Z.01.0.T,Resto de bienes,T,01,Tarapacá,RB,Resto de bienes,Cuentas Nacionales (PIB y Consumo),Pesos Chilenos (CLP)
Regionales,"PIB por actividad económica, Región de Tarapacá,  volumen a precios del año anterior encadenado, series empalmadas, referencia 2018 (miles de millones de pesos encadenados)",F035.PIB.FLU.R.CLP.2018.COM.21.Z.01.0.T,Comercio,T,01,Tarapacá,COM,Comercio,Cuentas Nacionales (PIB y Consumo),Pesos Chilenos (CLP)
Regionales,"PIB por actividad económica, Región de Tarapacá,  volumen a precios del año anterior encadenado, series empalmadas, referencia 2018 (miles de millones de pesos encadenados)",F035.PIB.FLU.R.CLP.2018.SERV.21.Z.01.0.T,Servicios,T,01,Tarapacá,SERV,Servicios,Cuentas Nacionales (PIB y Consumo),Pesos Chilenos (CLP)
Regionales,"PIB por actividad económica, Región de Antofagasta, volumen a precios del año anterior encadenado, series empalmadas, referencia 2018 (miles de millones de pesos encadenados)",F035.PIB.FLU.R.CLP.2018.PB.Z.Z.02.0.T,Producción de bienes,T,02,Antofagasta,PB,Producción de bienes,Cuentas Nacionales (PIB y Consumo),Pesos Chilenos (CLP)
Regionales,"PIB por actividad económica, Región de Antofagasta, volumen a precios del año anterior encadenado, series empalmadas, referencia 2018 (miles de millones de pesos encadenados)",F035.PIB.FLU.R.CLP.2018.03.Z.Z.02.0.T,Minería,T,02,Antofagasta,03,Minería,Cuentas Nacionales (PIB y Consumo),Pesos Chilenos (CLP)
Regionales,"PIB por actividad económica, Región de Antofagasta, volumen a precios del año anterior encadenado, series empalmadas, referencia 2018 (miles de millones de pesos encadenados)",F035.PIB.FLU.R.CLP.2018.04.Z.Z.02.0.T,Industria,T,02,Antofagasta,04,Industria,Cuentas Nacionales (PIB y Consumo),Pesos Chilenos (CLP)
Regionales,"PIB por actividad económica, Región de Antofagasta, volumen a precios del año anterior encadenado, series empalmadas, referencia 2018 (miles de millones de pesos encadenados)",F035.PIB.FLU.R.CLP.2018.RB.Z.Z.02.0.T,Resto de bienes,T,02,Antofagasta,RB,Resto de bienes,Cuentas Nacionales (PIB y Consumo),Pesos Chilenos (CLP)
Regionales,"PIB por actividad económica, Región de Antofagasta, volumen a precios del año anterior encadenado, series empalmadas, referencia 2018 (miles de millones de pesos encadenados)",F035.PIB.FLU.R.CLP.2018.COM.Z.Z.02.0.T,Comercio,T,02,Antofagasta,COM,Comercio,Cuentas Nacionales (PIB y Consumo),Pesos Chilenos (CLP)
Regionales,"PIB por actividad económica, Región de Antofagasta, volumen a precios del año anterior encadenado, series empalmadas, referencia 2018 (miles de millones de pesos encadenados)",F035.PIB.FLU.R.CLP.2018.SERV.Z.Z.02.0.T,Servicios,T,02,Antofagasta,SERV,Servicios,Cuentas Nacionales (PIB y Consumo),Pesos Chilenos (CLP)
Regionales,"PIB por actividad económica, Región de Atacama, volumen a precios del año anterior encadenado, series empalmadas, referencia 2018 (miles de millones de pesos encadenados)",F035.PIB.FLU.R.CLP.2018.PB.Z.Z.03.0.T,Producción de bienes,T,03,Atacama,PB,Producción de bienes,Cuentas Nacionales (PIB y Consumo),Pesos Chilenos (CLP)
Regionales,"PIB por actividad económica, Región de Atacama, volumen a precios del año anterior encadenado, series empalmadas, referencia 2018 (miles de millones de pesos encadenados)",F035.PIB.FLU.R.CLP.2018.03.Z.Z.03.0.T,Minería,T,03,Atacama,03,Minería,Cuentas Nacionales (PIB y Consumo),Pesos Chilenos (CLP)
Regionales,"PIB por actividad económica, Región de Atacama, volumen a precios del año anterior encadenado, series empalmadas, referencia 2018 (miles de millones de pesos encadenados)",F035.PIB.FLU.R.CLP.2018.04.Z.Z.03.0.T,Industria manufacturera,T,03,Atacama,04,Industria,Cuentas Nacionales (PIB y Consumo),Pesos Chilenos (CLP)
Regionales,"PIB por actividad económica, Región de Atacama, volumen a precios del año anterior encadenado, series empalmadas, referencia 2018 (miles de millones de pesos encadenados)",F035.PIB.FLU.R.CLP.2018.RB.Z.Z.03.0.T,Resto de bienes,T,03,Atacama,RB,Resto de bienes,Cuentas Nacionales (PIB y Consumo),Pesos Chilenos (CLP)
Regionales,"PIB por actividad económica, Región de Atacama, volumen a precios del año anterior encadenado, series empalmadas, referencia 2018 (miles de millones de pesos encadenados)",F035.PIB.FLU.R.CLP.2018.COM.Z.Z.03.0.T,Comercio,T,03,Atacama,COM,Comercio,Cuentas Nacionales (PIB y Consumo),Pesos Chilenos (CLP)
Regionales,"PIB por actividad económica, Región de Atacama, volumen a precios del año anterior encadenado, series empalmadas, referencia 2018 (miles de millones de pesos encadenados)",F035.PIB.FLU.R.CLP.2018.SERV.Z.Z.03.0.T,Servicios,T,03,Atacama,SERV,Servicios,Cuentas Nacionales (PIB y Consumo),Pesos Chilenos (CLP)
Regionales,"PIB por actividad económica, Región de Coquimbo, volumen a precios del año anterior encadenado, series empalmadas, referencia 2018 (miles de millones de pesos encadenados)",F035.PIB.FLU.R.CLP.2018.PB.Z.Z.04.0.T,Producción de bienes,T,04,Coquimbo,PB,Producción de bienes,Cuentas Nacionales (PIB y Consumo),Pesos Chilenos (CLP)
Regionales,"PIB por actividad económica, Región de Coquimbo, volumen a precios del año anterior encadenado, series empalmadas, referencia 2018 (miles de millones de pesos encadenados)",F035.PIB.FLU.R.CLP.2018.03.Z.Z.04.0.T,Minería,T,04,Coquimbo,03,Minería,Cuentas Nacionales (PIB y Consumo),Pesos Chilenos (CLP)
Regionales,"PIB por actividad económica, Región de Coquimbo, volumen a precios del año anterior encadenado, series empalmadas, referencia 2018 (miles de millones de pesos encadenados)",F035.PIB.FLU.R.CLP.2018.04.Z.Z.04.0.T,Industria,T,04,Coquimbo,04,Industria,Cuentas Nacionales (PIB y Consumo),Pesos Chilenos (CLP)
Regionales,"PIB por actividad económica, Región de Coquimbo, volumen a precios del año anterior encadenado, series empalmadas, referencia 2018 (miles de millones de pesos encadenados)",F035.PIB.FLU.R.CLP.2018.RB.Z.Z.04.0.T,Resto de bienes,T,04,Coquimbo,RB,Resto de bienes,Cuentas Nacionales (PIB y Consumo),Pesos Chilenos (CLP)
Regionales,"PIB por actividad económica, Región de Coquimbo, volumen a precios del año anterior encadenado, series empalmadas, referencia 2018 (miles de millones de pesos encadenados)",F035.PIB.FLU.R.CLP.2018.COM.Z.Z.04.0.T,Comercio,T,04,Coquimbo,COM,Comercio,Cuentas Nacionales (PIB y Consumo),Pesos Chilenos (CLP)
Regionales,"PIB por actividad económica, Región de Coquimbo, volumen a precios del año anterior encadenado, series empalmadas, referencia 2018 (miles de millones de pesos encadenados)",F035.PIB.FLU.R.CLP.2018.SERV.Z.Z.04.0.T,Servicios,T,04,Coquimbo,SERV,Servicios,Cuentas Nacionales (PIB y Consumo),Pesos Chilenos (CLP)
Regionales,"PIB actividad económica, Región de Valparaíso, volumen a precios del año anterior encadenado, series empalmadas, referencia 2018 (miles de millones de pesos encadenados)",F035.PIB.FLU.R.CLP.2018.PB.Z.Z.05.0.T,Producción de bienes,T,05,Valparaíso,PB,Producción de bienes,Cuentas Nacionales (PIB y Consumo),Pesos Chilenos (CLP)
Regionales,"PIB actividad económica, Región de Valparaíso, volumen a precios del año anterior encadenado, series empalmadas, referencia 2018 (miles de millones de pesos encadenados)",F035.PIB.FLU.R.CLP.2018.03.Z.Z.05.0.T,Minería,T,05,Valparaíso,03,Minería,Cuentas Nacionales (PIB y Consumo),Pesos Chilenos (CLP)
Regionales,"PIB actividad económica, Región de Valparaíso, volumen a precios del año anterior encadenado, series empalmadas, referencia 2018 (miles de millones de pesos encadenados)",F035.PIB.FLU.R.CLP.2018.04.Z.Z.05.0.T,Industria,T,05,Valparaíso,04,Industria,Cuentas Nacionales (PIB y Consumo),Pesos Chilenos (CLP)
Regionales,"PIB actividad económica, Región de Valparaíso, volumen a precios del año anterior encadenado, series empalmadas, referencia 2018 (miles de millones de pesos encadenados)",F035.PIB.FLU.R.CLP.2018.RB.Z.Z.05.0.T,Resto de bienes,T,05,Valparaíso,RB,Resto de bienes,Cuentas Nacionales (PIB y Consumo),Pesos Chilenos (CLP)
Regionales,"PIB actividad económica, Región de Valparaíso, volumen a precios del año anterior encadenado, series empalmadas, referencia 2018 (miles de millones de pesos encadenados)",F035.PIB.FLU.R.CLP.2018.COM.Z.Z.05.0.T,Comercio,T,05,Valparaíso,COM,Comercio,Cuentas Nacionales (PIB y Consumo),Pesos Chilenos (CLP)
Regionales,"PIB actividad económica, Región de Valparaíso, volumen a precios del año anterior encadenado, series empalmadas, referencia 2018 (miles de millones de pesos encadenados)",F035.PIB.FLU.R.CLP.2018.SERV.Z.Z.05.0.T,Servicios,T,05,Valparaíso,SERV,Servicios,Cuentas Nacionales (PIB y Consumo),Pesos Chilenos (CLP)
Regionales,"PIB por actividad económica, Región Metropolitana de Santiago, volumen a precios del año anterior encadenado, series empalmadas, referencia 2018 (miles de millones de pesos encadenados)",F035.PIB.FLU.R.CLP.2018.PB.Z.Z.13.0.T,Producción de bienes,T,13,Metropolitana de Santiago,PB,Producción de bienes,Cuentas Nacionales (PIB y Consumo),Pesos Chilenos (CLP)
Regionales,"PIB por actividad económica, Región Metropolitana de Santiago, volumen a precios del año anterior encadenado, series empalmadas, referencia 2018 (miles de millones de pesos encadenados)",F035.PIB.FLU.R.CLP.2018.03.Z.Z.13.0.T,Minería,T,13,Metropolitana de Santiago,03,Minería,Cuentas Nacionales (PIB y Consumo),Pesos Chilenos (CLP)
Regionales,"PIB por actividad económica, Región Metropolitana de Santiago, volumen a precios del año anterior encadenado, series empalmadas, referencia 2018 (miles de millones de pesos encadenados)",F035.PIB.FLU.R.CLP.2018.04.Z.Z.13.0.T,Industria,T,13,Metropolitana de Santiago,04,Industria,Cuentas Nacionales (PIB y Consumo),Pesos Chilenos (CLP)
Regionales,"PIB por actividad económica, Región Metropolitana de Santiago, volumen a precios del año anterior encadenado, series empalmadas, referencia 2018 (miles de millones de pesos encadenados)",F035.PIB.FLU.R.CLP.2018.RB.Z.Z.13.0.T,Resto de bienes,T,13,Metropolitana de Santiago,RB,Resto de bienes,Cuentas Nacionales (PIB y Consumo),Pesos Chilenos (CLP)
Regionales,"PIB por actividad económica, Región Metropolitana de Santiago, volumen a precios del año anterior encadenado, series empalmadas, referencia 2018 (miles de millones de pesos encadenados)",F035.PIB.FLU.R.CLP.2018.COM.Z.Z.13.0.T,Comercio,T,13,Metropolitana de Santiago,COM,Comercio,Cuentas Nacionales (PIB y Consumo),Pesos Chilenos (CLP)
Regionales,"PIB por actividad económica, Región Metropolitana de Santiago, volumen a precios del año anterior encadenado, series empalmadas, referencia 2018 (miles de millones de pesos encadenados)",F035.PIB.FLU.R.CLP.2018.SERV.Z.Z.13.0.T,Servicios,T,13,Metropolitana de Santiago,SERV,Servicios,Cuentas Nacionales (PIB y Consumo),Pesos Chilenos (CLP)
Regionales,"PIB por actividad económica, Región del Libertador General Bernardo O Higgins, volumen a precios del año anterior encadenado, series empalmadas, referencia 2018 (miles de millones de pesos encadenados)",F035.PIB.FLU.R.CLP.2018.PB.Z.Z.06.0.T,Producción de bienes,T,06,O'Higgins,PB,Producción de bienes,Cuentas Nacionales (PIB y Consumo),Pesos Chilenos (CLP)
Regionales,"PIB por actividad económica, Región del Libertador General Bernardo O Higgins, volumen a precios del año anterior encadenado, series empalmadas, referencia 2018 (miles de millones de pesos encadenados)",F035.PIB.FLU.R.CLP.2018.03.Z.Z.06.0.T,Minería,T,06,O'Higgins,03,Minería,Cuentas Nacionales (PIB y Consumo),Pesos Chilenos (CLP)
Regionales,"PIB por actividad económica, Región del Libertador General Bernardo O Higgins, volumen a precios del año anterior encadenado, series empalmadas, referencia 2018 (miles de millones de pesos encadenados)",F035.PIB.FLU.R.CLP.2018.04.Z.Z.06.0.T,Industria,T,06,O'Higgins,04,Industria,Cuentas Nacionales (PIB y Consumo),Pesos Chilenos (CLP)
Regionales,"PIB por actividad económica, Región del Libertador General Bernardo O Higgins, volumen a precios del año anterior encadenado, series empalmadas, referencia 2018 (miles de millones de pesos encadenados)",F035.PIB.FLU.R.CLP.2018.RB.Z.Z.06.0.T,Resto de bienes,T,06,O'Higgins,RB,Resto de bienes,Cuentas Nacionales (PIB y Consumo),Pesos Chilenos (CLP)
Regionales,"PIB por actividad económica, Región del Libertador General Bernardo O Higgins, volumen a precios del año anterior encadenado, series empalmadas, referencia 2018 (miles de millones de pesos encadenados)",F035.PIB.FLU.R.CLP.2018.COM.Z.Z.06.0.T,Comercio,T,06,O'Higgins,COM,Comercio,Cuentas Nacionales (PIB y Consumo),Pesos Chilenos (CLP)
Regionales,"PIB por actividad económica, Región del Libertador General Bernardo O Higgins, volumen a precios del año anterior encadenado, series empalmadas, referencia 2018 (miles de millones de pesos encadenados)",F035.PIB.FLU.R.CLP.2018.SERV.Z.Z.06.0.T,Servicios,T,06,O'Higgins,SERV,Servicios,Cuentas Nacionales (PIB y Consumo),Pesos Chilenos (CLP)
Regionales,"PIB por actividad económica, Región del Maule, volumen a precios del año anterior encadenado, series empalmadas, referencia 2018 (miles de millones de pesos encadenados)",F035.PIB.FLU.R.CLP.2018.PB.Z.Z.07.0.T,Producción de bienes,T,07,Maule,PB,Producción de bienes,Cuentas Nacionales (PIB y Consumo),Pesos Chilenos (CLP)
Regionales,"PIB por actividad económica, Región del Maule, volumen a precios del año anterior encadenado, series empalmadas, referencia 2018 (miles de millones de pesos encadenados)",F035.PIB.FLU.R.CLP.2018.03.Z.Z.07.0.T,Minería,T,07,Maule,03,Minería,Cuentas Nacionales (PIB y Consumo),Pesos Chilenos (CLP)
Regionales,"PIB por actividad económica, Región del Maule, volumen a precios del año anterior encadenado, series empalmadas, referencia 2018 (miles de millones de pesos encadenados)",F035.PIB.FLU.R.CLP.2018.04.Z.Z.07.0.T,Industria,T,07,Maule,04,Industria,Cuentas Nacionales (PIB y Consumo),Pesos Chilenos (CLP)
Regionales,"PIB por actividad económica, Región del Maule, volumen a precios del año anterior encadenado, series empalmadas, referencia 2018 (miles de millones de pesos encadenados)",F035.PIB.FLU.R.CLP.2018.RB.Z.Z.07.0.T,Resto de bienes,T,07,Maule,RB,Resto de bienes,Cuentas Nacionales (PIB y Consumo),Pesos Chilenos (CLP)
Regionales,"PIB por actividad económica, Región del Maule, volumen a precios del año anterior encadenado, series empalmadas, referencia 2018 (miles de millones de pesos encadenados)",F035.PIB.FLU.R.CLP.2018.COM.Z.Z.07.0.T,Comercio,T,07,Maule,COM,Comercio,Cuentas Nacionales (PIB y Consumo),Pesos Chilenos (CLP)
Regionales,"PIB por actividad económica, Región del Maule, volumen a precios del año anterior encadenado, series empalmadas, referencia 2018 (miles de millones de pesos encadenados)",F035.PIB.FLU.R.CLP.2018.SERV.Z.Z.07.0.T,Servicios,T,07,Maule,SERV,Servicios,Cuentas Nacionales (PIB y Consumo),Pesos Chilenos (CLP)
Regionales,"PIB por actividad económica, Región de Ñuble, volumen a precios del año anterior encadenado, series empalmadas, referencia 2018 (miles de millones de pesos encadenados)",F035.PIB.FLU.R.CLP.2018.PB.Z.Z.16.0.T,Producción de bienes,T,16,Ñuble,PB,Producción de bienes,Cuentas Nacionales (PIB y Consumo),Pesos Chilenos (CLP)
Regionales,"PIB por actividad económica, Región de Ñuble, volumen a precios del año anterior encadenado, series empalmadas, referencia 2018 (miles de millones de pesos encadenados)",F035.PIB.FLU.R.CLP.2018.03.Z.Z.16.0.T,Minería,T,16,Ñuble,03,Minería,Cuentas Nacionales (PIB y Consumo),Pesos Chilenos (CLP)
Regionales,"PIB por actividad económica, Región de Ñuble, volumen a precios del año anterior encadenado, series empalmadas, referencia 2018 (miles de millones de pesos encadenados)",F035.PIB.FLU.R.CLP.2018.04.Z.Z.16.0.T,Industria,T,16,Ñuble,04,Industria,Cuentas Nacionales (PIB y Consumo),Pesos Chilenos (CLP)
Regionales,"PIB por actividad económica, Región de Ñuble, volumen a precios del año anterior encadenado, series empalmadas, referencia 2018 (miles de millones de pesos encadenados)",F035.PIB.FLU.R.CLP.2018.RB.Z.Z.16.0.T,Resto de bienes,T,16,Ñuble,RB,Resto de bienes,Cuentas Nacionales (PIB y Consumo),Pesos Chilenos (CLP)
Regionales,"PIB por actividad económica, Región de Ñuble, volumen a precios del año anterior encadenado, series empalmadas, referencia 2018 (miles de millones de pesos encadenados)",F035.PIB.FLU.R.CLP.2018.COM.Z.Z.16.0.T,Comercio,T,16,Ñuble,COM,Comercio,Cuentas Nacionales (PIB y Consumo),Pesos Chilenos (CLP)
Regionales,"PIB por actividad económica, Región de Ñuble, volumen a precios del año anterior encadenado, series empalmadas, referencia 2018 (miles de millones de pesos encadenados)",F035.PIB.FLU.R.CLP.2018.SERV.Z.Z.16.0.T,Servicios,T,16,Ñuble,SERV,Servicios,Cuentas Nacionales (PIB y Consumo),Pesos Chilenos (CLP)
Regionales,"PIB por actividad económica, Región del Biobío, volumen a precios del año anterior encadenado, series empalmadas, referencia 2018 (miles de millones de pesos encadenados)",F035.PIB.FLU.R.CLP.2018.PB.Z.Z.08.0.T,Producción de bienes,T,08,Biobío,PB,Producción de bienes,Cuentas Nacionales (PIB y Consumo),Pesos Chilenos (CLP)
Regionales,"PIB por actividad económica, Región del Biobío, volumen a precios del año anterior encadenado, series empalmadas, referencia 2018 (miles de millones de pesos encadenados)",F035.PIB.FLU.R.CLP.2018.03.Z.Z.08.0.T,Minería,T,08,Biobío,03,Minería,Cuentas Nacionales (PIB y Consumo),Pesos Chilenos (CLP)
Regionales,"PIB por actividad económica, Región del Biobío, volumen a precios del año anterior encadenado, series empalmadas, referencia 2018 (miles de millones de pesos encadenados)",F035.PIB.FLU.R.CLP.2018.04.Z.Z.08.0.T,Industria,T,08,Biobío,04,Industria,Cuentas Nacionales (PIB y Consumo),Pesos Chilenos (CLP)
Regionales,"PIB por actividad económica, Región del Biobío, volumen a precios del año anterior encadenado, series empalmadas, referencia 2018 (miles de millones de pesos encadenados)",F035.PIB.FLU.R.CLP.2018.RB.Z.Z.08.0.T,Resto de bienes,T,08,Biobío,RB,Resto de bienes,Cuentas Nacionales (PIB y Consumo),Pesos Chilenos (CLP)
Regionales,"PIB por actividad económica, Región del Biobío, volumen a precios del año anterior encadenado, series empalmadas, referencia 2018 (miles de millones de pesos encadenados)",F035.PIB.FLU.R.CLP.2018.COM.Z.Z.08.0.T,Comercio,T,08,Biobío,COM,Comercio,Cuentas Nacionales (PIB y Consumo),Pesos Chilenos (CLP)
Regionales,"PIB por actividad económica, Región del Biobío, volumen a precios del año anterior encadenado, series empalmadas, referencia 2018 (miles de millones de pesos encadenados)",F035.PIB.FLU.R.CLP.2018.SERV.Z.Z.08.0.T,Servicios,T,08,Biobío,SERV,Servicios,Cuentas Nacionales (PIB y Consumo),Pesos Chilenos (CLP)
Regionales,"PIB por actividad económica, Región de la Araucanía, volumen a precios del año anterior encadenado, series empalmadas, referencia 2018 (miles de millones de pesos encadenados)",F035.PIB.FLU.R.CLP.2018.PB.Z.Z.09.0.T,Producción de bienes,T,09,La Araucanía,PB,Producción de bienes,Cuentas Nacionales (PIB y Consumo),Pesos Chilenos (CLP)
Regionales,"PIB por actividad económica, Región de la Araucanía, volumen a precios del año anterior encadenado, series empalmadas, referencia 2018 (miles de millones de pesos encadenados)",F035.PIB.FLU.R.CLP.2018.03.Z.Z.09.0.T,Minería,T,09,La Araucanía,03,Minería,Cuentas Nacionales (PIB y Consumo),Pesos Chilenos (CLP)
Regionales,"PIB por actividad económica, Región de la Araucanía, volumen a precios del año anterior encadenado, series empalmadas, referencia 2018 (miles de millones de pesos encadenados)",F035.PIB.FLU.R.CLP.2018.04.Z.Z.09.0.T,Industria,T,09,La Araucanía,04,Industria,Cuentas Nacionales (PIB y Consumo),Pesos Chilenos (CLP)
Regionales,"PIB por actividad económica, Región de la Araucanía, volumen a precios del año anterior encadenado, series empalmadas, referencia 2018 (miles de millones de pesos encadenados)",F035.PIB.FLU.R.CLP.2018.RB.Z.Z.09.0.T,Resto de bienes,T,09,La Araucanía,RB,Resto de bienes,Cuentas Nacionales (PIB y Consumo),Pesos Chilenos (CLP)
Regionales,"PIB por actividad económica, Región de la Araucanía, volumen a precios del año anterior encadenado, series empalmadas, referencia 2018 (miles de millones de pesos encadenados)",F035.PIB.FLU.R.CLP.2018.COM.Z.Z.09.0.T,Comercio,T,09,La Araucanía,COM,Comercio,Cuentas Nacionales (PIB y Consumo),Pesos Chilenos (CLP)
Regionales,"PIB por actividad económica, Región de la Araucanía, volumen a precios del año anterior encadenado, series empalmadas, referencia 2018 (miles de millones de pesos encadenados)",F035.PIB.FLU.R.CLP.2018.SERV.Z.Z.09.0.T,Servicios,T,09,La Araucanía,SERV,Servicios,Cuentas Nacionales (PIB y Consumo),Pesos Chilenos (CLP)
Regionales,"PIB por actividad económica, Región de Los Ríos, volumen a precios del año anterior encadenado, series empalmadas, referencia 2018 (miles de millones de pesos encadenados)",F035.PIB.FLU.R.CLP.2018.PB.Z.Z.14.0.T,Producción de bienes,T,14,Los Ríos,PB,Producción de bienes,Cuentas Nacionales (PIB y Consumo),Pesos Chilenos (CLP)
Regionales,"PIB por actividad económica, Región de Los Ríos, volumen a precios del año anterior encadenado, series empalmadas, referencia 2018 (miles de millones de pesos encadenados)",F035.PIB.FLU.R.CLP.2018.03.Z.Z.14.0.T,Minería,T,14,Los Ríos,03,Minería,Cuentas Nacionales (PIB y Consumo),Pesos Chilenos (CLP)
Regionales,"PIB por actividad económica, Región de Los Ríos, volumen a precios del año anterior encadenado, series empalmadas, referencia 2018 (miles de millones de pesos encadenados)",F035.PIB.FLU.R.CLP.2018.04.Z.Z.14.0.T,Industria,T,14,Los Ríos,04,Industria,Cuentas Nacionales (PIB y Consumo),Pesos Chilenos (CLP)
Regionales,"PIB por actividad económica, Región de Los Ríos, volumen a precios del año anterior encadenado, series empalmadas, referencia 2018 (miles de millones de pesos encadenados)",F035.PIB.FLU.R.CLP.2018.RB.Z.Z.14.0.T,Resto de bienes,T,14,Los Ríos,RB,Resto de bienes,Cuentas Nacionales (PIB y Consumo),Pesos Chilenos (CLP)
Regionales,"PIB por actividad económica, Región de Los Ríos, volumen a precios del año anterior encadenado, series empalmadas, referencia 2018 (miles de millones de pesos encadenados)",F035.PIB.FLU.R.CLP.2018.COM.Z.Z.14.0.T,Comercio,T,14,Los Ríos,COM,Comercio,Cuentas Nacionales (PIB y Consumo),Pesos Chilenos (CLP)
Regionales,"PIB por actividad económica, Región de Los Ríos, volumen a precios del año anterior encadenado, series empalmadas, referencia 2018 (miles de millones de pesos encadenados)",F035.PIB.FLU.R.CLP.2018.SERV.Z.Z.14.0.T,Servicios,T,14,Los Ríos,SERV,Servicios,Cuentas Nacionales (PIB y Consumo),Pesos Chilenos (CLP)
Regionales,"PIB por actividad económica, Región de Los Lagos, volumen a precios del año anterior encadenado, series empalmadas, referencia 2018 (miles de millones de pesos encadenados)",F035.PIB.FLU.R.CLP.2018.PB.Z.Z.10.0.T,Producción de bienes,T,10,Los Lagos,PB,Producción de bienes,Cuentas Nacionales (PIB y Consumo),Pesos Chilenos (CLP)
Regionales,"PIB por actividad económica, Región de Los Lagos, volumen a precios del año anterior encadenado, series empalmadas, referencia 2018 (miles de millones de pesos encadenados)",F035.PIB.FLU.R.CLP.2018.03.Z.Z.10.0.T,Minería,T,10,Los Lagos,03,Minería,Cuentas Nacionales (PIB y Consumo),Pesos Chilenos (CLP)
Regionales,"PIB por actividad económica, Región de Los Lagos, volumen a precios del año anterior encadenado, series empalmadas, referencia 2018 (miles de millones de pesos encadenados)",F035.PIB.FLU.R.CLP.2018.04.Z.Z.10.0.T,Industria,T,10,Los Lagos,04,Industria,Cuentas Nacionales (PIB y Consumo),Pesos Chilenos (CLP)
Regionales,"PIB por actividad económica, Región de Los Lagos, volumen a precios del año anterior encadenado, series empalmadas, referencia 2018 (miles de millones de pesos encadenados)",F035.PIB.FLU.R.CLP.2018.RB.Z.Z.10.0.T,Resto de bienes,T,10,Los Lagos,RB,Resto de bienes,Cuentas Nacionales (PIB y Consumo),Pesos Chilenos (CLP)
Regionales,"PIB por actividad económica, Región de Los Lagos, volumen a precios del año anterior encadenado, series empalmadas, referencia 2018 (miles de millones de pesos encadenados)",F035.PIB.FLU.R.CLP.2018.COM.Z.Z.10.0.T,Comercio,T,10,Los Lagos,COM,Comercio,Cuentas Nacionales (PIB y Consumo),Pesos Chilenos (CLP)
Regionales,"PIB por actividad económica, Región de Los Lagos, volumen a precios del año anterior encadenado, series empalmadas, referencia 2018 (miles de millones de pesos encadenados)",F035.PIB.FLU.R.CLP.2018.SERV.Z.Z.10.0.T,Servicios,T,10,Los Lagos,SERV,Servicios,Cuentas Nacionales (PIB y Consumo),Pesos Chilenos (CLP)
Regionales,"PIB por actividad económica, Región de Aysén del General Carlos Ibáñez del Campo, volumen a precios del año anterior encadenado, series empalmadas, referencia 2018 (miles de millones de pesos encadenados)",F035.PIB.FLU.R.CLP.2018.PB.Z.Z.11.0.T,Producción de bienes,T,11,Aysén,PB,Producción de bienes,Cuentas Nacionales (PIB y Consumo),Pesos Chilenos (CLP)
Regionales,"PIB por actividad económica, Región de Aysén del General Carlos Ibáñez del Campo, volumen a precios del año anterior encadenado, series empalmadas, referencia 2018 (miles de millones de pesos encadenados)",F035.PIB.FLU.R.CLP.2018.03.Z.Z.11.0.T,Minería,T,11,Aysén,03,Minería,Cuentas Nacionales (PIB y Consumo),Pesos Chilenos (CLP)
Regionales,"PIB por actividad económica, Región de Aysén del General Carlos Ibáñez del Campo, volumen a precios del año anterior encadenado, series empalmadas, referencia 2018 (miles de millones de pesos encadenados)",F035.PIB.FLU.R.CLP.2018.04.Z.Z.11.0.T,Industria,T,11,Aysén,04,Industria,Cuentas Nacionales (PIB y Consumo),Pesos Chilenos (CLP)
Regionales,"PIB por actividad económica, Región de Aysén del General Carlos Ibáñez del Campo, volumen a precios del año anterior encadenado, series empalmadas, referencia 2018 (miles de millones de pesos encadenados)",F035.PIB.FLU.R.CLP.2018.RB.Z.Z.11.0.T,Resto de bienes,T,11,Aysén,RB,Resto de bienes,Cuentas Nacionales (PIB y Consumo),Pesos Chilenos (CLP)
Regionales,"PIB por actividad económica, Región de Aysén del General Carlos Ibáñez del Campo, volumen a precios del año anterior encadenado, series empalmadas, referencia 2018 (miles de millones de pesos encadenados)",F035.PIB.FLU.R.CLP.2018.COM.Z.Z.11.0.T,Comercio,T,11,Aysén,COM,Comercio,Cuentas Nacionales (PIB y Consumo),Pesos Chilenos (CLP)
Regionales,"PIB por actividad económica, Región de Aysén del General Carlos Ibáñez del Campo, volumen a precios del año anterior encadenado, series empalmadas, referencia 2018 (miles de millones de pesos encadenados)",F035.PIB.FLU.R.CLP.2018.SERV.Z.Z.11.0.T,Servicios,T,11,Aysén,SERV,Servicios,Cuentas Nacionales (PIB y Consumo),Pesos Chilenos (CLP)
Regionales,"PIB por actividad económica, Región de Magallanes y de la Antártica Chilena, volumen a precios del año anterior encadenado, series empalmadas, referencia 2018 (miles de millones de pesos encadenados)",F035.PIB.FLU.R.CLP.2018.PB.Z.Z.12.0.T,Producción de bienes,T,12,Magallanes,PB,Producción de bienes,Cuentas Nacionales (PIB y Consumo),Pesos Chilenos (CLP)
Regionales,"PIB por actividad económica, Región de Magallanes y de la Antártica Chilena, volumen a precios del año anterior encadenado, series empalmadas, referencia 2018 (miles de millones de pesos encadenados)",F035.PIB.FLU.R.CLP.2018.03.Z.Z.12.0.T,Minería,T,12,Magallanes,03,Minería,Cuentas Nacionales (PIB y Consumo),Pesos Chilenos (CLP)
Regionales,"PIB por actividad económica, Región de Magallanes y de la Antártica Chilena, volumen a precios del año anterior encadenado, series empalmadas, referencia 2018 (miles de millones de pesos encadenados)",F035.PIB.FLU.R.CLP.2018.04.Z.Z.12.0.T,Industria,T,12,Magallanes,04,Industria,Cuentas Nacionales (PIB y Consumo),Pesos Chilenos (CLP)
Regionales,"PIB por actividad económica, Región de Magallanes y de la Antártica Chilena, volumen a precios del año anterior encadenado, series empalmadas, referencia 2018 (miles de millones de pesos encadenados)",F035.PIB.FLU.R.CLP.2018.RB.Z.Z.12.0.T,Resto de bienes,T,12,Magallanes,RB,Resto de bienes,Cuentas Nacionales (PIB y Consumo),Pesos Chilenos (CLP)
Regionales,"PIB por actividad económica, Región de Magallanes y de la Antártica Chilena, volumen a precios del año anterior encadenado, series empalmadas, referencia 2018 (miles de millones de pesos encadenados)",F035.PIB.FLU.R.CLP.2018.COM.Z.Z.12.0.T,Comercio,T,12,Magallanes,COM,Comercio,Cuentas Nacionales (PIB y Consumo),Pesos Chilenos (CLP)
Regionales,"PIB por actividad económica, Región de Magallanes y de la Antártica Chilena, volumen a precios del año anterior encadenado, series empalmadas, referencia 2018 (miles de millones de pesos encadenados)",F035.PIB.FLU.R.CLP.2018.SERV.Z.Z.12.0.T,Servicios,T,12,Magallanes,SERV,Servicios,Cuentas Nacionales (PIB y Consumo),Pesos Chilenos (CLP)
Regionales,"Producto interno bruto por región, contribución porcentual respecto de igual periodo del año anterior, series empalmadas, referencia 2018 .",F035.PIB.V12.R.CLP.2018.Z.Z.Z.15.0.T,Región de Arica y Parinacota,T,15,Arica y Parinacota,Z,Total regional (sin desglose sectorial),Cuentas Nacionales (PIB y Consumo),No Especificada
Regionales,"Producto interno bruto por región, contribución porcentual respecto de igual periodo del año anterior, series empalmadas, referencia 2018 .",F035.PIB.V12.R.CLP.2018.Z.Z.Z.01.0.T,Región de Tarapacá,T,01,Tarapacá,Z,Total regional (sin desglose sectorial),Cuentas Nacionales (PIB y Consumo),No Especificada
Regionales,"Producto interno bruto por región, contribución porcentual respecto de igual periodo del año anterior, series empalmadas, referencia 2018 .",F035.PIB.V12.R.CLP.2018.Z.Z.Z.02.0.T,Región de Antofagasta,T,02,Antofagasta,Z,Total regional (sin desglose sectorial),Cuentas Nacionales (PIB y Consumo),No Especificada
Regionales,"Producto interno bruto por región, contribución porcentual respecto de igual periodo del año anterior, series empalmadas, referencia 2018 .",F035.PIB.V12.R.CLP.2018.Z.Z.Z.03.0.T,Región de Atacama,T,03,Atacama,Z,Total regional (sin desglose sectorial),Cuentas Nacionales (PIB y Consumo),No Especificada
Regionales,"Producto interno bruto por región, contribución porcentual respecto de igual periodo del año anterior, series empalmadas, referencia 2018 .",F035.PIB.V12.R.CLP.2018.Z.Z.Z.04.0.T,Región de Coquimbo,T,04,Coquimbo,Z,Total regional (sin desglose sectorial),Cuentas Nacionales (PIB y Consumo),No Especificada
Regionales,"Producto interno bruto por región, contribución porcentual respecto de igual periodo del año anterior, series empalmadas, referencia 2018 .",F035.PIB.V12.R.CLP.2018.Z.Z.Z.05.0.T,Región de Valparaíso,T,05,Valparaíso,Z,Total regional (sin desglose sectorial),Cuentas Nacionales (PIB y Consumo),No Especificada
Regionales,"Producto interno bruto por región, contribución porcentual respecto de igual periodo del año anterior, series empalmadas, referencia 2018 .",F035.PIB.V12.R.CLP.2018.Z.Z.Z.13.0.T,Región Metropolitana de Santiago,T,13,Metropolitana de Santiago,Z,Total regional (sin desglose sectorial),Cuentas Nacionales (PIB y Consumo),No Especificada
Regionales,"Producto interno bruto por región, contribución porcentual respecto de igual periodo del año anterior, series empalmadas, referencia 2018 .",F035.PIB.V12.R.CLP.2018.Z.Z.Z.06.0.T,Región del Libertador General Bernardo OHiggins,T,06,O'Higgins,Z,Total regional (sin desglose sectorial),Cuentas Nacionales (PIB y Consumo),No Especificada
Regionales,"Producto interno bruto por región, contribución porcentual respecto de igual periodo del año anterior, series empalmadas, referencia 2018 .",F035.PIB.V12.R.CLP.2018.Z.Z.Z.07.0.T,Región del Maule,T,07,Maule,Z,Total regional (sin desglose sectorial),Cuentas Nacionales (PIB y Consumo),No Especificada
Regionales,"Producto interno bruto por región, contribución porcentual respecto de igual periodo del año anterior, series empalmadas, referencia 2018 .",F035.PIB.V12.R.CLP.2018.Z.Z.Z.16.0.T,Región de Ñuble,T,16,Ñuble,Z,Total regional (sin desglose sectorial),Cuentas Nacionales (PIB y Consumo),No Especificada
Regionales,"Producto interno bruto por región, contribución porcentual respecto de igual periodo del año anterior, series empalmadas, referencia 2018 .",F035.PIB.V12.R.CLP.2018.Z.Z.Z.08.0.T,Región del Biobío,T,08,Biobío,Z,Total regional (sin desglose sectorial),Cuentas Nacionales (PIB y Consumo),No Especificada
Regionales,"Producto interno bruto por región, contribución porcentual respecto de igual periodo del año anterior, series empalmadas, referencia 2018 .",F035.PIB.V12.R.CLP.2018.Z.Z.Z.09.0.T,Región de La Araucanía,T,09,La Araucanía,Z,Total regional (sin desglose sectorial),Cuentas Nacionales (PIB y Consumo),No Especificada
Regionales,"Producto interno bruto por región, contribución porcentual respecto de igual periodo del año anterior, series empalmadas, referencia 2018 .",F035.PIB.V12.R.CLP.2018.Z.Z.Z.14.0.T,Región de Los Ríos,T,14,Los Ríos,Z,Total regional (sin desglose sectorial),Cuentas Nacionales (PIB y Consumo),No Especificada
Regionales,"Producto interno bruto por región, contribución porcentual respecto de igual periodo del año anterior, series empalmadas, referencia 2018 .",F035.PIB.V12.R.CLP.2018.Z.Z.Z.10.0.T,Región de Los Lagos,T,10,Los Lagos,Z,Total regional (sin desglose sectorial),Cuentas Nacionales (PIB y Consumo),No Especificada
Regionales,"Producto interno bruto por región, contribución porcentual respecto de igual periodo del año anterior, series empalmadas, referencia 2018 .",F035.PIB.V12.R.CLP.2018.Z.Z.Z.11.0.T,Región de Aysén del General Carlos Ibáñez del Campo,T,11,Aysén,Z,Total regional (sin desglose sectorial),Cuentas Nacionales (PIB y Consumo),No Especificada
Regionales,"Producto interno bruto por región, contribución porcentual respecto de igual periodo del año anterior, series empalmadas, referencia 2018 .",F035.PIB.V12.R.CLP.2018.Z.Z.Z.12.0.T,Región de Magallanes y de la Antártica Chilena,T,12,Magallanes,Z,Total regional (sin desglose sectorial),Cuentas Nacionales (PIB y Consumo),No Especificada
Regionales,"Producto interno bruto por región, contribución porcentual respecto de igual periodo del año anterior, series empalmadas, referencia 2018 .",F035.PCF.V12.R.CLP.2018.Z.Z.Z.Z.0.T,Subtotal regionalizado,T,Nacional,Total Nacional,Z,Total regional (sin desglose sectorial),Cuentas Nacionales (PIB y Consumo),No Especificada
Regionales,"Producto interno bruto por región, contribución porcentual respecto de igual periodo del año anterior, series empalmadas, referencia 2018 .",F035.PIB.V12.R.CLP.2018.Z.Z.Z.99.0.T,Extrarregional,T,Nacional,Total Nacional,Z,Total regional (sin desglose sectorial),Cuentas Nacionales (PIB y Consumo),No Especificada
Regionales,"Producto interno bruto por región, contribución porcentual respecto de igual periodo del año anterior, series empalmadas, referencia 2018 .",F035.PIB.V12.R.CLP.2018.Z.Z.Z.Z.0.T,Producto Interno Bruto,T,Nacional,Total Nacional,Z,Total regional (sin desglose sectorial),Cuentas Nacionales (PIB y Consumo),No Especificada
Regionales,"Producto interno bruto Región de Arica y Parinacota, contribución porcentual respecto de igual periodo del año anterior, series empalmadas, referencia 2018",F035.PIB.V12.R.CLP.2018.PB.Z.Z.15.0.T,Producción de bienes,T,15,Arica y Parinacota,PB,Producción de bienes,Cuentas Nacionales (PIB y Consumo),No Especificada
Regionales,"Producto interno bruto Región de Arica y Parinacota, contribución porcentual respecto de igual periodo del año anterior, series empalmadas, referencia 2018",F035.PIB.V12.R.CLP.2018.03.Z.Z.15.0.T,Minería,T,15,Arica y Parinacota,03,Minería,Cuentas Nacionales (PIB y Consumo),No Especificada
Regionales,"Producto interno bruto Región de Arica y Parinacota, contribución porcentual respecto de igual periodo del año anterior, series empalmadas, referencia 2018",F035.PIB.V12.R.CLP.2018.04.Z.Z.15.0.T,Industria,T,15,Arica y Parinacota,04,Industria,Cuentas Nacionales (PIB y Consumo),No Especificada
Regionales,"Producto interno bruto Región de Arica y Parinacota, contribución porcentual respecto de igual periodo del año anterior, series empalmadas, referencia 2018",F035.PIB.V12.R.CLP.2018.RB.Z.Z.15.0.T,Resto de bienes,T,15,Arica y Parinacota,RB,Resto de bienes,Cuentas Nacionales (PIB y Consumo),No Especificada
Regionales,"Producto interno bruto Región de Arica y Parinacota, contribución porcentual respecto de igual periodo del año anterior, series empalmadas, referencia 2018",F035.PIB.V12.R.CLP.2018.COM.Z.Z.15.0.T,Comercio,T,15,Arica y Parinacota,COM,Comercio,Cuentas Nacionales (PIB y Consumo),No Especificada
Regionales,"Producto interno bruto Región de Arica y Parinacota, contribución porcentual respecto de igual periodo del año anterior, series empalmadas, referencia 2018",F035.PIB.V12.R.CLP.2018.SERV.Z.Z.15.0.T,Servicios,T,15,Arica y Parinacota,SERV,Servicios,Cuentas Nacionales (PIB y Consumo),No Especificada
Regionales,"Producto interno bruto Región de Arica y Parinacota, contribución porcentual respecto de igual periodo del año anterior, series empalmadas, referencia 2018",F035.PIB.V12.R.CLP.2018.CONT.Z.Z.15.0.T,Producto Interno Bruto,T,15,Arica y Parinacota,CONT,PIB (contribución),Cuentas Nacionales (PIB y Consumo),No Especificada
Regionales,"Producto interno bruto Región de Tarapacá, contribución porcentual respecto de igual periodo del año anterior, series empalmadas, referencia 2018",F035.PIB.V12.R.CLP.2018.PB.21.Z.01.0.T,Producción de bienes,T,01,Tarapacá,PB,Producción de bienes,Cuentas Nacionales (PIB y Consumo),No Especificada
Regionales,"Producto interno bruto Región de Tarapacá, contribución porcentual respecto de igual periodo del año anterior, series empalmadas, referencia 2018",F035.PIB.V12.R.CLP.2018.03.21.Z.01.0.T,Minería,T,01,Tarapacá,03,Minería,Cuentas Nacionales (PIB y Consumo),No Especificada
Regionales,"Producto interno bruto Región de Tarapacá, contribución porcentual respecto de igual periodo del año anterior, series empalmadas, referencia 2018",F035.PIB.V12.R.CLP.2018.04.21.Z.01.0.T,Industria,T,01,Tarapacá,04,Industria,Cuentas Nacionales (PIB y Consumo),No Especificada
Regionales,"Producto interno bruto Región de Tarapacá, contribución porcentual respecto de igual periodo del año anterior, series empalmadas, referencia 2018",F035.PIB.V12.R.CLP.2018.RB.21.Z.01.0.T,Resto de bienes,T,01,Tarapacá,RB,Resto de bienes,Cuentas Nacionales (PIB y Consumo),No Especificada
Regionales,"Producto interno bruto Región de Tarapacá, contribución porcentual respecto de igual periodo del año anterior, series empalmadas, referencia 2018",F035.PIB.V12.R.CLP.2018.COM.21.Z.01.0.T,Comercio,T,01,Tarapacá,COM,Comercio,Cuentas Nacionales (PIB y Consumo),No Especificada
Regionales,"Producto interno bruto Región de Tarapacá, contribución porcentual respecto de igual periodo del año anterior, series empalmadas, referencia 2018",F035.PIB.V12.R.CLP.2018.SERV.21.Z.01.0.T,Servicios,T,01,Tarapacá,SERV,Servicios,Cuentas Nacionales (PIB y Consumo),No Especificada
Regionales,"Producto interno bruto Región de Tarapacá, contribución porcentual respecto de igual periodo del año anterior, series empalmadas, referencia 2018",F035.PIB.V12.R.CLP.2018.CONT.Z.Z.01.0.T,Producto Interno Bruto,T,01,Tarapacá,CONT,PIB (contribución),Cuentas Nacionales (PIB y Consumo),No Especificada
Regionales,"Producto interno bruto Región de Antofagasta, contribución porcentual respecto de igual periodo del año anterior, series empalmadas, referencia 2018",F035.PIB.V12.R.CLP.2018.PB.Z.Z.02.0.T,Producción de bienes,T,02,Antofagasta,PB,Producción de bienes,Cuentas Nacionales (PIB y Consumo),No Especificada
Regionales,"Producto interno bruto Región de Antofagasta, contribución porcentual respecto de igual periodo del año anterior, series empalmadas, referencia 2018",F035.PIB.V12.R.CLP.2018.03.Z.Z.02.0.T,Minería,T,02,Antofagasta,03,Minería,Cuentas Nacionales (PIB y Consumo),No Especificada
Regionales,"Producto interno bruto Región de Antofagasta, contribución porcentual respecto de igual periodo del año anterior, series empalmadas, referencia 2018",F035.PIB.V12.R.CLP.2018.04.Z.Z.02.0.T,Industria,T,02,Antofagasta,04,Industria,Cuentas Nacionales (PIB y Consumo),No Especificada
Regionales,"Producto interno bruto Región de Antofagasta, contribución porcentual respecto de igual periodo del año anterior, series empalmadas, referencia 2018",F035.PIB.V12.R.CLP.2018.RB.Z.Z.02.0.T,Resto de bienes,T,02,Antofagasta,RB,Resto de bienes,Cuentas Nacionales (PIB y Consumo),No Especificada
Regionales,"Producto interno bruto Región de Antofagasta, contribución porcentual respecto de igual periodo del año anterior, series empalmadas, referencia 2018",F035.PIB.V12.R.CLP.2018.COM.Z.Z.02.0.T,Comercio,T,02,Antofagasta,COM,Comercio,Cuentas Nacionales (PIB y Consumo),No Especificada
Regionales,"Producto interno bruto Región de Antofagasta, contribución porcentual respecto de igual periodo del año anterior, series empalmadas, referencia 2018",F035.PIB.V12.R.CLP.2018.SERV.Z.Z.02.0.T,Servicios,T,02,Antofagasta,SERV,Servicios,Cuentas Nacionales (PIB y Consumo),No Especificada
Regionales,"Producto interno bruto Región de Antofagasta, contribución porcentual respecto de igual periodo del año anterior, series empalmadas, referencia 2018",F035.PIB.V12.R.CLP.2018.CONT.Z.Z.02.0.T,Producto Interno Bruto,T,02,Antofagasta,CONT,PIB (contribución),Cuentas Nacionales (PIB y Consumo),No Especificada
Regionales,"Producto interno bruto Región de Atacama, contribución porcentual respecto de igual periodo del año anterior, series empalmadas, referencia 2018",F035.PIB.V12.R.CLP.2018.PB.Z.Z.03.0.T,Producción de bienes,T,03,Atacama,PB,Producción de bienes,Cuentas Nacionales (PIB y Consumo),No Especificada
Regionales,"Producto interno bruto Región de Atacama, contribución porcentual respecto de igual periodo del año anterior, series empalmadas, referencia 2018",F035.PIB.V12.R.CLP.2018.03.Z.Z.03.0.T,Minería,T,03,Atacama,03,Minería,Cuentas Nacionales (PIB y Consumo),No Especificada
Regionales,"Producto interno bruto Región de Atacama, contribución porcentual respecto de igual periodo del año anterior, series empalmadas, referencia 2018",F035.PIB.V12.R.CLP.2018.04.Z.Z.03.0.T,Industria,T,03,Atacama,04,Industria,Cuentas Nacionales (PIB y Consumo),No Especificada
Regionales,"Producto interno bruto Región de Atacama, contribución porcentual respecto de igual periodo del año anterior, series empalmadas, referencia 2018",F035.PIB.V12.R.CLP.2018.RB.Z.Z.03.0.T,Resto de bienes,T,03,Atacama,RB,Resto de bienes,Cuentas Nacionales (PIB y Consumo),No Especificada
Regionales,"Producto interno bruto Región de Atacama, contribución porcentual respecto de igual periodo del año anterior, series empalmadas, referencia 2018",F035.PIB.V12.R.CLP.2018.COM.Z.Z.03.0.T,Comercio,T,03,Atacama,COM,Comercio,Cuentas Nacionales (PIB y Consumo),No Especificada
Regionales,"Producto interno bruto Región de Atacama, contribución porcentual respecto de igual periodo del año anterior, series empalmadas, referencia 2018",F035.PIB.V12.R.CLP.2018.SERV.Z.Z.03.0.T,Servicios,T,03,Atacama,SERV,Servicios,Cuentas Nacionales (PIB y Consumo),No Especificada
Regionales,"Producto interno bruto Región de Atacama, contribución porcentual respecto de igual periodo del año anterior, series empalmadas, referencia 2018",F035.PIB.V12.R.CLP.2018.CONT.Z.Z.03.0.T,Producto Interno Bruto,T,03,Atacama,CONT,PIB (contribución),Cuentas Nacionales (PIB y Consumo),No Especificada
Regionales,"Producto interno bruto Región de Coquimbo, contribución porcentual respecto de igual periodo del año anterior, series empalmadas, referencia 2018",F035.PIB.V12.R.CLP.2018.PB.Z.Z.04.0.T,Producción de bienes,T,04,Coquimbo,PB,Producción de bienes,Cuentas Nacionales (PIB y Consumo),No Especificada
Regionales,"Producto interno bruto Región de Coquimbo, contribución porcentual respecto de igual periodo del año anterior, series empalmadas, referencia 2018",F035.PIB.V12.R.CLP.2018.03.Z.Z.04.0.T,Minería,T,04,Coquimbo,03,Minería,Cuentas Nacionales (PIB y Consumo),No Especificada
Regionales,"Producto interno bruto Región de Coquimbo, contribución porcentual respecto de igual periodo del año anterior, series empalmadas, referencia 2018",F035.PIB.V12.R.CLP.2018.04.Z.Z.04.0.T,Industria,T,04,Coquimbo,04,Industria,Cuentas Nacionales (PIB y Consumo),No Especificada
Regionales,"Producto interno bruto Región de Coquimbo, contribución porcentual respecto de igual periodo del año anterior, series empalmadas, referencia 2018",F035.PIB.V12.R.CLP.2018.RB.Z.Z.04.0.T,Resto de bienes,T,04,Coquimbo,RB,Resto de bienes,Cuentas Nacionales (PIB y Consumo),No Especificada
Regionales,"Producto interno bruto Región de Coquimbo, contribución porcentual respecto de igual periodo del año anterior, series empalmadas, referencia 2018",F035.PIB.V12.R.CLP.2018.COM.Z.Z.04.0.T,Comercio,T,04,Coquimbo,COM,Comercio,Cuentas Nacionales (PIB y Consumo),No Especificada
Regionales,"Producto interno bruto Región de Coquimbo, contribución porcentual respecto de igual periodo del año anterior, series empalmadas, referencia 2018",F035.PIB.V12.R.CLP.2018.SERV.Z.Z.04.0.T,Servicios,T,04,Coquimbo,SERV,Servicios,Cuentas Nacionales (PIB y Consumo),No Especificada
Regionales,"Producto interno bruto Región de Coquimbo, contribución porcentual respecto de igual periodo del año anterior, series empalmadas, referencia 2018",F035.PIB.V12.R.CLP.2018.CONT.Z.Z.04.0.T,Producto Interno Bruto,T,04,Coquimbo,CONT,PIB (contribución),Cuentas Nacionales (PIB y Consumo),No Especificada
Regionales,"Producto interno bruto Región de Valparaíso, contribución porcentual respecto de igual periodo del año anterior, series empalmadas, referencia 2018",F035.PIB.V12.R.CLP.2018.PB.Z.Z.05.0.T,Producción de bienes,T,05,Valparaíso,PB,Producción de bienes,Cuentas Nacionales (PIB y Consumo),No Especificada
Regionales,"Producto interno bruto Región de Valparaíso, contribución porcentual respecto de igual periodo del año anterior, series empalmadas, referencia 2018",F035.PIB.V12.R.CLP.2018.03.Z.Z.05.0.T,Minería,T,05,Valparaíso,03,Minería,Cuentas Nacionales (PIB y Consumo),No Especificada
Regionales,"Producto interno bruto Región de Valparaíso, contribución porcentual respecto de igual periodo del año anterior, series empalmadas, referencia 2018",F035.PIB.V12.R.CLP.2018.04.Z.Z.05.0.T,Industria,T,05,Valparaíso,04,Industria,Cuentas Nacionales (PIB y Consumo),No Especificada
Regionales,"Producto interno bruto Región de Valparaíso, contribución porcentual respecto de igual periodo del año anterior, series empalmadas, referencia 2018",F035.PIB.V12.R.CLP.2018.RB.Z.Z.05.0.T,Resto de bienes,T,05,Valparaíso,RB,Resto de bienes,Cuentas Nacionales (PIB y Consumo),No Especificada
Regionales,"Producto interno bruto Región de Valparaíso, contribución porcentual respecto de igual periodo del año anterior, series empalmadas, referencia 2018",F035.PIB.V12.R.CLP.2018.COM.Z.Z.05.0.T,Comercio,T,05,Valparaíso,COM,Comercio,Cuentas Nacionales (PIB y Consumo),No Especificada
Regionales,"Producto interno bruto Región de Valparaíso, contribución porcentual respecto de igual periodo del año anterior, series empalmadas, referencia 2018",F035.PIB.V12.R.CLP.2018.SERV.Z.Z.05.0.T,Servicios,T,05,Valparaíso,SERV,Servicios,Cuentas Nacionales (PIB y Consumo),No Especificada
Regionales,"Producto interno bruto Región de Valparaíso, contribución porcentual respecto de igual periodo del año anterior, series empalmadas, referencia 2018",F035.PIB.V12.R.CLP.2018.CONT.Z.Z.05.0.T,Producto Interno Bruto,T,05,Valparaíso,CONT,PIB (contribución),Cuentas Nacionales (PIB y Consumo),No Especificada
Regionales,"Producto interno bruto Región Metropolitana de Santiago, contribución porcentual respecto de igual periodo del año anterior, series empalmadas, referencia 2018",F035.PIB.V12.R.CLP.2018.PB.Z.Z.13.0.T,Producción de bienes,T,13,Metropolitana de Santiago,PB,Producción de bienes,Cuentas Nacionales (PIB y Consumo),No Especificada
Regionales,"Producto interno bruto Región Metropolitana de Santiago, contribución porcentual respecto de igual periodo del año anterior, series empalmadas, referencia 2018",F035.PIB.V12.R.CLP.2018.03.Z.Z.13.0.T,Minería,T,13,Metropolitana de Santiago,03,Minería,Cuentas Nacionales (PIB y Consumo),No Especificada
Regionales,"Producto interno bruto Región Metropolitana de Santiago, contribución porcentual respecto de igual periodo del año anterior, series empalmadas, referencia 2018",F035.PIB.V12.R.CLP.2018.04.Z.Z.13.0.T,Industria,T,13,Metropolitana de Santiago,04,Industria,Cuentas Nacionales (PIB y Consumo),No Especificada
Regionales,"Producto interno bruto Región Metropolitana de Santiago, contribución porcentual respecto de igual periodo del año anterior, series empalmadas, referencia 2018",F035.PIB.V12.R.CLP.2018.RB.Z.Z.13.0.T,Resto de bienes,T,13,Metropolitana de Santiago,RB,Resto de bienes,Cuentas Nacionales (PIB y Consumo),No Especificada
Regionales,"Producto interno bruto Región Metropolitana de Santiago, contribución porcentual respecto de igual periodo del año anterior, series empalmadas, referencia 2018",F035.PIB.V12.R.CLP.2018.COM.Z.Z.13.0.T,Comercio,T,13,Metropolitana de Santiago,COM,Comercio,Cuentas Nacionales (PIB y Consumo),No Especificada
Regionales,"Producto interno bruto Región Metropolitana de Santiago, contribución porcentual respecto de igual periodo del año anterior, series empalmadas, referencia 2018",F035.PIB.V12.R.CLP.2018.SERV.Z.Z.13.0.T,Servicios,T,13,Metropolitana de Santiago,SERV,Servicios,Cuentas Nacionales (PIB y Consumo),No Especificada
Regionales,"Producto interno bruto Región Metropolitana de Santiago, contribución porcentual respecto de igual periodo del año anterior, series empalmadas, referencia 2018",F035.PIB.V12.R.CLP.2018.CONT.Z.Z.13.0.T,Producto Interno Bruto,T,13,Metropolitana de Santiago,CONT,PIB (contribución),Cuentas Nacionales (PIB y Consumo),No Especificada
Regionales,"Producto interno bruto Región de Libertador General Bernardo O`Higgins, contribución porcentual respecto de igual periodo del año anterior, series empalmadas, referencia 2018",F035.PIB.V12.R.CLP.2018.PB.Z.Z.06.0.T,Producción de bienes,T,06,O'Higgins,PB,Producción de bienes,Cuentas Nacionales (PIB y Consumo),No Especificada
Regionales,"Producto interno bruto Región de Libertador General Bernardo O`Higgins, contribución porcentual respecto de igual periodo del año anterior, series empalmadas, referencia 2018",F035.PIB.V12.R.CLP.2018.03.Z.Z.06.0.T,Minería,T,06,O'Higgins,03,Minería,Cuentas Nacionales (PIB y Consumo),No Especificada
Regionales,"Producto interno bruto Región de Libertador General Bernardo O`Higgins, contribución porcentual respecto de igual periodo del año anterior, series empalmadas, referencia 2018",F035.PIB.V12.R.CLP.2018.04.Z.Z.06.0.T,Industria,T,06,O'Higgins,04,Industria,Cuentas Nacionales (PIB y Consumo),No Especificada
Regionales,"Producto interno bruto Región de Libertador General Bernardo O`Higgins, contribución porcentual respecto de igual periodo del año anterior, series empalmadas, referencia 2018",F035.PIB.V12.R.CLP.2018.RB.Z.Z.06.0.T,Resto de bienes,T,06,O'Higgins,RB,Resto de bienes,Cuentas Nacionales (PIB y Consumo),No Especificada
Regionales,"Producto interno bruto Región de Libertador General Bernardo O`Higgins, contribución porcentual respecto de igual periodo del año anterior, series empalmadas, referencia 2018",F035.PIB.V12.R.CLP.2018.COM.Z.Z.06.0.T,Comercio,T,06,O'Higgins,COM,Comercio,Cuentas Nacionales (PIB y Consumo),No Especificada
Regionales,"Producto interno bruto Región de Libertador General Bernardo O`Higgins, contribución porcentual respecto de igual periodo del año anterior, series empalmadas, referencia 2018",F035.PIB.V12.R.CLP.2018.SERV.Z.Z.06.0.T,Servicios,T,06,O'Higgins,SERV,Servicios,Cuentas Nacionales (PIB y Consumo),No Especificada
Regionales,"Producto interno bruto Región de Libertador General Bernardo O`Higgins, contribución porcentual respecto de igual periodo del año anterior, series empalmadas, referencia 2018",F035.PIB.V12.R.CLP.2018.CONT.Z.Z.06.0.T,Producto Interno Bruto,T,06,O'Higgins,CONT,PIB (contribución),Cuentas Nacionales (PIB y Consumo),No Especificada
Regionales,"Producto interno bruto Región del Maule, contribución porcentual respecto de igual periodo del año anterior, series empalmadas, referencia 2018",F035.PIB.V12.R.CLP.2018.PB.Z.Z.07.0.T,Producción de bienes,T,07,Maule,PB,Producción de bienes,Cuentas Nacionales (PIB y Consumo),No Especificada
Regionales,"Producto interno bruto Región del Maule, contribución porcentual respecto de igual periodo del año anterior, series empalmadas, referencia 2018",F035.PIB.V12.R.CLP.2018.03.Z.Z.07.0.T,Minería,T,07,Maule,03,Minería,Cuentas Nacionales (PIB y Consumo),No Especificada
Regionales,"Producto interno bruto Región del Maule, contribución porcentual respecto de igual periodo del año anterior, series empalmadas, referencia 2018",F035.PIB.V12.R.CLP.2018.04.Z.Z.07.0.T,Industria,T,07,Maule,04,Industria,Cuentas Nacionales (PIB y Consumo),No Especificada
Regionales,"Producto interno bruto Región del Maule, contribución porcentual respecto de igual periodo del año anterior, series empalmadas, referencia 2018",F035.PIB.V12.R.CLP.2018.RB.Z.Z.07.0.T,Resto de bienes,T,07,Maule,RB,Resto de bienes,Cuentas Nacionales (PIB y Consumo),No Especificada
Regionales,"Producto interno bruto Región del Maule, contribución porcentual respecto de igual periodo del año anterior, series empalmadas, referencia 2018",F035.PIB.V12.R.CLP.2018.COM.Z.Z.07.0.T,Comercio,T,07,Maule,COM,Comercio,Cuentas Nacionales (PIB y Consumo),No Especificada
Regionales,"Producto interno bruto Región del Maule, contribución porcentual respecto de igual periodo del año anterior, series empalmadas, referencia 2018",F035.PIB.V12.R.CLP.2018.SERV.Z.Z.07.0.T,Servicios,T,07,Maule,SERV,Servicios,Cuentas Nacionales (PIB y Consumo),No Especificada
Regionales,"Producto interno bruto Región del Maule, contribución porcentual respecto de igual periodo del año anterior, series empalmadas, referencia 2018",F035.PIB.V12.R.CLP.2018.CONT.Z.Z.07.0.T,Producto Interno Bruto,T,07,Maule,CONT,PIB (contribución),Cuentas Nacionales (PIB y Consumo),No Especificada
Regionales,"Producto interno bruto Región de Ñuble, contribución porcentual respecto de igual periodo del año anterior, series empalmadas, referencia 2018",F035.PIB.V12.R.CLP.2018.PB.Z.Z.16.0.T,Producción de bienes,T,16,Ñuble,PB,Producción de bienes,Cuentas Nacionales (PIB y Consumo),No Especificada
Regionales,"Producto interno bruto Región de Ñuble, contribución porcentual respecto de igual periodo del año anterior, series empalmadas, referencia 2018",F035.PIB.V12.R.CLP.2018.03.Z.Z.16.0.T,Minería,T,16,Ñuble,03,Minería,Cuentas Nacionales (PIB y Consumo),No Especificada
Regionales,"Producto interno bruto Región de Ñuble, contribución porcentual respecto de igual periodo del año anterior, series empalmadas, referencia 2018",F035.PIB.V12.R.CLP.2018.04.Z.Z.16.0.T,Industria,T,16,Ñuble,04,Industria,Cuentas Nacionales (PIB y Consumo),No Especificada
Regionales,"Producto interno bruto Región de Ñuble, contribución porcentual respecto de igual periodo del año anterior, series empalmadas, referencia 2018",F035.PIB.V12.R.CLP.2018.RB.Z.Z.16.0.T,Resto de bienes,T,16,Ñuble,RB,Resto de bienes,Cuentas Nacionales (PIB y Consumo),No Especificada
Regionales,"Producto interno bruto Región de Ñuble, contribución porcentual respecto de igual periodo del año anterior, series empalmadas, referencia 2018",F035.PIB.V12.R.CLP.2018.COM.Z.Z.16.0.T,Comercio,T,16,Ñuble,COM,Comercio,Cuentas Nacionales (PIB y Consumo),No Especificada
Regionales,"Producto interno bruto Región de Ñuble, contribución porcentual respecto de igual periodo del año anterior, series empalmadas, referencia 2018",F035.PIB.V12.R.CLP.2018.SERV.Z.Z.16.0.T,Servicios,T,16,Ñuble,SERV,Servicios,Cuentas Nacionales (PIB y Consumo),No Especificada
Regionales,"Producto interno bruto Región de Ñuble, contribución porcentual respecto de igual periodo del año anterior, series empalmadas, referencia 2018",F035.PIB.V12.R.CLP.2018.CONT.Z.Z.16.0.T,Producto Interno Bruto,T,16,Ñuble,CONT,PIB (contribución),Cuentas Nacionales (PIB y Consumo),No Especificada
Regionales,"Producto interno bruto Región del Biobío, contribución porcentual respecto de igual periodo del año anterior, series empalmadas, referencia 2018",F035.PIB.V12.R.CLP.2018.PB.Z.Z.08.0.T,Producción de bienes,T,08,Biobío,PB,Producción de bienes,Cuentas Nacionales (PIB y Consumo),No Especificada
Regionales,"Producto interno bruto Región del Biobío, contribución porcentual respecto de igual periodo del año anterior, series empalmadas, referencia 2018",F035.PIB.V12.R.CLP.2018.03.Z.Z.08.0.T,Minería,T,08,Biobío,03,Minería,Cuentas Nacionales (PIB y Consumo),No Especificada
Regionales,"Producto interno bruto Región del Biobío, contribución porcentual respecto de igual periodo del año anterior, series empalmadas, referencia 2018",F035.PIB.V12.R.CLP.2018.04.Z.Z.08.0.T,Industria,T,08,Biobío,04,Industria,Cuentas Nacionales (PIB y Consumo),No Especificada
Regionales,"Producto interno bruto Región del Biobío, contribución porcentual respecto de igual periodo del año anterior, series empalmadas, referencia 2018",F035.PIB.V12.R.CLP.2018.RB.Z.Z.08.0.T,Resto de bienes,T,08,Biobío,RB,Resto de bienes,Cuentas Nacionales (PIB y Consumo),No Especificada
Regionales,"Producto interno bruto Región del Biobío, contribución porcentual respecto de igual periodo del año anterior, series empalmadas, referencia 2018",F035.PIB.V12.R.CLP.2018.COM.Z.Z.08.0.T,Comercio,T,08,Biobío,COM,Comercio,Cuentas Nacionales (PIB y Consumo),No Especificada
Regionales,"Producto interno bruto Región del Biobío, contribución porcentual respecto de igual periodo del año anterior, series empalmadas, referencia 2018",F035.PIB.V12.R.CLP.2018.SERV.Z.Z.08.0.T,Servicios,T,08,Biobío,SERV,Servicios,Cuentas Nacionales (PIB y Consumo),No Especificada
Regionales,"Producto interno bruto Región del Biobío, contribución porcentual respecto de igual periodo del año anterior, series empalmadas, referencia 2018",F035.PIB.V12.R.CLP.2018.CONT.Z.Z.08.0.T,Producto Interno Bruto,T,08,Biobío,CONT,PIB (contribución),Cuentas Nacionales (PIB y Consumo),No Especificada
Regionales,"Producto interno bruto Región de La Araucanía, contribución porcentual respecto de igual periodo del año anterior, series empalmadas, referencia 2018",F035.PIB.V12.R.CLP.2018.PB.Z.Z.09.0.T,Producción de bienes,T,09,La Araucanía,PB,Producción de bienes,Cuentas Nacionales (PIB y Consumo),No Especificada
Regionales,"Producto interno bruto Región de La Araucanía, contribución porcentual respecto de igual periodo del año anterior, series empalmadas, referencia 2018",F035.PIB.V12.R.CLP.2018.03.Z.Z.09.0.T,Minería,T,09,La Araucanía,03,Minería,Cuentas Nacionales (PIB y Consumo),No Especificada
Regionales,"Producto interno bruto Región de La Araucanía, contribución porcentual respecto de igual periodo del año anterior, series empalmadas, referencia 2018",F035.PIB.V12.R.CLP.2018.04.Z.Z.09.0.T,Industria,T,09,La Araucanía,04,Industria,Cuentas Nacionales (PIB y Consumo),No Especificada
Regionales,"Producto interno bruto Región de La Araucanía, contribución porcentual respecto de igual periodo del año anterior, series empalmadas, referencia 2018",F035.PIB.V12.R.CLP.2018.RB.Z.Z.09.0.T,Resto de bienes,T,09,La Araucanía,RB,Resto de bienes,Cuentas Nacionales (PIB y Consumo),No Especificada
Regionales,"Producto interno bruto Región de La Araucanía, contribución porcentual respecto de igual periodo del año anterior, series empalmadas, referencia 2018",F035.PIB.V12.R.CLP.2018.COM.Z.Z.09.0.T,Comercio,T,09,La Araucanía,COM,Comercio,Cuentas Nacionales (PIB y Consumo),No Especificada
Regionales,"Producto interno bruto Región de La Araucanía, contribución porcentual respecto de igual periodo del año anterior, series empalmadas, referencia 2018",F035.PIB.V12.R.CLP.2018.SERV.Z.Z.09.0.T,Servicios,T,09,La Araucanía,SERV,Servicios,Cuentas Nacionales (PIB y Consumo),No Especificada
Regionales,"Producto interno bruto Región de La Araucanía, contribución porcentual respecto de igual periodo del año anterior, series empalmadas, referencia 2018",F035.PIB.V12.R.CLP.2018.CONT.Z.Z.09.0.T,Producto Interno Bruto,T,09,La Araucanía,CONT,PIB (contribución),Cuentas Nacionales (PIB y Consumo),No Especificada
Regionales,"Producto interno bruto Región de Los Ríos, contribución porcentual respecto de igual periodo del año anterior, series empalmadas, referencia 2018",F035.PIB.V12.R.CLP.2018.PB.Z.Z.14.0.T,Producción de bienes,T,14,Los Ríos,PB,Producción de bienes,Cuentas Nacionales (PIB y Consumo),No Especificada
Regionales,"Producto interno bruto Región de Los Ríos, contribución porcentual respecto de igual periodo del año anterior, series empalmadas, referencia 2018",F035.PIB.V12.R.CLP.2018.03.Z.Z.14.0.T,Minería,T,14,Los Ríos,03,Minería,Cuentas Nacionales (PIB y Consumo),No Especificada
Regionales,"Producto interno bruto Región de Los Ríos, contribución porcentual respecto de igual periodo del año anterior, series empalmadas, referencia 2018",F035.PIB.V12.R.CLP.2018.04.Z.Z.14.0.T,Industria,T,14,Los Ríos,04,Industria,Cuentas Nacionales (PIB y Consumo),No Especificada
Regionales,"Producto interno bruto Región de Los Ríos, contribución porcentual respecto de igual periodo del año anterior, series empalmadas, referencia 2018",F035.PIB.V12.R.CLP.2018.RB.Z.Z.14.0.T,Resto de bienes,T,14,Los Ríos,RB,Resto de bienes,Cuentas Nacionales (PIB y Consumo),No Especificada
Regionales,"Producto interno bruto Región de Los Ríos, contribución porcentual respecto de igual periodo del año anterior, series empalmadas, referencia 2018",F035.PIB.V12.R.CLP.2018.COM.Z.Z.14.0.T,Comercio,T,14,Los Ríos,COM,Comercio,Cuentas Nacionales (PIB y Consumo),No Especificada
Regionales,"Producto interno bruto Región de Los Ríos, contribución porcentual respecto de igual periodo del año anterior, series empalmadas, referencia 2018",F035.PIB.V12.R.CLP.2018.SERV.Z.Z.14.0.T,Servicios,T,14,Los Ríos,SERV,Servicios,Cuentas Nacionales (PIB y Consumo),No Especificada
Regionales,"Producto interno bruto Región de Los Ríos, contribución porcentual respecto de igual periodo del año anterior, series empalmadas, referencia 2018",F035.PIB.V12.R.CLP.2018.CONT.Z.Z.14.0.T,Producto Interno Bruto,T,14,Los Ríos,CONT,PIB (contribución),Cuentas Nacionales (PIB y Consumo),No Especificada
Regionales,"Producto interno bruto Región de Los Lagos, contribución porcentual respecto de igual periodo del año anterior, series empalmadas, referencia 2018",F035.PIB.V12.R.CLP.2018.PB.Z.Z.10.0.T,Producción de bienes,T,10,Los Lagos,PB,Producción de bienes,Cuentas Nacionales (PIB y Consumo),No Especificada
Regionales,"Producto interno bruto Región de Los Lagos, contribución porcentual respecto de igual periodo del año anterior, series empalmadas, referencia 2018",F035.PIB.V12.R.CLP.2018.03.Z.Z.10.0.T,Minería,T,10,Los Lagos,03,Minería,Cuentas Nacionales (PIB y Consumo),No Especificada
Regionales,"Producto interno bruto Región de Los Lagos, contribución porcentual respecto de igual periodo del año anterior, series empalmadas, referencia 2018",F035.PIB.V12.R.CLP.2018.04.Z.Z.10.0.T,Industria,T,10,Los Lagos,04,Industria,Cuentas Nacionales (PIB y Consumo),No Especificada
Regionales,"Producto interno bruto Región de Los Lagos, contribución porcentual respecto de igual periodo del año anterior, series empalmadas, referencia 2018",F035.PIB.V12.R.CLP.2018.RB.Z.Z.10.0.T,Resto de bienes,T,10,Los Lagos,RB,Resto de bienes,Cuentas Nacionales (PIB y Consumo),No Especificada
Regionales,"Producto interno bruto Región de Los Lagos, contribución porcentual respecto de igual periodo del año anterior, series empalmadas, referencia 2018",F035.PIB.V12.R.CLP.2018.COM.Z.Z.10.0.T,Comercio,T,10,Los Lagos,COM,Comercio,Cuentas Nacionales (PIB y Consumo),No Especificada
Regionales,"Producto interno bruto Región de Los Lagos, contribución porcentual respecto de igual periodo del año anterior, series empalmadas, referencia 2018",F035.PIB.V12.R.CLP.2018.SERV.Z.Z.10.0.T,Servicios,T,10,Los Lagos,SERV,Servicios,Cuentas Nacionales (PIB y Consumo),No Especificada
Regionales,"Producto interno bruto Región de Los Lagos, contribución porcentual respecto de igual periodo del año anterior, series empalmadas, referencia 2018",F035.PIB.V12.R.CLP.2018.CONT.Z.Z.10.0.T,Producto Interno Bruto,T,10,Los Lagos,CONT,PIB (contribución),Cuentas Nacionales (PIB y Consumo),No Especificada
Regionales,"Producto interno bruto Región de Aysén del General Carlos Ibáñez del Campo, contribución porcentual respecto de igual periodo del año anterior, series empalmadas, referencia 2018",F035.PIB.V12.R.CLP.2018.PB.Z.Z.11.0.T,Producción de bienes,T,11,Aysén,PB,Producción de bienes,Cuentas Nacionales (PIB y Consumo),No Especificada
Regionales,"Producto interno bruto Región de Aysén del General Carlos Ibáñez del Campo, contribución porcentual respecto de igual periodo del año anterior, series empalmadas, referencia 2018",F035.PIB.V12.R.CLP.2018.03.Z.Z.11.0.T,Minería,T,11,Aysén,03,Minería,Cuentas Nacionales (PIB y Consumo),No Especificada
Regionales,"Producto interno bruto Región de Aysén del General Carlos Ibáñez del Campo, contribución porcentual respecto de igual periodo del año anterior, series empalmadas, referencia 2018",F035.PIB.V12.R.CLP.2018.04.Z.Z.11.0.T,Industria,T,11,Aysén,04,Industria,Cuentas Nacionales (PIB y Consumo),No Especificada
Regionales,"Producto interno bruto Región de Aysén del General Carlos Ibáñez del Campo, contribución porcentual respecto de igual periodo del año anterior, series empalmadas, referencia 2018",F035.PIB.V12.R.CLP.2018.RB.Z.Z.11.0.T,Resto de bienes,T,11,Aysén,RB,Resto de bienes,Cuentas Nacionales (PIB y Consumo),No Especificada
Regionales,"Producto interno bruto Región de Aysén del General Carlos Ibáñez del Campo, contribución porcentual respecto de igual periodo del año anterior, series empalmadas, referencia 2018",F035.PIB.V12.R.CLP.2018.COM.Z.Z.11.0.T,Comercio,T,11,Aysén,COM,Comercio,Cuentas Nacionales (PIB y Consumo),No Especificada
Regionales,"Producto interno bruto Región de Aysén del General Carlos Ibáñez del Campo, contribución porcentual respecto de igual periodo del año anterior, series empalmadas, referencia 2018",F035.PIB.V12.R.CLP.2018.SERV.Z.Z.11.0.T,Servicios,T,11,Aysén,SERV,Servicios,Cuentas Nacionales (PIB y Consumo),No Especificada
Regionales,"Producto interno bruto Región de Aysén del General Carlos Ibáñez del Campo, contribución porcentual respecto de igual periodo del año anterior, series empalmadas, referencia 2018",F035.PIB.V12.R.CLP.2018.CONT.Z.Z.11.0.T,Producto Interno Bruto,T,11,Aysén,CONT,PIB (contribución),Cuentas Nacionales (PIB y Consumo),No Especificada
Regionales,"Producto interno bruto Región de Magallanes y de la Antártica Chilena, contribución porcentual respecto de igual periodo del año anterior, series empalmadas, referencia 2018",F035.PIB.V12.R.CLP.2018.PB.Z.Z.12.0.T,Producción de bienes,T,12,Magallanes,PB,Producción de bienes,Cuentas Nacionales (PIB y Consumo),No Especificada
Regionales,"Producto interno bruto Región de Magallanes y de la Antártica Chilena, contribución porcentual respecto de igual periodo del año anterior, series empalmadas, referencia 2018",F035.PIB.V12.R.CLP.2018.03.Z.Z.12.0.T,Minería,T,12,Magallanes,03,Minería,Cuentas Nacionales (PIB y Consumo),No Especificada
Regionales,"Producto interno bruto Región de Magallanes y de la Antártica Chilena, contribución porcentual respecto de igual periodo del año anterior, series empalmadas, referencia 2018",F035.PIB.V12.R.CLP.2018.04.Z.Z.12.0.T,Industria,T,12,Magallanes,04,Industria,Cuentas Nacionales (PIB y Consumo),No Especificada
Regionales,"Producto interno bruto Región de Magallanes y de la Antártica Chilena, contribución porcentual respecto de igual periodo del año anterior, series empalmadas, referencia 2018",F035.PIB.V12.R.CLP.2018.RB.Z.Z.12.0.T,Resto de bienes,T,12,Magallanes,RB,Resto de bienes,Cuentas Nacionales (PIB y Consumo),No Especificada
Regionales,"Producto interno bruto Región de Magallanes y de la Antártica Chilena, contribución porcentual respecto de igual periodo del año anterior, series empalmadas, referencia 2018",F035.PIB.V12.R.CLP.2018.COM.Z.Z.12.0.T,Comercio,T,12,Magallanes,COM,Comercio,Cuentas Nacionales (PIB y Consumo),No Especificada
Regionales,"Producto interno bruto Región de Magallanes y de la Antártica Chilena, contribución porcentual respecto de igual periodo del año anterior, series empalmadas, referencia 2018",F035.PIB.V12.R.CLP.2018.SERV.Z.Z.12.0.T,Servicios,T,12,Magallanes,SERV,Servicios,Cuentas Nacionales (PIB y Consumo),No Especificada
Regionales,"Producto interno bruto Región de Magallanes y de la Antártica Chilena, contribución porcentual respecto de igual periodo del año anterior, series empalmadas, referencia 2018",F035.PIB.V12.R.CLP.2018.CONT.Z.Z.12.0.T,Producto Interno Bruto,T,12,Magallanes,CONT,PIB (contribución),Cuentas Nacionales (PIB y Consumo),No Especificada
Regionales,"Producto interno bruto por región, precios corrientes, series empalmadas, referencia 2018 (miles de millones de pesos)",F035.PIB.FLU.N.CLP.2018.Z.Z.Z.15.0.A,Región de Arica y Parinacota,A,15,Arica y Parinacota,Z,Total regional (sin desglose sectorial),Finanzas y Sistema Financiero Regional,Pesos Chilenos (CLP)
Regionales,"Producto interno bruto por región, precios corrientes, series empalmadas, referencia 2018 (miles de millones de pesos)",F035.PIB.FLU.N.CLP.2018.Z.Z.Z.01.0.A,Región de Tarapacá,A,01,Tarapacá,Z,Total regional (sin desglose sectorial),Finanzas y Sistema Financiero Regional,Pesos Chilenos (CLP)
Regionales,"Producto interno bruto por región, precios corrientes, series empalmadas, referencia 2018 (miles de millones de pesos)",F035.PIB.FLU.N.CLP.2018.Z.Z.Z.02.0.A,Región de Antofagasta,A,02,Antofagasta,Z,Total regional (sin desglose sectorial),Finanzas y Sistema Financiero Regional,Pesos Chilenos (CLP)
Regionales,"Producto interno bruto por región, precios corrientes, series empalmadas, referencia 2018 (miles de millones de pesos)",F035.PIB.FLU.N.CLP.2018.Z.Z.Z.03.0.A,Región de Atacama,A,03,Atacama,Z,Total regional (sin desglose sectorial),Finanzas y Sistema Financiero Regional,Pesos Chilenos (CLP)
Regionales,"Producto interno bruto por región, precios corrientes, series empalmadas, referencia 2018 (miles de millones de pesos)",F035.PIB.FLU.N.CLP.2018.Z.Z.Z.04.0.A,Región de Coquimbo,A,04,Coquimbo,Z,Total regional (sin desglose sectorial),Finanzas y Sistema Financiero Regional,Pesos Chilenos (CLP)
Regionales,"Producto interno bruto por región, precios corrientes, series empalmadas, referencia 2018 (miles de millones de pesos)",F035.PIB.FLU.N.CLP.2018.Z.Z.Z.05.0.A,Región de Valparaíso,A,05,Valparaíso,Z,Total regional (sin desglose sectorial),Finanzas y Sistema Financiero Regional,Pesos Chilenos (CLP)
Regionales,"Producto interno bruto por región, precios corrientes, series empalmadas, referencia 2018 (miles de millones de pesos)",F035.PIB.FLU.N.CLP.2018.Z.Z.Z.13.0.A,Región Metropolitana de Santiago,A,13,Metropolitana de Santiago,Z,Total regional (sin desglose sectorial),Finanzas y Sistema Financiero Regional,Pesos Chilenos (CLP)
Regionales,"Producto interno bruto por región, precios corrientes, series empalmadas, referencia 2018 (miles de millones de pesos)",F035.PIB.FLU.N.CLP.2018.Z.Z.Z.06.0.A,Región del Libertador General Bernardo OHiggins,A,06,O'Higgins,Z,Total regional (sin desglose sectorial),Finanzas y Sistema Financiero Regional,Pesos Chilenos (CLP)
Regionales,"Producto interno bruto por región, precios corrientes, series empalmadas, referencia 2018 (miles de millones de pesos)",F035.PIB.FLU.N.CLP.2018.Z.Z.Z.07.0.A,Región del Maule,A,07,Maule,Z,Total regional (sin desglose sectorial),Finanzas y Sistema Financiero Regional,Pesos Chilenos (CLP)
Regionales,"Producto interno bruto por región, precios corrientes, series empalmadas, referencia 2018 (miles de millones de pesos)",F035.PIB.FLU.N.CLP.2018.Z.Z.Z.16.0.A,Región de Ñuble,A,16,Ñuble,Z,Total regional (sin desglose sectorial),Finanzas y Sistema Financiero Regional,Pesos Chilenos (CLP)
Regionales,"Producto interno bruto por región, precios corrientes, series empalmadas, referencia 2018 (miles de millones de pesos)",F035.PIB.FLU.N.CLP.2018.Z.Z.Z.08.0.A,Región del Biobío,A,08,Biobío,Z,Total regional (sin desglose sectorial),Finanzas y Sistema Financiero Regional,Pesos Chilenos (CLP)
Regionales,"Producto interno bruto por región, precios corrientes, series empalmadas, referencia 2018 (miles de millones de pesos)",F035.PIB.FLU.N.CLP.2018.Z.Z.Z.09.0.A,Región de La Araucanía,A,09,La Araucanía,Z,Total regional (sin desglose sectorial),Finanzas y Sistema Financiero Regional,Pesos Chilenos (CLP)
Regionales,"Producto interno bruto por región, precios corrientes, series empalmadas, referencia 2018 (miles de millones de pesos)",F035.PIB.FLU.N.CLP.2018.Z.Z.Z.14.0.A,Región de Los Ríos,A,14,Los Ríos,Z,Total regional (sin desglose sectorial),Finanzas y Sistema Financiero Regional,Pesos Chilenos (CLP)
Regionales,"Producto interno bruto por región, precios corrientes, series empalmadas, referencia 2018 (miles de millones de pesos)",F035.PIB.FLU.N.CLP.2018.Z.Z.Z.10.0.A,Región de Los Lagos,A,10,Los Lagos,Z,Total regional (sin desglose sectorial),Finanzas y Sistema Financiero Regional,Pesos Chilenos (CLP)
Regionales,"Producto interno bruto por región, precios corrientes, series empalmadas, referencia 2018 (miles de millones de pesos)",F035.PIB.FLU.N.CLP.2018.Z.Z.Z.11.0.A,Región de Aysén del General Carlos Ibáñez del Campo,A,11,Aysén,Z,Total regional (sin desglose sectorial),Finanzas y Sistema Financiero Regional,Pesos Chilenos (CLP)
Regionales,"Producto interno bruto por región, precios corrientes, series empalmadas, referencia 2018 (miles de millones de pesos)",F035.PIB.FLU.N.CLP.2018.Z.Z.Z.12.0.A,Región de Magallanes y de la Antártica Chilena,A,12,Magallanes,Z,Total regional (sin desglose sectorial),Finanzas y Sistema Financiero Regional,Pesos Chilenos (CLP)
Regionales,"Producto interno bruto por región, precios corrientes, series empalmadas, referencia 2018 (miles de millones de pesos)",F035.PCF.FLU.N.CLP.2018.Z.Z.Z.Z.0.A,Subtotal regionalizado,A,Nacional,Total Nacional,Z,Total regional (sin desglose sectorial),Finanzas y Sistema Financiero Regional,Pesos Chilenos (CLP)
Regionales,"Producto interno bruto por región, precios corrientes, series empalmadas, referencia 2018 (miles de millones de pesos)",F035.PIB.FLU.N.CLP.2018.Z.Z.Z.99.0.A,Extrarregional,A,Nacional,Total Nacional,Z,Total regional (sin desglose sectorial),Finanzas y Sistema Financiero Regional,Pesos Chilenos (CLP)
Regionales,"Producto interno bruto por región, precios corrientes, series empalmadas, referencia 2018 (miles de millones de pesos)",F032.PIB.FLU.N.CLP.EP18.Z.Z.0.T,Producto Interno Bruto,T,UNKNOWN,No Especificado,UNKNOWN,No Especificado,Finanzas y Sistema Financiero Regional,Pesos Chilenos (CLP)
Regionales,"Producto interno bruto por región, precios corrientes, series empalmadas, referencia 2018 (dólares per cápita)",F035.PPCP.FLU.R.USD.2018.Z.Z.Z.15.0.A,Región de Arica y Parinacota,A,15,Arica y Parinacota,Z,Total regional (sin desglose sectorial),Finanzas y Sistema Financiero Regional,No Especificada
Regionales,"Producto interno bruto por región, precios corrientes, series empalmadas, referencia 2018 (dólares per cápita)",F035.PPCP.FLU.R.USD.2018.Z.Z.Z.01.0.A,Región de Tarapacá,A,01,Tarapacá,Z,Total regional (sin desglose sectorial),Finanzas y Sistema Financiero Regional,No Especificada
Regionales,"Producto interno bruto por región, precios corrientes, series empalmadas, referencia 2018 (dólares per cápita)",F035.PPCP.FLU.R.USD.2018.Z.Z.Z.02.0.A,Región de Antofagasta,A,02,Antofagasta,Z,Total regional (sin desglose sectorial),Finanzas y Sistema Financiero Regional,No Especificada
Regionales,"Producto interno bruto por región, precios corrientes, series empalmadas, referencia 2018 (dólares per cápita)",F035.PPCP.FLU.R.USD.2018.Z.Z.Z.03.0.A,Región de Atacama,A,03,Atacama,Z,Total regional (sin desglose sectorial),Finanzas y Sistema Financiero Regional,No Especificada
Regionales,"Producto interno bruto por región, precios corrientes, series empalmadas, referencia 2018 (dólares per cápita)",F035.PPCP.FLU.R.USD.2018.Z.Z.Z.04.0.A,Región de Coquimbo,A,04,Coquimbo,Z,Total regional (sin desglose sectorial),Finanzas y Sistema Financiero Regional,No Especificada
Regionales,"Producto interno bruto por región, precios corrientes, series empalmadas, referencia 2018 (dólares per cápita)",F035.PPCP.FLU.R.USD.2018.Z.Z.Z.05.0.A,Región de Valparaíso,A,05,Valparaíso,Z,Total regional (sin desglose sectorial),Finanzas y Sistema Financiero Regional,No Especificada
Regionales,"Producto interno bruto por región, precios corrientes, series empalmadas, referencia 2018 (dólares per cápita)",F035.PPCP.FLU.R.USD.2018.Z.Z.Z.13.0.A,Región Metropolitana de Santiago,A,13,Metropolitana de Santiago,Z,Total regional (sin desglose sectorial),Finanzas y Sistema Financiero Regional,No Especificada
Regionales,"Producto interno bruto por región, precios corrientes, series empalmadas, referencia 2018 (dólares per cápita)",F035.PPCP.FLU.R.USD.2018.Z.Z.Z.06.0.A,Región del Libertador General Bernardo OHiggins,A,06,O'Higgins,Z,Total regional (sin desglose sectorial),Finanzas y Sistema Financiero Regional,No Especificada
Regionales,"Producto interno bruto por región, precios corrientes, series empalmadas, referencia 2018 (dólares per cápita)",F035.PPCP.FLU.R.USD.2018.Z.Z.Z.07.0.A,Región del Maule,A,07,Maule,Z,Total regional (sin desglose sectorial),Finanzas y Sistema Financiero Regional,No Especificada
Regionales,"Producto interno bruto por región, precios corrientes, series empalmadas, referencia 2018 (dólares per cápita)",F035.PPCP.FLU.R.USD.2018.Z.Z.Z.16.0.A,Región de Ñuble,A,16,Ñuble,Z,Total regional (sin desglose sectorial),Finanzas y Sistema Financiero Regional,No Especificada
Regionales,"Producto interno bruto por región, precios corrientes, series empalmadas, referencia 2018 (dólares per cápita)",F035.PPCP.FLU.R.USD.2018.Z.Z.Z.08.0.A,Región del Biobío,A,08,Biobío,Z,Total regional (sin desglose sectorial),Finanzas y Sistema Financiero Regional,No Especificada
Regionales,"Producto interno bruto por región, precios corrientes, series empalmadas, referencia 2018 (dólares per cápita)",F035.PPCP.FLU.R.USD.2018.Z.Z.Z.09.0.A,Región de La Araucanía,A,09,La Araucanía,Z,Total regional (sin desglose sectorial),Finanzas y Sistema Financiero Regional,No Especificada
Regionales,"Producto interno bruto por región, precios corrientes, series empalmadas, referencia 2018 (dólares per cápita)",F035.PPCP.FLU.R.USD.2018.Z.Z.Z.14.0.A,Región de Los Ríos,A,14,Los Ríos,Z,Total regional (sin desglose sectorial),Finanzas y Sistema Financiero Regional,No Especificada
Regionales,"Producto interno bruto por región, precios corrientes, series empalmadas, referencia 2018 (dólares per cápita)",F035.PPCP.FLU.R.USD.2018.Z.Z.Z.10.0.A,Región de Los Lagos,A,10,Los Lagos,Z,Total regional (sin desglose sectorial),Finanzas y Sistema Financiero Regional,No Especificada
Regionales,"Producto interno bruto por región, precios corrientes, series empalmadas, referencia 2018 (dólares per cápita)",F035.PPCP.FLU.R.USD.2018.Z.Z.Z.11.0.A,Región de Aysén del General Carlos Ibáñez del Campo,A,11,Aysén,Z,Total regional (sin desglose sectorial),Finanzas y Sistema Financiero Regional,No Especificada
Regionales,"Producto interno bruto por región, precios corrientes, series empalmadas, referencia 2018 (dólares per cápita)",F035.PPCP.FLU.R.USD.2018.Z.Z.Z.12.0.A,Región de Magallanes y de la Antártica Chilena,A,12,Magallanes,Z,Total regional (sin desglose sectorial),Finanzas y Sistema Financiero Regional,No Especificada
Regionales,"PIB por actividad económica, Región  de Arica y Parinacota, volumen a precios del año anterior encadenado, series empalmadas, referencia 2018 (miles de millones de pesos encadenados)",F035.PIB.FLU.R.CLP.2018.01.Z.Z.15.0.A,Agropecuario-silvícola,A,15,Arica y Parinacota,01,Agropecuario-silvícola,Cuentas Nacionales (PIB y Consumo),Pesos Chilenos (CLP)
Regionales,"PIB por actividad económica, Región  de Arica y Parinacota, volumen a precios del año anterior encadenado, series empalmadas, referencia 2018 (miles de millones de pesos encadenados)",F035.PIB.FLU.R.CLP.2018.02.04.Z.15.0.A,Pesca,A,15,Arica y Parinacota,02,Pesca,Cuentas Nacionales (PIB y Consumo),Pesos Chilenos (CLP)
Regionales,"PIB por actividad económica, Región  de Arica y Parinacota, volumen a precios del año anterior encadenado, series empalmadas, referencia 2018 (miles de millones de pesos encadenados)",F035.PIB.FLU.R.CLP.2018.03.Z.Z.15.0.A,Minería,A,15,Arica y Parinacota,03,Minería,Cuentas Nacionales (PIB y Consumo),Pesos Chilenos (CLP)
Regionales,"PIB por actividad económica, Región  de Arica y Parinacota, volumen a precios del año anterior encadenado, series empalmadas, referencia 2018 (miles de millones de pesos encadenados)",F035.PIB.FLU.R.CLP.2018.04.Z.Z.15.0.A,Industria manufacturera,A,15,Arica y Parinacota,04,Industria,Cuentas Nacionales (PIB y Consumo),Pesos Chilenos (CLP)
Regionales,"PIB por actividad económica, Región  de Arica y Parinacota, volumen a precios del año anterior encadenado, series empalmadas, referencia 2018 (miles de millones de pesos encadenados)",F035.PIB.FLU.R.CLP.2018.05.Z.Z.15.0.A,"Electricidad, gas, agua y gestión de desechos",A,15,Arica y Parinacota,05,"Electricidad, gas, agua y gestión de desechos",Cuentas Nacionales (PIB y Consumo),Pesos Chilenos (CLP)
Regionales,"PIB por actividad económica, Región  de Arica y Parinacota, volumen a precios del año anterior encadenado, series empalmadas, referencia 2018 (miles de millones de pesos encadenados)",F035.PIB.FLU.R.CLP.2018.06.Z.Z.15.0.A,Construcción,A,15,Arica y Parinacota,06,Construcción,Cuentas Nacionales (PIB y Consumo),Pesos Chilenos (CLP)
Regionales,"PIB por actividad económica, Región  de Arica y Parinacota, volumen a precios del año anterior encadenado, series empalmadas, referencia 2018 (miles de millones de pesos encadenados)",F035.PIB.FLU.R.CLP.2018.COM.Z.Z.15.0.A,Comercio,A,15,Arica y Parinacota,COM,Comercio,Cuentas Nacionales (PIB y Consumo),Pesos Chilenos (CLP)
Regionales,"PIB por actividad económica, Región  de Arica y Parinacota, volumen a precios del año anterior encadenado, series empalmadas, referencia 2018 (miles de millones de pesos encadenados)",F035.PIB.FLU.R.CLP.2018.RH.Z.Z.15.0.A,Restaurantes y hoteles,A,15,Arica y Parinacota,RH,Restaurantes y hoteles,Cuentas Nacionales (PIB y Consumo),Pesos Chilenos (CLP)
Regionales,"PIB por actividad económica, Región  de Arica y Parinacota, volumen a precios del año anterior encadenado, series empalmadas, referencia 2018 (miles de millones de pesos encadenados)",F035.PIB.FLU.R.CLP.2018.08.Z.Z.15.0.A,"Transporte, información y comunicaciones",A,15,Arica y Parinacota,08,"Transporte, información y comunicaciones",Cuentas Nacionales (PIB y Consumo),Pesos Chilenos (CLP)
Regionales,"PIB por actividad económica, Región  de Arica y Parinacota, volumen a precios del año anterior encadenado, series empalmadas, referencia 2018 (miles de millones de pesos encadenados)",F035.PIB.FLU.R.CLP.2018.09.21.Z.15.0.A,Servicios financieros y empresariales,A,15,Arica y Parinacota,09,Servicios financieros y empresariales,Finanzas y Sistema Financiero Regional,Pesos Chilenos (CLP)
Regionales,"PIB por actividad económica, Región  de Arica y Parinacota, volumen a precios del año anterior encadenado, series empalmadas, referencia 2018 (miles de millones de pesos encadenados)",F035.PIB.FLU.R.CLP.2018.10.Z.Z.15.0.A,Servicios de vivienda e inmobiliarios,A,15,Arica y Parinacota,10,Servicios de vivienda e inmobiliarios,Desarrollo Territorial y Uso de Suelo,Pesos Chilenos (CLP)
Regionales,"PIB por actividad económica, Región  de Arica y Parinacota, volumen a precios del año anterior encadenado, series empalmadas, referencia 2018 (miles de millones de pesos encadenados)",F035.PIB.FLU.R.CLP.2018.11.Z.Z.15.0.A,Servicios personales,A,15,Arica y Parinacota,11,Servicios personales,Cuentas Nacionales (PIB y Consumo),Pesos Chilenos (CLP)
Regionales,"PIB por actividad económica, Región  de Arica y Parinacota, volumen a precios del año anterior encadenado, series empalmadas, referencia 2018 (miles de millones de pesos encadenados)",F035.PIB.FLU.R.CLP.2018.12.Z.Z.15.0.A,Administración pública,A,15,Arica y Parinacota,12,Administración pública,Cuentas Nacionales (PIB y Consumo),Pesos Chilenos (CLP)
Regionales,"PIB por actividad económica, Región  de Arica y Parinacota, volumen a precios del año anterior encadenado, series empalmadas, referencia 2018 (miles de millones de pesos encadenados)",F035.PIB.FLU.R.CLP.2018.Z.Z.Z.15.0.A,Producto interno bruto,A,15,Arica y Parinacota,Z,Total regional (sin desglose sectorial),Cuentas Nacionales (PIB y Consumo),Pesos Chilenos (CLP)
Regionales,"PIB por actividad económica, Región de Tarapacá,  volumen a precios del año anterior encadenado, series empalmadas, referencia 2018 (miles de millones de pesos encadenados)",F035.PIB.FLU.R.CLP.2018.01.21.Z.01.0.A,Agropecuario-silvícola,A,01,Tarapacá,01,Agropecuario-silvícola,Cuentas Nacionales (PIB y Consumo),Pesos Chilenos (CLP)
Regionales,"PIB por actividad económica, Región de Tarapacá,  volumen a precios del año anterior encadenado, series empalmadas, referencia 2018 (miles de millones de pesos encadenados)",F035.PIB.FLU.R.CLP.2018.02.04.Z.01.0.A,Pesca,A,01,Tarapacá,02,Pesca,Cuentas Nacionales (PIB y Consumo),Pesos Chilenos (CLP)
Regionales,"PIB por actividad económica, Región de Tarapacá,  volumen a precios del año anterior encadenado, series empalmadas, referencia 2018 (miles de millones de pesos encadenados)",F035.PIB.FLU.R.CLP.2018.03.21.Z.01.0.A,Minería,A,01,Tarapacá,03,Minería,Cuentas Nacionales (PIB y Consumo),Pesos Chilenos (CLP)
Regionales,"PIB por actividad económica, Región de Tarapacá,  volumen a precios del año anterior encadenado, series empalmadas, referencia 2018 (miles de millones de pesos encadenados)",F035.PIB.FLU.R.CLP.2018.04.21.Z.01.0.A,Industria manufacturera,A,01,Tarapacá,04,Industria,Cuentas Nacionales (PIB y Consumo),Pesos Chilenos (CLP)
Regionales,"PIB por actividad económica, Región de Tarapacá,  volumen a precios del año anterior encadenado, series empalmadas, referencia 2018 (miles de millones de pesos encadenados)",F035.PIB.FLU.R.CLP.2018.05.21.Z.01.0.A,"Electricidad, gas, agua y gestión de desechos",A,01,Tarapacá,05,"Electricidad, gas, agua y gestión de desechos",Cuentas Nacionales (PIB y Consumo),Pesos Chilenos (CLP)
Regionales,"PIB por actividad económica, Región de Tarapacá,  volumen a precios del año anterior encadenado, series empalmadas, referencia 2018 (miles de millones de pesos encadenados)",F035.PIB.FLU.R.CLP.2018.06.21.Z.01.0.A,Construcción,A,01,Tarapacá,06,Construcción,Cuentas Nacionales (PIB y Consumo),Pesos Chilenos (CLP)
Regionales,"PIB por actividad económica, Región de Tarapacá,  volumen a precios del año anterior encadenado, series empalmadas, referencia 2018 (miles de millones de pesos encadenados)",F035.PIB.FLU.R.CLP.2018.COM.21.Z.01.0.A,Comercio,A,01,Tarapacá,COM,Comercio,Cuentas Nacionales (PIB y Consumo),Pesos Chilenos (CLP)
Regionales,"PIB por actividad económica, Región de Tarapacá,  volumen a precios del año anterior encadenado, series empalmadas, referencia 2018 (miles de millones de pesos encadenados)",F035.PIB.FLU.R.CLP.2018.RH.21.Z.01.0.A,Restaurantes y hoteles,A,01,Tarapacá,RH,Restaurantes y hoteles,Cuentas Nacionales (PIB y Consumo),Pesos Chilenos (CLP)
Regionales,"PIB por actividad económica, Región de Tarapacá,  volumen a precios del año anterior encadenado, series empalmadas, referencia 2018 (miles de millones de pesos encadenados)",F035.PIB.FLU.R.CLP.2018.08.Z.Z.01.0.A,"Transporte, información y comunicaciones",A,01,Tarapacá,08,"Transporte, información y comunicaciones",Cuentas Nacionales (PIB y Consumo),Pesos Chilenos (CLP)
Regionales,"PIB por actividad económica, Región de Tarapacá,  volumen a precios del año anterior encadenado, series empalmadas, referencia 2018 (miles de millones de pesos encadenados)",F035.PIB.FLU.R.CLP.2018.09.21.Z.01.0.A,Servicios financieros y empresariales,A,01,Tarapacá,09,Servicios financieros y empresariales,Finanzas y Sistema Financiero Regional,Pesos Chilenos (CLP)
Regionales,"PIB por actividad económica, Región de Tarapacá,  volumen a precios del año anterior encadenado, series empalmadas, referencia 2018 (miles de millones de pesos encadenados)",F035.PIB.FLU.R.CLP.2018.10.Z.Z.01.0.A,Servicios de vivienda e inmobiliarios,A,01,Tarapacá,10,Servicios de vivienda e inmobiliarios,Desarrollo Territorial y Uso de Suelo,Pesos Chilenos (CLP)
Regionales,"PIB por actividad económica, Región de Tarapacá,  volumen a precios del año anterior encadenado, series empalmadas, referencia 2018 (miles de millones de pesos encadenados)",F035.PIB.FLU.R.CLP.2018.11.Z.Z.01.0.A,Servicios personales,A,01,Tarapacá,11,Servicios personales,Cuentas Nacionales (PIB y Consumo),Pesos Chilenos (CLP)
Regionales,"PIB por actividad económica, Región de Tarapacá,  volumen a precios del año anterior encadenado, series empalmadas, referencia 2018 (miles de millones de pesos encadenados)",F035.PIB.FLU.R.CLP.2018.12.Z.Z.01.0.A,Administración pública,A,01,Tarapacá,12,Administración pública,Cuentas Nacionales (PIB y Consumo),Pesos Chilenos (CLP)
Regionales,"PIB por actividad económica, Región de Tarapacá,  volumen a precios del año anterior encadenado, series empalmadas, referencia 2018 (miles de millones de pesos encadenados)",F035.PIB.FLU.R.CLP.2018.Z.Z.Z.01.0.A,Producto interno bruto,A,01,Tarapacá,Z,Total regional (sin desglose sectorial),Cuentas Nacionales (PIB y Consumo),Pesos Chilenos (CLP)
Regionales,"PIB por actividad económica, Región de Antofagasta, volumen a precios del año anterior encadenado, series empalmadas, referencia 2018 (miles de millones de pesos encadenados)",F035.PIB.FLU.R.CLP.2018.01.Z.Z.02.0.A,Agropecuario-silvícola,A,02,Antofagasta,01,Agropecuario-silvícola,Cuentas Nacionales (PIB y Consumo),Pesos Chilenos (CLP)
Regionales,"PIB por actividad económica, Región de Antofagasta, volumen a precios del año anterior encadenado, series empalmadas, referencia 2018 (miles de millones de pesos encadenados)",F035.PIB.FLU.R.CLP.2018.02.04.Z.02.0.A,Pesca,A,02,Antofagasta,02,Pesca,Cuentas Nacionales (PIB y Consumo),Pesos Chilenos (CLP)
Regionales,"PIB por actividad económica, Región de Antofagasta, volumen a precios del año anterior encadenado, series empalmadas, referencia 2018 (miles de millones de pesos encadenados)",F035.PIB.FLU.R.CLP.2018.03.Z.Z.02.0.A,Minería,A,02,Antofagasta,03,Minería,Cuentas Nacionales (PIB y Consumo),Pesos Chilenos (CLP)
Regionales,"PIB por actividad económica, Región de Antofagasta, volumen a precios del año anterior encadenado, series empalmadas, referencia 2018 (miles de millones de pesos encadenados)",F035.PIB.FLU.R.CLP.2018.04.Z.Z.02.0.A,Industria manufacturera,A,02,Antofagasta,04,Industria,Cuentas Nacionales (PIB y Consumo),Pesos Chilenos (CLP)
Regionales,"PIB por actividad económica, Región de Antofagasta, volumen a precios del año anterior encadenado, series empalmadas, referencia 2018 (miles de millones de pesos encadenados)",F035.PIB.FLU.R.CLP.2018.05.Z.Z.02.0.A,"Electricidad, gas, agua y gestión de desechos",A,02,Antofagasta,05,"Electricidad, gas, agua y gestión de desechos",Cuentas Nacionales (PIB y Consumo),Pesos Chilenos (CLP)
Regionales,"PIB por actividad económica, Región de Antofagasta, volumen a precios del año anterior encadenado, series empalmadas, referencia 2018 (miles de millones de pesos encadenados)",F035.PIB.FLU.R.CLP.2018.06.Z.Z.02.0.A,Construcción,A,02,Antofagasta,06,Construcción,Cuentas Nacionales (PIB y Consumo),Pesos Chilenos (CLP)
Regionales,"PIB por actividad económica, Región de Antofagasta, volumen a precios del año anterior encadenado, series empalmadas, referencia 2018 (miles de millones de pesos encadenados)",F035.PIB.FLU.R.CLP.2018.COM.Z.Z.02.0.A,Comercio,A,02,Antofagasta,COM,Comercio,Cuentas Nacionales (PIB y Consumo),Pesos Chilenos (CLP)
Regionales,"PIB por actividad económica, Región de Antofagasta, volumen a precios del año anterior encadenado, series empalmadas, referencia 2018 (miles de millones de pesos encadenados)",F035.PIB.FLU.R.CLP.2018.RH.Z.Z.02.0.A,Restaurantes y hoteles,A,02,Antofagasta,RH,Restaurantes y hoteles,Cuentas Nacionales (PIB y Consumo),Pesos Chilenos (CLP)
Regionales,"PIB por actividad económica, Región de Antofagasta, volumen a precios del año anterior encadenado, series empalmadas, referencia 2018 (miles de millones de pesos encadenados)",F035.PIB.FLU.R.CLP.2018.08.Z.Z.02.0.A,"Transporte, información y comunicaciones",A,02,Antofagasta,08,"Transporte, información y comunicaciones",Cuentas Nacionales (PIB y Consumo),Pesos Chilenos (CLP)
Regionales,"PIB por actividad económica, Región de Antofagasta, volumen a precios del año anterior encadenado, series empalmadas, referencia 2018 (miles de millones de pesos encadenados)",F035.PIB.FLU.R.CLP.2018.09.21.Z.02.0.A,Servicios financieros y empresariales,A,02,Antofagasta,09,Servicios financieros y empresariales,Finanzas y Sistema Financiero Regional,Pesos Chilenos (CLP)
Regionales,"PIB por actividad económica, Región de Antofagasta, volumen a precios del año anterior encadenado, series empalmadas, referencia 2018 (miles de millones de pesos encadenados)",F035.PIB.FLU.R.CLP.2018.10.Z.Z.02.0.A,Servicios de vivienda e inmobiliarios,A,02,Antofagasta,10,Servicios de vivienda e inmobiliarios,Desarrollo Territorial y Uso de Suelo,Pesos Chilenos (CLP)
Regionales,"PIB por actividad económica, Región de Antofagasta, volumen a precios del año anterior encadenado, series empalmadas, referencia 2018 (miles de millones de pesos encadenados)",F035.PIB.FLU.R.CLP.2018.11.Z.Z.02.0.A,Servicios personales,A,02,Antofagasta,11,Servicios personales,Cuentas Nacionales (PIB y Consumo),Pesos Chilenos (CLP)
Regionales,"PIB por actividad económica, Región de Antofagasta, volumen a precios del año anterior encadenado, series empalmadas, referencia 2018 (miles de millones de pesos encadenados)",F035.PIB.FLU.R.CLP.2018.12.Z.Z.02.0.A,Administración pública,A,02,Antofagasta,12,Administración pública,Cuentas Nacionales (PIB y Consumo),Pesos Chilenos (CLP)
Regionales,"PIB por actividad económica, Región de Antofagasta, volumen a precios del año anterior encadenado, series empalmadas, referencia 2018 (miles de millones de pesos encadenados)",F035.PIB.FLU.R.CLP.2018.Z.Z.Z.02.0.A,Producto interno bruto,A,02,Antofagasta,Z,Total regional (sin desglose sectorial),Cuentas Nacionales (PIB y Consumo),Pesos Chilenos (CLP)
Regionales,"PIB por actividad económica, Región de Atacama, volumen a precios del año anterior encadenado, series empalmadas, referencia 2018 (miles de millones de pesos encadenados)",F035.PIB.FLU.R.CLP.2018.01.Z.Z.03.0.A,Agropecuario-silvícola,A,03,Atacama,01,Agropecuario-silvícola,Cuentas Nacionales (PIB y Consumo),Pesos Chilenos (CLP)
Regionales,"PIB por actividad económica, Región de Atacama, volumen a precios del año anterior encadenado, series empalmadas, referencia 2018 (miles de millones de pesos encadenados)",F035.PIB.FLU.R.CLP.2018.02.04.Z.03.0.A,Pesca,A,03,Atacama,02,Pesca,Cuentas Nacionales (PIB y Consumo),Pesos Chilenos (CLP)
Regionales,"PIB por actividad económica, Región de Atacama, volumen a precios del año anterior encadenado, series empalmadas, referencia 2018 (miles de millones de pesos encadenados)",F035.PIB.FLU.R.CLP.2018.03.Z.Z.03.0.A,Minería,A,03,Atacama,03,Minería,Cuentas Nacionales (PIB y Consumo),Pesos Chilenos (CLP)
Regionales,"PIB por actividad económica, Región de Atacama, volumen a precios del año anterior encadenado, series empalmadas, referencia 2018 (miles de millones de pesos encadenados)",F035.PIB.FLU.R.CLP.2018.04.Z.Z.03.0.A,Industria manufacturera,A,03,Atacama,04,Industria,Cuentas Nacionales (PIB y Consumo),Pesos Chilenos (CLP)
Regionales,"PIB por actividad económica, Región de Atacama, volumen a precios del año anterior encadenado, series empalmadas, referencia 2018 (miles de millones de pesos encadenados)",F035.PIB.FLU.R.CLP.2018.05.Z.Z.03.0.A,"Electricidad, gas, agua y gestión de desechos",A,03,Atacama,05,"Electricidad, gas, agua y gestión de desechos",Cuentas Nacionales (PIB y Consumo),Pesos Chilenos (CLP)
Regionales,"PIB por actividad económica, Región de Atacama, volumen a precios del año anterior encadenado, series empalmadas, referencia 2018 (miles de millones de pesos encadenados)",F035.PIB.FLU.R.CLP.2018.06.Z.Z.03.0.A,Construcción,A,03,Atacama,06,Construcción,Cuentas Nacionales (PIB y Consumo),Pesos Chilenos (CLP)
Regionales,"PIB por actividad económica, Región de Atacama, volumen a precios del año anterior encadenado, series empalmadas, referencia 2018 (miles de millones de pesos encadenados)",F035.PIB.FLU.R.CLP.2018.COM.Z.Z.03.0.A,Comercio,A,03,Atacama,COM,Comercio,Cuentas Nacionales (PIB y Consumo),Pesos Chilenos (CLP)
Regionales,"PIB por actividad económica, Región de Atacama, volumen a precios del año anterior encadenado, series empalmadas, referencia 2018 (miles de millones de pesos encadenados)",F035.PIB.FLU.R.CLP.2018.RH.Z.Z.03.0.A,Restaurantes y hoteles,A,03,Atacama,RH,Restaurantes y hoteles,Cuentas Nacionales (PIB y Consumo),Pesos Chilenos (CLP)
Regionales,"PIB por actividad económica, Región de Atacama, volumen a precios del año anterior encadenado, series empalmadas, referencia 2018 (miles de millones de pesos encadenados)",F035.PIB.FLU.R.CLP.2018.08.Z.Z.03.0.A,"Transporte, información y comunicaciones",A,03,Atacama,08,"Transporte, información y comunicaciones",Cuentas Nacionales (PIB y Consumo),Pesos Chilenos (CLP)
Regionales,"PIB por actividad económica, Región de Atacama, volumen a precios del año anterior encadenado, series empalmadas, referencia 2018 (miles de millones de pesos encadenados)",F035.PIB.FLU.R.CLP.2018.09.21.Z.03.0.A,Servicios financieros y empresariales,A,03,Atacama,09,Servicios financieros y empresariales,Finanzas y Sistema Financiero Regional,Pesos Chilenos (CLP)
Regionales,"PIB por actividad económica, Región de Atacama, volumen a precios del año anterior encadenado, series empalmadas, referencia 2018 (miles de millones de pesos encadenados)",F035.PIB.FLU.R.CLP.2018.10.Z.Z.03.0.A,Servicios de vivienda e inmobiliarios,A,03,Atacama,10,Servicios de vivienda e inmobiliarios,Desarrollo Territorial y Uso de Suelo,Pesos Chilenos (CLP)
Regionales,"PIB por actividad económica, Región de Atacama, volumen a precios del año anterior encadenado, series empalmadas, referencia 2018 (miles de millones de pesos encadenados)",F035.PIB.FLU.R.CLP.2018.11.Z.Z.03.0.A,Servicios personales,A,03,Atacama,11,Servicios personales,Cuentas Nacionales (PIB y Consumo),Pesos Chilenos (CLP)
Regionales,"PIB por actividad económica, Región de Atacama, volumen a precios del año anterior encadenado, series empalmadas, referencia 2018 (miles de millones de pesos encadenados)",F035.PIB.FLU.R.CLP.2018.12.Z.Z.03.0.A,Administración pública,A,03,Atacama,12,Administración pública,Cuentas Nacionales (PIB y Consumo),Pesos Chilenos (CLP)
Regionales,"PIB por actividad económica, Región de Atacama, volumen a precios del año anterior encadenado, series empalmadas, referencia 2018 (miles de millones de pesos encadenados)",F035.PIB.FLU.R.CLP.2018.Z.Z.Z.03.0.A,Producto interno bruto,A,03,Atacama,Z,Total regional (sin desglose sectorial),Cuentas Nacionales (PIB y Consumo),Pesos Chilenos (CLP)
Regionales,"PIB por actividad económica, Región de Coquimbo, volumen a precios del año anterior encadenado, series empalmadas, referencia 2018 (miles de millones de pesos encadenados)",F035.PIB.FLU.R.CLP.2018.01.Z.Z.04.0.A,Agropecuario-silvícola,A,04,Coquimbo,01,Agropecuario-silvícola,Cuentas Nacionales (PIB y Consumo),Pesos Chilenos (CLP)
Regionales,"PIB por actividad económica, Región de Coquimbo, volumen a precios del año anterior encadenado, series empalmadas, referencia 2018 (miles de millones de pesos encadenados)",F035.PIB.FLU.R.CLP.2018.02.04.Z.04.0.A,Pesca,A,04,Coquimbo,02,Pesca,Cuentas Nacionales (PIB y Consumo),Pesos Chilenos (CLP)
Regionales,"PIB por actividad económica, Región de Coquimbo, volumen a precios del año anterior encadenado, series empalmadas, referencia 2018 (miles de millones de pesos encadenados)",F035.PIB.FLU.R.CLP.2018.03.Z.Z.04.0.A,Minería,A,04,Coquimbo,03,Minería,Cuentas Nacionales (PIB y Consumo),Pesos Chilenos (CLP)
Regionales,"PIB por actividad económica, Región de Coquimbo, volumen a precios del año anterior encadenado, series empalmadas, referencia 2018 (miles de millones de pesos encadenados)",F035.PIB.FLU.R.CLP.2018.04.Z.Z.04.0.A,Industria manufacturera,A,04,Coquimbo,04,Industria,Cuentas Nacionales (PIB y Consumo),Pesos Chilenos (CLP)
Regionales,"PIB por actividad económica, Región de Coquimbo, volumen a precios del año anterior encadenado, series empalmadas, referencia 2018 (miles de millones de pesos encadenados)",F035.PIB.FLU.R.CLP.2018.05.Z.Z.04.0.A,"Electricidad, gas, agua y gestión de desechos",A,04,Coquimbo,05,"Electricidad, gas, agua y gestión de desechos",Cuentas Nacionales (PIB y Consumo),Pesos Chilenos (CLP)
Regionales,"PIB por actividad económica, Región de Coquimbo, volumen a precios del año anterior encadenado, series empalmadas, referencia 2018 (miles de millones de pesos encadenados)",F035.PIB.FLU.R.CLP.2018.06.Z.Z.04.0.A,Construcción,A,04,Coquimbo,06,Construcción,Cuentas Nacionales (PIB y Consumo),Pesos Chilenos (CLP)
Regionales,"PIB por actividad económica, Región de Coquimbo, volumen a precios del año anterior encadenado, series empalmadas, referencia 2018 (miles de millones de pesos encadenados)",F035.PIB.FLU.R.CLP.2018.COM.Z.Z.04.0.A,Comercio,A,04,Coquimbo,COM,Comercio,Cuentas Nacionales (PIB y Consumo),Pesos Chilenos (CLP)
Regionales,"PIB por actividad económica, Región de Coquimbo, volumen a precios del año anterior encadenado, series empalmadas, referencia 2018 (miles de millones de pesos encadenados)",F035.PIB.FLU.R.CLP.2018.RH.Z.Z.04.0.A,Restaurantes y hoteles,A,04,Coquimbo,RH,Restaurantes y hoteles,Cuentas Nacionales (PIB y Consumo),Pesos Chilenos (CLP)
Regionales,"PIB por actividad económica, Región de Coquimbo, volumen a precios del año anterior encadenado, series empalmadas, referencia 2018 (miles de millones de pesos encadenados)",F035.PIB.FLU.R.CLP.2018.08.Z.Z.04.0.A,"Transporte, información y comunicaciones",A,04,Coquimbo,08,"Transporte, información y comunicaciones",Cuentas Nacionales (PIB y Consumo),Pesos Chilenos (CLP)
Regionales,"PIB por actividad económica, Región de Coquimbo, volumen a precios del año anterior encadenado, series empalmadas, referencia 2018 (miles de millones de pesos encadenados)",F035.PIB.FLU.R.CLP.2018.09.21.Z.04.0.A,Servicios financieros y empresariales,A,04,Coquimbo,09,Servicios financieros y empresariales,Finanzas y Sistema Financiero Regional,Pesos Chilenos (CLP)
Regionales,"PIB por actividad económica, Región de Coquimbo, volumen a precios del año anterior encadenado, series empalmadas, referencia 2018 (miles de millones de pesos encadenados)",F035.PIB.FLU.R.CLP.2018.10.Z.Z.04.0.A,Servicios de vivienda e inmobiliarios,A,04,Coquimbo,10,Servicios de vivienda e inmobiliarios,Desarrollo Territorial y Uso de Suelo,Pesos Chilenos (CLP)
Regionales,"PIB por actividad económica, Región de Coquimbo, volumen a precios del año anterior encadenado, series empalmadas, referencia 2018 (miles de millones de pesos encadenados)",F035.PIB.FLU.R.CLP.2018.11.Z.Z.04.0.A,Servicios personales,A,04,Coquimbo,11,Servicios personales,Cuentas Nacionales (PIB y Consumo),Pesos Chilenos (CLP)
Regionales,"PIB por actividad económica, Región de Coquimbo, volumen a precios del año anterior encadenado, series empalmadas, referencia 2018 (miles de millones de pesos encadenados)",F035.PIB.FLU.R.CLP.2018.12.Z.Z.04.0.A,Administración pública,A,04,Coquimbo,12,Administración pública,Cuentas Nacionales (PIB y Consumo),Pesos Chilenos (CLP)
Regionales,"PIB por actividad económica, Región de Coquimbo, volumen a precios del año anterior encadenado, series empalmadas, referencia 2018 (miles de millones de pesos encadenados)",F035.PIB.FLU.R.CLP.2018.Z.Z.Z.04.0.A,Producto interno bruto,A,04,Coquimbo,Z,Total regional (sin desglose sectorial),Cuentas Nacionales (PIB y Consumo),Pesos Chilenos (CLP)
Regionales,"PIB actividad económica, Región de Valparaíso, volumen a precios del año anterior encadenado, series empalmadas, referencia 2018 (miles de millones de pesos encadenados)",F035.PIB.FLU.R.CLP.2018.01.Z.Z.05.0.A,Agropecuario-silvícola,A,05,Valparaíso,01,Agropecuario-silvícola,Cuentas Nacionales (PIB y Consumo),Pesos Chilenos (CLP)
Regionales,"PIB actividad económica, Región de Valparaíso, volumen a precios del año anterior encadenado, series empalmadas, referencia 2018 (miles de millones de pesos encadenados)",F035.PIB.FLU.R.CLP.2018.02.04.Z.05.0.A,Pesca,A,05,Valparaíso,02,Pesca,Cuentas Nacionales (PIB y Consumo),Pesos Chilenos (CLP)
Regionales,"PIB actividad económica, Región de Valparaíso, volumen a precios del año anterior encadenado, series empalmadas, referencia 2018 (miles de millones de pesos encadenados)",F035.PIB.FLU.R.CLP.2018.03.Z.Z.05.0.A,Minería,A,05,Valparaíso,03,Minería,Cuentas Nacionales (PIB y Consumo),Pesos Chilenos (CLP)
Regionales,"PIB actividad económica, Región de Valparaíso, volumen a precios del año anterior encadenado, series empalmadas, referencia 2018 (miles de millones de pesos encadenados)",F035.PIB.FLU.R.CLP.2018.04.Z.Z.05.0.A,Industria manufacturera,A,05,Valparaíso,04,Industria,Cuentas Nacionales (PIB y Consumo),Pesos Chilenos (CLP)
Regionales,"PIB actividad económica, Región de Valparaíso, volumen a precios del año anterior encadenado, series empalmadas, referencia 2018 (miles de millones de pesos encadenados)",F035.PIB.FLU.R.CLP.2018.05.Z.Z.05.0.A,"Electricidad, gas, agua y gestión de desechos",A,05,Valparaíso,05,"Electricidad, gas, agua y gestión de desechos",Cuentas Nacionales (PIB y Consumo),Pesos Chilenos (CLP)
Regionales,"PIB actividad económica, Región de Valparaíso, volumen a precios del año anterior encadenado, series empalmadas, referencia 2018 (miles de millones de pesos encadenados)",F035.PIB.FLU.R.CLP.2018.06.Z.Z.05.0.A,Construcción,A,05,Valparaíso,06,Construcción,Cuentas Nacionales (PIB y Consumo),Pesos Chilenos (CLP)
Regionales,"PIB actividad económica, Región de Valparaíso, volumen a precios del año anterior encadenado, series empalmadas, referencia 2018 (miles de millones de pesos encadenados)",F035.PIB.FLU.R.CLP.2018.COM.Z.Z.05.0.A,Comercio,A,05,Valparaíso,COM,Comercio,Cuentas Nacionales (PIB y Consumo),Pesos Chilenos (CLP)
Regionales,"PIB actividad económica, Región de Valparaíso, volumen a precios del año anterior encadenado, series empalmadas, referencia 2018 (miles de millones de pesos encadenados)",F035.PIB.FLU.R.CLP.2018.RH.Z.Z.05.0.A,Restaurantes y hoteles,A,05,Valparaíso,RH,Restaurantes y hoteles,Cuentas Nacionales (PIB y Consumo),Pesos Chilenos (CLP)
Regionales,"PIB actividad económica, Región de Valparaíso, volumen a precios del año anterior encadenado, series empalmadas, referencia 2018 (miles de millones de pesos encadenados)",F035.PIB.FLU.R.CLP.2018.08.Z.Z.05.0.A,"Transporte, información y comunicaciones",A,05,Valparaíso,08,"Transporte, información y comunicaciones",Cuentas Nacionales (PIB y Consumo),Pesos Chilenos (CLP)
Regionales,"PIB actividad económica, Región de Valparaíso, volumen a precios del año anterior encadenado, series empalmadas, referencia 2018 (miles de millones de pesos encadenados)",F035.PIB.FLU.R.CLP.2018.09.21.Z.05.0.A,Servicios financieros y empresariales,A,05,Valparaíso,09,Servicios financieros y empresariales,Finanzas y Sistema Financiero Regional,Pesos Chilenos (CLP)
Regionales,"PIB actividad económica, Región de Valparaíso, volumen a precios del año anterior encadenado, series empalmadas, referencia 2018 (miles de millones de pesos encadenados)",F035.PIB.FLU.R.CLP.2018.10.Z.Z.05.0.A,Servicios de vivienda e inmobiliarios,A,05,Valparaíso,10,Servicios de vivienda e inmobiliarios,Desarrollo Territorial y Uso de Suelo,Pesos Chilenos (CLP)
Regionales,"PIB actividad económica, Región de Valparaíso, volumen a precios del año anterior encadenado, series empalmadas, referencia 2018 (miles de millones de pesos encadenados)",F035.PIB.FLU.R.CLP.2018.11.Z.Z.05.0.A,Servicios personales,A,05,Valparaíso,11,Servicios personales,Cuentas Nacionales (PIB y Consumo),Pesos Chilenos (CLP)
Regionales,"PIB actividad económica, Región de Valparaíso, volumen a precios del año anterior encadenado, series empalmadas, referencia 2018 (miles de millones de pesos encadenados)",F035.PIB.FLU.R.CLP.2018.12.Z.Z.05.0.A,Administración pública,A,05,Valparaíso,12,Administración pública,Cuentas Nacionales (PIB y Consumo),Pesos Chilenos (CLP)
Regionales,"PIB actividad económica, Región de Valparaíso, volumen a precios del año anterior encadenado, series empalmadas, referencia 2018 (miles de millones de pesos encadenados)",F035.PIB.FLU.R.CLP.2018.Z.Z.Z.05.0.A,Producto interno bruto,A,05,Valparaíso,Z,Total regional (sin desglose sectorial),Cuentas Nacionales (PIB y Consumo),Pesos Chilenos (CLP)
Regionales,"PIB por actividad económica, Región Metropolitana de Santiago, volumen a precios del año anterior encadenado, series empalmadas, referencia 2018 (miles de millones de pesos encadenados)",F035.PIB.FLU.R.CLP.2018.01.Z.Z.13.0.A,Agropecuario-silvícola,A,13,Metropolitana de Santiago,01,Agropecuario-silvícola,Cuentas Nacionales (PIB y Consumo),Pesos Chilenos (CLP)
Regionales,"PIB por actividad económica, Región Metropolitana de Santiago, volumen a precios del año anterior encadenado, series empalmadas, referencia 2018 (miles de millones de pesos encadenados)",F035.PIB.FLU.R.CLP.2018.02.04.Z.13.0.A,Pesca,A,13,Metropolitana de Santiago,02,Pesca,Cuentas Nacionales (PIB y Consumo),Pesos Chilenos (CLP)
Regionales,"PIB por actividad económica, Región Metropolitana de Santiago, volumen a precios del año anterior encadenado, series empalmadas, referencia 2018 (miles de millones de pesos encadenados)",F035.PIB.FLU.R.CLP.2018.03.Z.Z.13.0.A,Minería,A,13,Metropolitana de Santiago,03,Minería,Cuentas Nacionales (PIB y Consumo),Pesos Chilenos (CLP)
Regionales,"PIB por actividad económica, Región Metropolitana de Santiago, volumen a precios del año anterior encadenado, series empalmadas, referencia 2018 (miles de millones de pesos encadenados)",F035.PIB.FLU.R.CLP.2018.04.Z.Z.13.0.A,Industria manufacturera,A,13,Metropolitana de Santiago,04,Industria,Cuentas Nacionales (PIB y Consumo),Pesos Chilenos (CLP)
Regionales,"PIB por actividad económica, Región Metropolitana de Santiago, volumen a precios del año anterior encadenado, series empalmadas, referencia 2018 (miles de millones de pesos encadenados)",F035.PIB.FLU.R.CLP.2018.05.Z.Z.13.0.A,"Electricidad, gas, agua y gestión de desechos",A,13,Metropolitana de Santiago,05,"Electricidad, gas, agua y gestión de desechos",Cuentas Nacionales (PIB y Consumo),Pesos Chilenos (CLP)
Regionales,"PIB por actividad económica, Región Metropolitana de Santiago, volumen a precios del año anterior encadenado, series empalmadas, referencia 2018 (miles de millones de pesos encadenados)",F035.PIB.FLU.R.CLP.2018.06.Z.Z.13.0.A,Construcción,A,13,Metropolitana de Santiago,06,Construcción,Cuentas Nacionales (PIB y Consumo),Pesos Chilenos (CLP)
Regionales,"PIB por actividad económica, Región Metropolitana de Santiago, volumen a precios del año anterior encadenado, series empalmadas, referencia 2018 (miles de millones de pesos encadenados)",F035.PIB.FLU.R.CLP.2018.COM.Z.Z.13.0.A,Comercio,A,13,Metropolitana de Santiago,COM,Comercio,Cuentas Nacionales (PIB y Consumo),Pesos Chilenos (CLP)
Regionales,"PIB por actividad económica, Región Metropolitana de Santiago, volumen a precios del año anterior encadenado, series empalmadas, referencia 2018 (miles de millones de pesos encadenados)",F035.PIB.FLU.R.CLP.2018.RH.Z.Z.13.0.A,Restaurantes y hoteles,A,13,Metropolitana de Santiago,RH,Restaurantes y hoteles,Cuentas Nacionales (PIB y Consumo),Pesos Chilenos (CLP)
Regionales,"PIB por actividad económica, Región Metropolitana de Santiago, volumen a precios del año anterior encadenado, series empalmadas, referencia 2018 (miles de millones de pesos encadenados)",F035.PIB.FLU.R.CLP.2018.08.Z.Z.13.0.A,"Transporte, información y comunicaciones",A,13,Metropolitana de Santiago,08,"Transporte, información y comunicaciones",Cuentas Nacionales (PIB y Consumo),Pesos Chilenos (CLP)
Regionales,"PIB por actividad económica, Región Metropolitana de Santiago, volumen a precios del año anterior encadenado, series empalmadas, referencia 2018 (miles de millones de pesos encadenados)",F035.PIB.FLU.R.CLP.2018.09.21.Z.13.0.A,Servicios financieros y empresariales,A,13,Metropolitana de Santiago,09,Servicios financieros y empresariales,Finanzas y Sistema Financiero Regional,Pesos Chilenos (CLP)
Regionales,"PIB por actividad económica, Región Metropolitana de Santiago, volumen a precios del año anterior encadenado, series empalmadas, referencia 2018 (miles de millones de pesos encadenados)",F035.PIB.FLU.R.CLP.2018.10.Z.Z.13.0.A,Servicios de vivienda e inmobiliarios,A,13,Metropolitana de Santiago,10,Servicios de vivienda e inmobiliarios,Desarrollo Territorial y Uso de Suelo,Pesos Chilenos (CLP)
Regionales,"PIB por actividad económica, Región Metropolitana de Santiago, volumen a precios del año anterior encadenado, series empalmadas, referencia 2018 (miles de millones de pesos encadenados)",F035.PIB.FLU.R.CLP.2018.11.Z.Z.13.0.A,Servicios personales,A,13,Metropolitana de Santiago,11,Servicios personales,Cuentas Nacionales (PIB y Consumo),Pesos Chilenos (CLP)
Regionales,"PIB por actividad económica, Región Metropolitana de Santiago, volumen a precios del año anterior encadenado, series empalmadas, referencia 2018 (miles de millones de pesos encadenados)",F035.PIB.FLU.R.CLP.2018.12.Z.Z.13.0.A,Administración pública,A,13,Metropolitana de Santiago,12,Administración pública,Cuentas Nacionales (PIB y Consumo),Pesos Chilenos (CLP)
Regionales,"PIB por actividad económica, Región Metropolitana de Santiago, volumen a precios del año anterior encadenado, series empalmadas, referencia 2018 (miles de millones de pesos encadenados)",F035.PIB.FLU.R.CLP.2018.Z.Z.Z.13.0.A,Producto interno bruto,A,13,Metropolitana de Santiago,Z,Total regional (sin desglose sectorial),Cuentas Nacionales (PIB y Consumo),Pesos Chilenos (CLP)
Regionales,"PIB por actividad económica, Región del Libertador General Bernardo O Higgins, volumen a precios del año anterior encadenado, series empalmadas, referencia 2018 (miles de millones de pesos encadenados)",F035.PIB.FLU.R.CLP.2018.01.Z.Z.06.0.A,Agropecuario-silvícola,A,06,O'Higgins,01,Agropecuario-silvícola,Cuentas Nacionales (PIB y Consumo),Pesos Chilenos (CLP)
Regionales,"PIB por actividad económica, Región del Libertador General Bernardo O Higgins, volumen a precios del año anterior encadenado, series empalmadas, referencia 2018 (miles de millones de pesos encadenados)",F035.PIB.FLU.R.CLP.2018.02.04.Z.06.0.A,Pesca,A,06,O'Higgins,02,Pesca,Cuentas Nacionales (PIB y Consumo),Pesos Chilenos (CLP)
Regionales,"PIB por actividad económica, Región del Libertador General Bernardo O Higgins, volumen a precios del año anterior encadenado, series empalmadas, referencia 2018 (miles de millones de pesos encadenados)",F035.PIB.FLU.R.CLP.2018.03.Z.Z.06.0.A,Minería,A,06,O'Higgins,03,Minería,Cuentas Nacionales (PIB y Consumo),Pesos Chilenos (CLP)
Regionales,"PIB por actividad económica, Región del Libertador General Bernardo O Higgins, volumen a precios del año anterior encadenado, series empalmadas, referencia 2018 (miles de millones de pesos encadenados)",F035.PIB.FLU.R.CLP.2018.04.Z.Z.06.0.A,Industria manufacturera,A,06,O'Higgins,04,Industria,Cuentas Nacionales (PIB y Consumo),Pesos Chilenos (CLP)
Regionales,"PIB por actividad económica, Región del Libertador General Bernardo O Higgins, volumen a precios del año anterior encadenado, series empalmadas, referencia 2018 (miles de millones de pesos encadenados)",F035.PIB.FLU.R.CLP.2018.05.Z.Z.06.0.A,"Electricidad, gas, agua y gestión de desechos",A,06,O'Higgins,05,"Electricidad, gas, agua y gestión de desechos",Cuentas Nacionales (PIB y Consumo),Pesos Chilenos (CLP)
Regionales,"PIB por actividad económica, Región del Libertador General Bernardo O Higgins, volumen a precios del año anterior encadenado, series empalmadas, referencia 2018 (miles de millones de pesos encadenados)",F035.PIB.FLU.R.CLP.2018.06.Z.Z.06.0.A,Construcción,A,06,O'Higgins,06,Construcción,Cuentas Nacionales (PIB y Consumo),Pesos Chilenos (CLP)
Regionales,"PIB por actividad económica, Región del Libertador General Bernardo O Higgins, volumen a precios del año anterior encadenado, series empalmadas, referencia 2018 (miles de millones de pesos encadenados)",F035.PIB.FLU.R.CLP.2018.COM.Z.Z.06.0.A,Comercio,A,06,O'Higgins,COM,Comercio,Cuentas Nacionales (PIB y Consumo),Pesos Chilenos (CLP)
Regionales,"PIB por actividad económica, Región del Libertador General Bernardo O Higgins, volumen a precios del año anterior encadenado, series empalmadas, referencia 2018 (miles de millones de pesos encadenados)",F035.PIB.FLU.R.CLP.2018.RH.Z.Z.06.0.A,Restaurantes y hoteles,A,06,O'Higgins,RH,Restaurantes y hoteles,Cuentas Nacionales (PIB y Consumo),Pesos Chilenos (CLP)
Regionales,"PIB por actividad económica, Región del Libertador General Bernardo O Higgins, volumen a precios del año anterior encadenado, series empalmadas, referencia 2018 (miles de millones de pesos encadenados)",F035.PIB.FLU.R.CLP.2018.08.Z.Z.06.0.A,"Transporte, información y comunicaciones",A,06,O'Higgins,08,"Transporte, información y comunicaciones",Cuentas Nacionales (PIB y Consumo),Pesos Chilenos (CLP)
Regionales,"PIB por actividad económica, Región del Libertador General Bernardo O Higgins, volumen a precios del año anterior encadenado, series empalmadas, referencia 2018 (miles de millones de pesos encadenados)",F035.PIB.FLU.R.CLP.2018.09.21.Z.06.0.A,Servicios financieros y empresariales,A,06,O'Higgins,09,Servicios financieros y empresariales,Finanzas y Sistema Financiero Regional,Pesos Chilenos (CLP)
Regionales,"PIB por actividad económica, Región del Libertador General Bernardo O Higgins, volumen a precios del año anterior encadenado, series empalmadas, referencia 2018 (miles de millones de pesos encadenados)",F035.PIB.FLU.R.CLP.2018.10.Z.Z.06.0.A,Servicios de vivienda e inmobiliarios,A,06,O'Higgins,10,Servicios de vivienda e inmobiliarios,Desarrollo Territorial y Uso de Suelo,Pesos Chilenos (CLP)
Regionales,"PIB por actividad económica, Región del Libertador General Bernardo O Higgins, volumen a precios del año anterior encadenado, series empalmadas, referencia 2018 (miles de millones de pesos encadenados)",F035.PIB.FLU.R.CLP.2018.11.Z.Z.06.0.A,Servicios personales,A,06,O'Higgins,11,Servicios personales,Cuentas Nacionales (PIB y Consumo),Pesos Chilenos (CLP)
Regionales,"PIB por actividad económica, Región del Libertador General Bernardo O Higgins, volumen a precios del año anterior encadenado, series empalmadas, referencia 2018 (miles de millones de pesos encadenados)",F035.PIB.FLU.R.CLP.2018.12.Z.Z.06.0.A,Administración pública,A,06,O'Higgins,12,Administración pública,Cuentas Nacionales (PIB y Consumo),Pesos Chilenos (CLP)
Regionales,"PIB por actividad económica, Región del Libertador General Bernardo O Higgins, volumen a precios del año anterior encadenado, series empalmadas, referencia 2018 (miles de millones de pesos encadenados)",F035.PIB.FLU.R.CLP.2018.Z.Z.Z.06.0.A,Producto interno bruto,A,06,O'Higgins,Z,Total regional (sin desglose sectorial),Cuentas Nacionales (PIB y Consumo),Pesos Chilenos (CLP)
Regionales,"PIB por actividad económica, Región del Maule, volumen a precios del año anterior encadenado, series empalmadas, referencia 2018 (miles de millones de pesos encadenados)",F035.PIB.FLU.R.CLP.2018.01.Z.Z.07.0.A,Agropecuario-silvícola,A,07,Maule,01,Agropecuario-silvícola,Cuentas Nacionales (PIB y Consumo),Pesos Chilenos (CLP)
Regionales,"PIB por actividad económica, Región del Maule, volumen a precios del año anterior encadenado, series empalmadas, referencia 2018 (miles de millones de pesos encadenados)",F035.PIB.FLU.R.CLP.2018.02.04.Z.07.0.A,Pesca,A,07,Maule,02,Pesca,Cuentas Nacionales (PIB y Consumo),Pesos Chilenos (CLP)
Regionales,"PIB por actividad económica, Región del Maule, volumen a precios del año anterior encadenado, series empalmadas, referencia 2018 (miles de millones de pesos encadenados)",F035.PIB.FLU.R.CLP.2018.03.Z.Z.07.0.A,Minería,A,07,Maule,03,Minería,Cuentas Nacionales (PIB y Consumo),Pesos Chilenos (CLP)
Regionales,"PIB por actividad económica, Región del Maule, volumen a precios del año anterior encadenado, series empalmadas, referencia 2018 (miles de millones de pesos encadenados)",F035.PIB.FLU.R.CLP.2018.04.Z.Z.07.0.A,Industria manufacturera,A,07,Maule,04,Industria,Cuentas Nacionales (PIB y Consumo),Pesos Chilenos (CLP)
Regionales,"PIB por actividad económica, Región del Maule, volumen a precios del año anterior encadenado, series empalmadas, referencia 2018 (miles de millones de pesos encadenados)",F035.PIB.FLU.R.CLP.2018.05.Z.Z.07.0.A,"Electricidad, gas, agua y gestión de desechos",A,07,Maule,05,"Electricidad, gas, agua y gestión de desechos",Cuentas Nacionales (PIB y Consumo),Pesos Chilenos (CLP)
Regionales,"PIB por actividad económica, Región del Maule, volumen a precios del año anterior encadenado, series empalmadas, referencia 2018 (miles de millones de pesos encadenados)",F035.PIB.FLU.R.CLP.2018.06.Z.Z.07.0.A,Construcción,A,07,Maule,06,Construcción,Cuentas Nacionales (PIB y Consumo),Pesos Chilenos (CLP)
Regionales,"PIB por actividad económica, Región del Maule, volumen a precios del año anterior encadenado, series empalmadas, referencia 2018 (miles de millones de pesos encadenados)",F035.PIB.FLU.R.CLP.2018.COM.Z.Z.07.0.A,Comercio,A,07,Maule,COM,Comercio,Cuentas Nacionales (PIB y Consumo),Pesos Chilenos (CLP)
Regionales,"PIB por actividad económica, Región del Maule, volumen a precios del año anterior encadenado, series empalmadas, referencia 2018 (miles de millones de pesos encadenados)",F035.PIB.FLU.R.CLP.2018.RH.Z.Z.07.0.A,Restaurantes y hoteles,A,07,Maule,RH,Restaurantes y hoteles,Cuentas Nacionales (PIB y Consumo),Pesos Chilenos (CLP)
Regionales,"PIB por actividad económica, Región del Maule, volumen a precios del año anterior encadenado, series empalmadas, referencia 2018 (miles de millones de pesos encadenados)",F035.PIB.FLU.R.CLP.2018.08.Z.Z.07.0.A,"Transporte, información y comunicaciones",A,07,Maule,08,"Transporte, información y comunicaciones",Cuentas Nacionales (PIB y Consumo),Pesos Chilenos (CLP)
Regionales,"PIB por actividad económica, Región del Maule, volumen a precios del año anterior encadenado, series empalmadas, referencia 2018 (miles de millones de pesos encadenados)",F035.PIB.FLU.R.CLP.2018.09.21.Z.07.0.A,Servicios financieros y empresariales,A,07,Maule,09,Servicios financieros y empresariales,Finanzas y Sistema Financiero Regional,Pesos Chilenos (CLP)
Regionales,"PIB por actividad económica, Región del Maule, volumen a precios del año anterior encadenado, series empalmadas, referencia 2018 (miles de millones de pesos encadenados)",F035.PIB.FLU.R.CLP.2018.10.Z.Z.07.0.A,Servicios de vivienda e inmobiliarios,A,07,Maule,10,Servicios de vivienda e inmobiliarios,Desarrollo Territorial y Uso de Suelo,Pesos Chilenos (CLP)
Regionales,"PIB por actividad económica, Región del Maule, volumen a precios del año anterior encadenado, series empalmadas, referencia 2018 (miles de millones de pesos encadenados)",F035.PIB.FLU.R.CLP.2018.11.Z.Z.07.0.A,Servicios personales,A,07,Maule,11,Servicios personales,Cuentas Nacionales (PIB y Consumo),Pesos Chilenos (CLP)
Regionales,"PIB por actividad económica, Región del Maule, volumen a precios del año anterior encadenado, series empalmadas, referencia 2018 (miles de millones de pesos encadenados)",F035.PIB.FLU.R.CLP.2018.12.Z.Z.07.0.A,Administración pública,A,07,Maule,12,Administración pública,Cuentas Nacionales (PIB y Consumo),Pesos Chilenos (CLP)
Regionales,"PIB por actividad económica, Región del Maule, volumen a precios del año anterior encadenado, series empalmadas, referencia 2018 (miles de millones de pesos encadenados)",F035.PIB.FLU.R.CLP.2018.Z.Z.Z.07.0.A,Producto interno bruto,A,07,Maule,Z,Total regional (sin desglose sectorial),Cuentas Nacionales (PIB y Consumo),Pesos Chilenos (CLP)
Regionales,"PIB por actividad económica, Región de Ñuble, volumen a precios del año anterior encadenado, series empalmadas, referencia 2018 (miles de millones de pesos encadenados)",F035.PIB.FLU.R.CLP.2018.01.Z.Z.16.0.A,Agropecuario-silvícola,A,16,Ñuble,01,Agropecuario-silvícola,Cuentas Nacionales (PIB y Consumo),Pesos Chilenos (CLP)
Regionales,"PIB por actividad económica, Región de Ñuble, volumen a precios del año anterior encadenado, series empalmadas, referencia 2018 (miles de millones de pesos encadenados)",F035.PIB.FLU.R.CLP.2018.02.04.Z.16.0.A,Pesca,A,16,Ñuble,02,Pesca,Cuentas Nacionales (PIB y Consumo),Pesos Chilenos (CLP)
Regionales,"PIB por actividad económica, Región de Ñuble, volumen a precios del año anterior encadenado, series empalmadas, referencia 2018 (miles de millones de pesos encadenados)",F035.PIB.FLU.R.CLP.2018.03.Z.Z.16.0.A,Minería,A,16,Ñuble,03,Minería,Cuentas Nacionales (PIB y Consumo),Pesos Chilenos (CLP)
Regionales,"PIB por actividad económica, Región de Ñuble, volumen a precios del año anterior encadenado, series empalmadas, referencia 2018 (miles de millones de pesos encadenados)",F035.PIB.FLU.R.CLP.2018.04.Z.Z.16.0.A,Industria manufacturera,A,16,Ñuble,04,Industria,Cuentas Nacionales (PIB y Consumo),Pesos Chilenos (CLP)
Regionales,"PIB por actividad económica, Región de Ñuble, volumen a precios del año anterior encadenado, series empalmadas, referencia 2018 (miles de millones de pesos encadenados)",F035.PIB.FLU.R.CLP.2018.05.Z.Z.16.0.A,"Electricidad, gas, agua y gestión de desechos",A,16,Ñuble,05,"Electricidad, gas, agua y gestión de desechos",Cuentas Nacionales (PIB y Consumo),Pesos Chilenos (CLP)
Regionales,"PIB por actividad económica, Región de Ñuble, volumen a precios del año anterior encadenado, series empalmadas, referencia 2018 (miles de millones de pesos encadenados)",F035.PIB.FLU.R.CLP.2018.06.Z.Z.16.0.A,Construcción,A,16,Ñuble,06,Construcción,Cuentas Nacionales (PIB y Consumo),Pesos Chilenos (CLP)
Regionales,"PIB por actividad económica, Región de Ñuble, volumen a precios del año anterior encadenado, series empalmadas, referencia 2018 (miles de millones de pesos encadenados)",F035.PIB.FLU.R.CLP.2018.COM.Z.Z.16.0.A,Comercio,A,16,Ñuble,COM,Comercio,Cuentas Nacionales (PIB y Consumo),Pesos Chilenos (CLP)
Regionales,"PIB por actividad económica, Región de Ñuble, volumen a precios del año anterior encadenado, series empalmadas, referencia 2018 (miles de millones de pesos encadenados)",F035.PIB.FLU.R.CLP.2018.RH.Z.Z.16.0.A,Restaurantes y hoteles,A,16,Ñuble,RH,Restaurantes y hoteles,Cuentas Nacionales (PIB y Consumo),Pesos Chilenos (CLP)
Regionales,"PIB por actividad económica, Región de Ñuble, volumen a precios del año anterior encadenado, series empalmadas, referencia 2018 (miles de millones de pesos encadenados)",F035.PIB.FLU.R.CLP.2018.08.Z.Z.16.0.A,"Transporte, información y comunicaciones",A,16,Ñuble,08,"Transporte, información y comunicaciones",Cuentas Nacionales (PIB y Consumo),Pesos Chilenos (CLP)
Regionales,"PIB por actividad económica, Región de Ñuble, volumen a precios del año anterior encadenado, series empalmadas, referencia 2018 (miles de millones de pesos encadenados)",F035.PIB.FLU.R.CLP.2018.09.21.Z.16.0.A,Servicios financieros y empresariales,A,16,Ñuble,09,Servicios financieros y empresariales,Finanzas y Sistema Financiero Regional,Pesos Chilenos (CLP)
Regionales,"PIB por actividad económica, Región de Ñuble, volumen a precios del año anterior encadenado, series empalmadas, referencia 2018 (miles de millones de pesos encadenados)",F035.PIB.FLU.R.CLP.2018.10.Z.Z.16.0.A,Servicios de vivienda e inmobiliarios,A,16,Ñuble,10,Servicios de vivienda e inmobiliarios,Desarrollo Territorial y Uso de Suelo,Pesos Chilenos (CLP)
Regionales,"PIB por actividad económica, Región de Ñuble, volumen a precios del año anterior encadenado, series empalmadas, referencia 2018 (miles de millones de pesos encadenados)",F035.PIB.FLU.R.CLP.2018.11.Z.Z.16.0.A,Servicios personales,A,16,Ñuble,11,Servicios personales,Cuentas Nacionales (PIB y Consumo),Pesos Chilenos (CLP)
Regionales,"PIB por actividad económica, Región de Ñuble, volumen a precios del año anterior encadenado, series empalmadas, referencia 2018 (miles de millones de pesos encadenados)",F035.PIB.FLU.R.CLP.2018.12.Z.Z.16.0.A,Administración pública,A,16,Ñuble,12,Administración pública,Cuentas Nacionales (PIB y Consumo),Pesos Chilenos (CLP)
Regionales,"PIB por actividad económica, Región de Ñuble, volumen a precios del año anterior encadenado, series empalmadas, referencia 2018 (miles de millones de pesos encadenados)",F035.PIB.FLU.R.CLP.2018.Z.Z.Z.16.0.A,Producto interno bruto,A,16,Ñuble,Z,Total regional (sin desglose sectorial),Cuentas Nacionales (PIB y Consumo),Pesos Chilenos (CLP)
Regionales,"PIB por actividad económica, Región del Biobío, volumen a precios del año anterior encadenado, series empalmadas, referencia 2018 (miles de millones de pesos encadenados)",F035.PIB.FLU.R.CLP.2018.01.Z.Z.08.0.A,Agropecuario-silvícola,A,08,Biobío,01,Agropecuario-silvícola,Cuentas Nacionales (PIB y Consumo),Pesos Chilenos (CLP)
Regionales,"PIB por actividad económica, Región del Biobío, volumen a precios del año anterior encadenado, series empalmadas, referencia 2018 (miles de millones de pesos encadenados)",F035.PIB.FLU.R.CLP.2018.02.04.Z.08.0.A,Pesca,A,08,Biobío,02,Pesca,Cuentas Nacionales (PIB y Consumo),Pesos Chilenos (CLP)
Regionales,"PIB por actividad económica, Región del Biobío, volumen a precios del año anterior encadenado, series empalmadas, referencia 2018 (miles de millones de pesos encadenados)",F035.PIB.FLU.R.CLP.2018.03.Z.Z.08.0.A,Minería,A,08,Biobío,03,Minería,Cuentas Nacionales (PIB y Consumo),Pesos Chilenos (CLP)
Regionales,"PIB por actividad económica, Región del Biobío, volumen a precios del año anterior encadenado, series empalmadas, referencia 2018 (miles de millones de pesos encadenados)",F035.PIB.FLU.R.CLP.2018.04.Z.Z.08.0.A,Industria manufacturera,A,08,Biobío,04,Industria,Cuentas Nacionales (PIB y Consumo),Pesos Chilenos (CLP)
Regionales,"PIB por actividad económica, Región del Biobío, volumen a precios del año anterior encadenado, series empalmadas, referencia 2018 (miles de millones de pesos encadenados)",F035.PIB.FLU.R.CLP.2018.05.Z.Z.08.0.A,"Electricidad, gas, agua y gestión de desechos",A,08,Biobío,05,"Electricidad, gas, agua y gestión de desechos",Cuentas Nacionales (PIB y Consumo),Pesos Chilenos (CLP)
Regionales,"PIB por actividad económica, Región del Biobío, volumen a precios del año anterior encadenado, series empalmadas, referencia 2018 (miles de millones de pesos encadenados)",F035.PIB.FLU.R.CLP.2018.06.Z.Z.08.0.A,Construcción,A,08,Biobío,06,Construcción,Cuentas Nacionales (PIB y Consumo),Pesos Chilenos (CLP)
Regionales,"PIB por actividad económica, Región del Biobío, volumen a precios del año anterior encadenado, series empalmadas, referencia 2018 (miles de millones de pesos encadenados)",F035.PIB.FLU.R.CLP.2018.COM.Z.Z.08.0.A,Comercio,A,08,Biobío,COM,Comercio,Cuentas Nacionales (PIB y Consumo),Pesos Chilenos (CLP)
Regionales,"PIB por actividad económica, Región del Biobío, volumen a precios del año anterior encadenado, series empalmadas, referencia 2018 (miles de millones de pesos encadenados)",F035.PIB.FLU.R.CLP.2018.RH.Z.Z.08.0.A,Restaurantes y hoteles,A,08,Biobío,RH,Restaurantes y hoteles,Cuentas Nacionales (PIB y Consumo),Pesos Chilenos (CLP)
Regionales,"PIB por actividad económica, Región del Biobío, volumen a precios del año anterior encadenado, series empalmadas, referencia 2018 (miles de millones de pesos encadenados)",F035.PIB.FLU.R.CLP.2018.08.Z.Z.08.0.A,"Transporte, información y comunicaciones",A,08,Biobío,08,"Transporte, información y comunicaciones",Cuentas Nacionales (PIB y Consumo),Pesos Chilenos (CLP)
Regionales,"PIB por actividad económica, Región del Biobío, volumen a precios del año anterior encadenado, series empalmadas, referencia 2018 (miles de millones de pesos encadenados)",F035.PIB.FLU.R.CLP.2018.09.21.Z.08.0.A,Servicios financieros y empresariales,A,08,Biobío,09,Servicios financieros y empresariales,Finanzas y Sistema Financiero Regional,Pesos Chilenos (CLP)
Regionales,"PIB por actividad económica, Región del Biobío, volumen a precios del año anterior encadenado, series empalmadas, referencia 2018 (miles de millones de pesos encadenados)",F035.PIB.FLU.R.CLP.2018.10.Z.Z.08.0.A,Servicios de vivienda e inmobiliarios,A,08,Biobío,10,Servicios de vivienda e inmobiliarios,Desarrollo Territorial y Uso de Suelo,Pesos Chilenos (CLP)
Regionales,"PIB por actividad económica, Región del Biobío, volumen a precios del año anterior encadenado, series empalmadas, referencia 2018 (miles de millones de pesos encadenados)",F035.PIB.FLU.R.CLP.2018.11.Z.Z.08.0.A,Servicios personales,A,08,Biobío,11,Servicios personales,Cuentas Nacionales (PIB y Consumo),Pesos Chilenos (CLP)
Regionales,"PIB por actividad económica, Región del Biobío, volumen a precios del año anterior encadenado, series empalmadas, referencia 2018 (miles de millones de pesos encadenados)",F035.PIB.FLU.R.CLP.2018.12.Z.Z.08.0.A,Administración pública,A,08,Biobío,12,Administración pública,Cuentas Nacionales (PIB y Consumo),Pesos Chilenos (CLP)
Regionales,"PIB por actividad económica, Región del Biobío, volumen a precios del año anterior encadenado, series empalmadas, referencia 2018 (miles de millones de pesos encadenados)",F035.PIB.FLU.R.CLP.2018.Z.Z.Z.08.0.A,Producto interno bruto,A,08,Biobío,Z,Total regional (sin desglose sectorial),Cuentas Nacionales (PIB y Consumo),Pesos Chilenos (CLP)
Regionales,"PIB por actividad económica, Región de La Araucanía, volumen a precios del año anterior encadenado, series empalmadas, referencia 2018 (miles de millones de pesos encadenados)",F035.PIB.FLU.R.CLP.2018.01.Z.Z.09.0.A,Agropecuario-silvícola,A,09,La Araucanía,01,Agropecuario-silvícola,Cuentas Nacionales (PIB y Consumo),Pesos Chilenos (CLP)
Regionales,"PIB por actividad económica, Región de La Araucanía, volumen a precios del año anterior encadenado, series empalmadas, referencia 2018 (miles de millones de pesos encadenados)",F035.PIB.FLU.R.CLP.2018.02.04.Z.09.0.A,Pesca,A,09,La Araucanía,02,Pesca,Cuentas Nacionales (PIB y Consumo),Pesos Chilenos (CLP)
Regionales,"PIB por actividad económica, Región de La Araucanía, volumen a precios del año anterior encadenado, series empalmadas, referencia 2018 (miles de millones de pesos encadenados)",F035.PIB.FLU.R.CLP.2018.03.Z.Z.09.0.A,Minería,A,09,La Araucanía,03,Minería,Cuentas Nacionales (PIB y Consumo),Pesos Chilenos (CLP)
Regionales,"PIB por actividad económica, Región de La Araucanía, volumen a precios del año anterior encadenado, series empalmadas, referencia 2018 (miles de millones de pesos encadenados)",F035.PIB.FLU.R.CLP.2018.04.Z.Z.09.0.A,Industria manufacturera,A,09,La Araucanía,04,Industria,Cuentas Nacionales (PIB y Consumo),Pesos Chilenos (CLP)
Regionales,"PIB por actividad económica, Región de La Araucanía, volumen a precios del año anterior encadenado, series empalmadas, referencia 2018 (miles de millones de pesos encadenados)",F035.PIB.FLU.R.CLP.2018.05.Z.Z.09.0.A,"Electricidad, gas, agua y gestión de desechos",A,09,La Araucanía,05,"Electricidad, gas, agua y gestión de desechos",Cuentas Nacionales (PIB y Consumo),Pesos Chilenos (CLP)
Regionales,"PIB por actividad económica, Región de La Araucanía, volumen a precios del año anterior encadenado, series empalmadas, referencia 2018 (miles de millones de pesos encadenados)",F035.PIB.FLU.R.CLP.2018.06.Z.Z.09.0.A,Construcción,A,09,La Araucanía,06,Construcción,Cuentas Nacionales (PIB y Consumo),Pesos Chilenos (CLP)
Regionales,"PIB por actividad económica, Región de La Araucanía, volumen a precios del año anterior encadenado, series empalmadas, referencia 2018 (miles de millones de pesos encadenados)",F035.PIB.FLU.R.CLP.2018.COM.Z.Z.09.0.A,Comercio,A,09,La Araucanía,COM,Comercio,Cuentas Nacionales (PIB y Consumo),Pesos Chilenos (CLP)
Regionales,"PIB por actividad económica, Región de La Araucanía, volumen a precios del año anterior encadenado, series empalmadas, referencia 2018 (miles de millones de pesos encadenados)",F035.PIB.FLU.R.CLP.2018.RH.Z.Z.09.0.A,Restaurantes y hoteles,A,09,La Araucanía,RH,Restaurantes y hoteles,Cuentas Nacionales (PIB y Consumo),Pesos Chilenos (CLP)
Regionales,"PIB por actividad económica, Región de La Araucanía, volumen a precios del año anterior encadenado, series empalmadas, referencia 2018 (miles de millones de pesos encadenados)",F035.PIB.FLU.R.CLP.2018.08.Z.Z.09.0.A,"Transporte, información y comunicaciones",A,09,La Araucanía,08,"Transporte, información y comunicaciones",Cuentas Nacionales (PIB y Consumo),Pesos Chilenos (CLP)
Regionales,"PIB por actividad económica, Región de La Araucanía, volumen a precios del año anterior encadenado, series empalmadas, referencia 2018 (miles de millones de pesos encadenados)",F035.PIB.FLU.R.CLP.2018.09.21.Z.09.0.A,Servicios financieros y empresariales,A,09,La Araucanía,09,Servicios financieros y empresariales,Finanzas y Sistema Financiero Regional,Pesos Chilenos (CLP)
Regionales,"PIB por actividad económica, Región de La Araucanía, volumen a precios del año anterior encadenado, series empalmadas, referencia 2018 (miles de millones de pesos encadenados)",F035.PIB.FLU.R.CLP.2018.10.Z.Z.09.0.A,Servicios de vivienda e inmobiliarios,A,09,La Araucanía,10,Servicios de vivienda e inmobiliarios,Desarrollo Territorial y Uso de Suelo,Pesos Chilenos (CLP)
Regionales,"PIB por actividad económica, Región de La Araucanía, volumen a precios del año anterior encadenado, series empalmadas, referencia 2018 (miles de millones de pesos encadenados)",F035.PIB.FLU.R.CLP.2018.11.Z.Z.09.0.A,Servicios personales,A,09,La Araucanía,11,Servicios personales,Cuentas Nacionales (PIB y Consumo),Pesos Chilenos (CLP)
Regionales,"PIB por actividad económica, Región de La Araucanía, volumen a precios del año anterior encadenado, series empalmadas, referencia 2018 (miles de millones de pesos encadenados)",F035.PIB.FLU.R.CLP.2018.12.Z.Z.09.0.A,Administración pública,A,09,La Araucanía,12,Administración pública,Cuentas Nacionales (PIB y Consumo),Pesos Chilenos (CLP)
Regionales,"PIB por actividad económica, Región de La Araucanía, volumen a precios del año anterior encadenado, series empalmadas, referencia 2018 (miles de millones de pesos encadenados)",F035.PIB.FLU.R.CLP.2018.Z.Z.Z.09.0.A,Producto interno bruto,A,09,La Araucanía,Z,Total regional (sin desglose sectorial),Cuentas Nacionales (PIB y Consumo),Pesos Chilenos (CLP)
Regionales,"PIB por actividad económica, Región de Los Ríos, volumen a precios del año anterior encadenado, series empalmadas, referencia 2018 (miles de millones de pesos encadenados)",F035.PIB.FLU.R.CLP.2018.01.Z.Z.14.0.A,Agropecuario-silvícola,A,14,Los Ríos,01,Agropecuario-silvícola,Cuentas Nacionales (PIB y Consumo),Pesos Chilenos (CLP)
Regionales,"PIB por actividad económica, Región de Los Ríos, volumen a precios del año anterior encadenado, series empalmadas, referencia 2018 (miles de millones de pesos encadenados)",F035.PIB.FLU.R.CLP.2018.02.04.Z.14.0.A,Pesca,A,14,Los Ríos,02,Pesca,Cuentas Nacionales (PIB y Consumo),Pesos Chilenos (CLP)
Regionales,"PIB por actividad económica, Región de Los Ríos, volumen a precios del año anterior encadenado, series empalmadas, referencia 2018 (miles de millones de pesos encadenados)",F035.PIB.FLU.R.CLP.2018.03.Z.Z.14.0.A,Minería,A,14,Los Ríos,03,Minería,Cuentas Nacionales (PIB y Consumo),Pesos Chilenos (CLP)
Regionales,"PIB por actividad económica, Región de Los Ríos, volumen a precios del año anterior encadenado, series empalmadas, referencia 2018 (miles de millones de pesos encadenados)",F035.PIB.FLU.R.CLP.2018.04.Z.Z.14.0.A,Industria manufacturera,A,14,Los Ríos,04,Industria,Cuentas Nacionales (PIB y Consumo),Pesos Chilenos (CLP)
Regionales,"PIB por actividad económica, Región de Los Ríos, volumen a precios del año anterior encadenado, series empalmadas, referencia 2018 (miles de millones de pesos encadenados)",F035.PIB.FLU.R.CLP.2018.05.Z.Z.14.0.A,"Electricidad, gas, agua y gestión de desechos",A,14,Los Ríos,05,"Electricidad, gas, agua y gestión de desechos",Cuentas Nacionales (PIB y Consumo),Pesos Chilenos (CLP)
Regionales,"PIB por actividad económica, Región de Los Ríos, volumen a precios del año anterior encadenado, series empalmadas, referencia 2018 (miles de millones de pesos encadenados)",F035.PIB.FLU.R.CLP.2018.06.Z.Z.14.0.A,Construcción,A,14,Los Ríos,06,Construcción,Cuentas Nacionales (PIB y Consumo),Pesos Chilenos (CLP)
Regionales,"PIB por actividad económica, Región de Los Ríos, volumen a precios del año anterior encadenado, series empalmadas, referencia 2018 (miles de millones de pesos encadenados)",F035.PIB.FLU.R.CLP.2018.COM.Z.Z.14.0.A,Comercio,A,14,Los Ríos,COM,Comercio,Cuentas Nacionales (PIB y Consumo),Pesos Chilenos (CLP)
Regionales,"PIB por actividad económica, Región de Los Ríos, volumen a precios del año anterior encadenado, series empalmadas, referencia 2018 (miles de millones de pesos encadenados)",F035.PIB.FLU.R.CLP.2018.RH.Z.Z.14.0.A,Restaurantes y hoteles,A,14,Los Ríos,RH,Restaurantes y hoteles,Cuentas Nacionales (PIB y Consumo),Pesos Chilenos (CLP)
Regionales,"PIB por actividad económica, Región de Los Ríos, volumen a precios del año anterior encadenado, series empalmadas, referencia 2018 (miles de millones de pesos encadenados)",F035.PIB.FLU.R.CLP.2018.08.Z.Z.14.0.A,"Transporte, información y comunicaciones",A,14,Los Ríos,08,"Transporte, información y comunicaciones",Cuentas Nacionales (PIB y Consumo),Pesos Chilenos (CLP)
Regionales,"PIB por actividad económica, Región de Los Ríos, volumen a precios del año anterior encadenado, series empalmadas, referencia 2018 (miles de millones de pesos encadenados)",F035.PIB.FLU.R.CLP.2018.09.21.Z.14.0.A,Servicios financieros y empresariales,A,14,Los Ríos,09,Servicios financieros y empresariales,Finanzas y Sistema Financiero Regional,Pesos Chilenos (CLP)
Regionales,"PIB por actividad económica, Región de Los Ríos, volumen a precios del año anterior encadenado, series empalmadas, referencia 2018 (miles de millones de pesos encadenados)",F035.PIB.FLU.R.CLP.2018.10.Z.Z.14.0.A,Servicios de vivienda e inmobiliarios,A,14,Los Ríos,10,Servicios de vivienda e inmobiliarios,Desarrollo Territorial y Uso de Suelo,Pesos Chilenos (CLP)
Regionales,"PIB por actividad económica, Región de Los Ríos, volumen a precios del año anterior encadenado, series empalmadas, referencia 2018 (miles de millones de pesos encadenados)",F035.PIB.FLU.R.CLP.2018.11.Z.Z.14.0.A,Servicios personales,A,14,Los Ríos,11,Servicios personales,Cuentas Nacionales (PIB y Consumo),Pesos Chilenos (CLP)
Regionales,"PIB por actividad económica, Región de Los Ríos, volumen a precios del año anterior encadenado, series empalmadas, referencia 2018 (miles de millones de pesos encadenados)",F035.PIB.FLU.R.CLP.2018.12.Z.Z.14.0.A,Administración pública,A,14,Los Ríos,12,Administración pública,Cuentas Nacionales (PIB y Consumo),Pesos Chilenos (CLP)
Regionales,"PIB por actividad económica, Región de Los Ríos, volumen a precios del año anterior encadenado, series empalmadas, referencia 2018 (miles de millones de pesos encadenados)",F035.PIB.FLU.R.CLP.2018.Z.Z.Z.14.0.A,Producto interno bruto,A,14,Los Ríos,Z,Total regional (sin desglose sectorial),Cuentas Nacionales (PIB y Consumo),Pesos Chilenos (CLP)
Regionales,"PIB por actividad económica, Región de Los Lagos, volumen a precios del año anterior encadenado, series empalmadas, referencia 2018 (miles de millones de pesos encadenados)",F035.PIB.FLU.R.CLP.2018.01.Z.Z.10.0.A,Agropecuario-silvícola,A,10,Los Lagos,01,Agropecuario-silvícola,Cuentas Nacionales (PIB y Consumo),Pesos Chilenos (CLP)
Regionales,"PIB por actividad económica, Región de Los Lagos, volumen a precios del año anterior encadenado, series empalmadas, referencia 2018 (miles de millones de pesos encadenados)",F035.PIB.FLU.R.CLP.2018.02.04.Z.10.0.A,Pesca,A,10,Los Lagos,02,Pesca,Cuentas Nacionales (PIB y Consumo),Pesos Chilenos (CLP)
Regionales,"PIB por actividad económica, Región de Los Lagos, volumen a precios del año anterior encadenado, series empalmadas, referencia 2018 (miles de millones de pesos encadenados)",F035.PIB.FLU.R.CLP.2018.03.Z.Z.10.0.A,Minería,A,10,Los Lagos,03,Minería,Cuentas Nacionales (PIB y Consumo),Pesos Chilenos (CLP)
Regionales,"PIB por actividad económica, Región de Los Lagos, volumen a precios del año anterior encadenado, series empalmadas, referencia 2018 (miles de millones de pesos encadenados)",F035.PIB.FLU.R.CLP.2018.04.Z.Z.10.0.A,Industria manufacturera,A,10,Los Lagos,04,Industria,Cuentas Nacionales (PIB y Consumo),Pesos Chilenos (CLP)
Regionales,"PIB por actividad económica, Región de Los Lagos, volumen a precios del año anterior encadenado, series empalmadas, referencia 2018 (miles de millones de pesos encadenados)",F035.PIB.FLU.R.CLP.2018.05.Z.Z.10.0.A,"Electricidad, gas, agua y gestión de desechos",A,10,Los Lagos,05,"Electricidad, gas, agua y gestión de desechos",Cuentas Nacionales (PIB y Consumo),Pesos Chilenos (CLP)
Regionales,"PIB por actividad económica, Región de Los Lagos, volumen a precios del año anterior encadenado, series empalmadas, referencia 2018 (miles de millones de pesos encadenados)",F035.PIB.FLU.R.CLP.2018.06.Z.Z.10.0.A,Construcción,A,10,Los Lagos,06,Construcción,Cuentas Nacionales (PIB y Consumo),Pesos Chilenos (CLP)
Regionales,"PIB por actividad económica, Región de Los Lagos, volumen a precios del año anterior encadenado, series empalmadas, referencia 2018 (miles de millones de pesos encadenados)",F035.PIB.FLU.R.CLP.2018.COM.Z.Z.10.0.A,Comercio,A,10,Los Lagos,COM,Comercio,Cuentas Nacionales (PIB y Consumo),Pesos Chilenos (CLP)
Regionales,"PIB por actividad económica, Región de Los Lagos, volumen a precios del año anterior encadenado, series empalmadas, referencia 2018 (miles de millones de pesos encadenados)",F035.PIB.FLU.R.CLP.2018.RH.Z.Z.10.0.A,Restaurantes y hoteles,A,10,Los Lagos,RH,Restaurantes y hoteles,Cuentas Nacionales (PIB y Consumo),Pesos Chilenos (CLP)
Regionales,"PIB por actividad económica, Región de Los Lagos, volumen a precios del año anterior encadenado, series empalmadas, referencia 2018 (miles de millones de pesos encadenados)",F035.PIB.FLU.R.CLP.2018.08.Z.Z.10.0.A,"Transporte, información y comunicaciones",A,10,Los Lagos,08,"Transporte, información y comunicaciones",Cuentas Nacionales (PIB y Consumo),Pesos Chilenos (CLP)
Regionales,"PIB por actividad económica, Región de Los Lagos, volumen a precios del año anterior encadenado, series empalmadas, referencia 2018 (miles de millones de pesos encadenados)",F035.PIB.FLU.R.CLP.2018.09.21.Z.10.0.A,Servicios financieros y empresariales,A,10,Los Lagos,09,Servicios financieros y empresariales,Finanzas y Sistema Financiero Regional,Pesos Chilenos (CLP)
Regionales,"PIB por actividad económica, Región de Los Lagos, volumen a precios del año anterior encadenado, series empalmadas, referencia 2018 (miles de millones de pesos encadenados)",F035.PIB.FLU.R.CLP.2018.10.Z.Z.10.0.A,Servicios de vivienda e inmobiliarios,A,10,Los Lagos,10,Servicios de vivienda e inmobiliarios,Desarrollo Territorial y Uso de Suelo,Pesos Chilenos (CLP)
Regionales,"PIB por actividad económica, Región de Los Lagos, volumen a precios del año anterior encadenado, series empalmadas, referencia 2018 (miles de millones de pesos encadenados)",F035.PIB.FLU.R.CLP.2018.11.Z.Z.10.0.A,Servicios personales,A,10,Los Lagos,11,Servicios personales,Cuentas Nacionales (PIB y Consumo),Pesos Chilenos (CLP)
Regionales,"PIB por actividad económica, Región de Los Lagos, volumen a precios del año anterior encadenado, series empalmadas, referencia 2018 (miles de millones de pesos encadenados)",F035.PIB.FLU.R.CLP.2018.12.Z.Z.10.0.A,Administración pública,A,10,Los Lagos,12,Administración pública,Cuentas Nacionales (PIB y Consumo),Pesos Chilenos (CLP)
Regionales,"PIB por actividad económica, Región de Los Lagos, volumen a precios del año anterior encadenado, series empalmadas, referencia 2018 (miles de millones de pesos encadenados)",F035.PIB.FLU.R.CLP.2018.Z.Z.Z.10.0.A,Producto interno bruto,A,10,Los Lagos,Z,Total regional (sin desglose sectorial),Cuentas Nacionales (PIB y Consumo),Pesos Chilenos (CLP)
Regionales,"PIB por actividad económica, Región de Aysén del General Carlos Ibáñez del Campo, volumen a precios del año anterior encadenado, series empalmadas, referencia 2018 (miles de millones de pesos encadenados)",F035.PIB.FLU.R.CLP.2018.01.Z.Z.11.0.A,Agropecuario-silvícola,A,11,Aysén,01,Agropecuario-silvícola,Cuentas Nacionales (PIB y Consumo),Pesos Chilenos (CLP)
Regionales,"PIB por actividad económica, Región de Aysén del General Carlos Ibáñez del Campo, volumen a precios del año anterior encadenado, series empalmadas, referencia 2018 (miles de millones de pesos encadenados)",F035.PIB.FLU.R.CLP.2018.02.04.Z.11.0.A,Pesca,A,11,Aysén,02,Pesca,Cuentas Nacionales (PIB y Consumo),Pesos Chilenos (CLP)
Regionales,"PIB por actividad económica, Región de Aysén del General Carlos Ibáñez del Campo, volumen a precios del año anterior encadenado, series empalmadas, referencia 2018 (miles de millones de pesos encadenados)",F035.PIB.FLU.R.CLP.2018.03.Z.Z.11.0.A,Minería,A,11,Aysén,03,Minería,Cuentas Nacionales (PIB y Consumo),Pesos Chilenos (CLP)
Regionales,"PIB por actividad económica, Región de Aysén del General Carlos Ibáñez del Campo, volumen a precios del año anterior encadenado, series empalmadas, referencia 2018 (miles de millones de pesos encadenados)",F035.PIB.FLU.R.CLP.2018.04.Z.Z.11.0.A,Industria manufacturera,A,11,Aysén,04,Industria,Cuentas Nacionales (PIB y Consumo),Pesos Chilenos (CLP)
Regionales,"PIB por actividad económica, Región de Aysén del General Carlos Ibáñez del Campo, volumen a precios del año anterior encadenado, series empalmadas, referencia 2018 (miles de millones de pesos encadenados)",F035.PIB.FLU.R.CLP.2018.05.Z.Z.11.0.A,"Electricidad, gas, agua y gestión de desechos",A,11,Aysén,05,"Electricidad, gas, agua y gestión de desechos",Cuentas Nacionales (PIB y Consumo),Pesos Chilenos (CLP)
Regionales,"PIB por actividad económica, Región de Aysén del General Carlos Ibáñez del Campo, volumen a precios del año anterior encadenado, series empalmadas, referencia 2018 (miles de millones de pesos encadenados)",F035.PIB.FLU.R.CLP.2018.06.Z.Z.11.0.A,Construcción,A,11,Aysén,06,Construcción,Cuentas Nacionales (PIB y Consumo),Pesos Chilenos (CLP)
Regionales,"PIB por actividad económica, Región de Aysén del General Carlos Ibáñez del Campo, volumen a precios del año anterior encadenado, series empalmadas, referencia 2018 (miles de millones de pesos encadenados)",F035.PIB.FLU.R.CLP.2018.COM.Z.Z.11.0.A,Comercio,A,11,Aysén,COM,Comercio,Cuentas Nacionales (PIB y Consumo),Pesos Chilenos (CLP)
Regionales,"PIB por actividad económica, Región de Aysén del General Carlos Ibáñez del Campo, volumen a precios del año anterior encadenado, series empalmadas, referencia 2018 (miles de millones de pesos encadenados)",F035.PIB.FLU.R.CLP.2018.RH.Z.Z.11.0.A,Restaurantes y hoteles,A,11,Aysén,RH,Restaurantes y hoteles,Cuentas Nacionales (PIB y Consumo),Pesos Chilenos (CLP)
Regionales,"PIB por actividad económica, Región de Aysén del General Carlos Ibáñez del Campo, volumen a precios del año anterior encadenado, series empalmadas, referencia 2018 (miles de millones de pesos encadenados)",F035.PIB.FLU.R.CLP.2018.08.Z.Z.11.0.A,"Transporte, información y comunicaciones",A,11,Aysén,08,"Transporte, información y comunicaciones",Cuentas Nacionales (PIB y Consumo),Pesos Chilenos (CLP)
Regionales,"PIB por actividad económica, Región de Aysén del General Carlos Ibáñez del Campo, volumen a precios del año anterior encadenado, series empalmadas, referencia 2018 (miles de millones de pesos encadenados)",F035.PIB.FLU.R.CLP.2018.09.21.Z.11.0.A,Servicios financieros y empresariales,A,11,Aysén,09,Servicios financieros y empresariales,Finanzas y Sistema Financiero Regional,Pesos Chilenos (CLP)
Regionales,"PIB por actividad económica, Región de Aysén del General Carlos Ibáñez del Campo, volumen a precios del año anterior encadenado, series empalmadas, referencia 2018 (miles de millones de pesos encadenados)",F035.PIB.FLU.R.CLP.2018.10.Z.Z.11.0.A,Servicios de vivienda e inmobiliarios,A,11,Aysén,10,Servicios de vivienda e inmobiliarios,Desarrollo Territorial y Uso de Suelo,Pesos Chilenos (CLP)
Regionales,"PIB por actividad económica, Región de Aysén del General Carlos Ibáñez del Campo, volumen a precios del año anterior encadenado, series empalmadas, referencia 2018 (miles de millones de pesos encadenados)",F035.PIB.FLU.R.CLP.2018.11.Z.Z.11.0.A,Servicios personales,A,11,Aysén,11,Servicios personales,Cuentas Nacionales (PIB y Consumo),Pesos Chilenos (CLP)
Regionales,"PIB por actividad económica, Región de Aysén del General Carlos Ibáñez del Campo, volumen a precios del año anterior encadenado, series empalmadas, referencia 2018 (miles de millones de pesos encadenados)",F035.PIB.FLU.R.CLP.2018.12.Z.Z.11.0.A,Administración pública,A,11,Aysén,12,Administración pública,Cuentas Nacionales (PIB y Consumo),Pesos Chilenos (CLP)
Regionales,"PIB por actividad económica, Región de Aysén del General Carlos Ibáñez del Campo, volumen a precios del año anterior encadenado, series empalmadas, referencia 2018 (miles de millones de pesos encadenados)",F035.PIB.FLU.R.CLP.2018.Z.Z.Z.11.0.A,Producto interno bruto,A,11,Aysén,Z,Total regional (sin desglose sectorial),Cuentas Nacionales (PIB y Consumo),Pesos Chilenos (CLP)
Regionales,"PIB por actividad económica, Región de Magallanes y de la Antártica Chilena, volumen a precios del año anterior encadenado, series empalmadas, referencia 2018 (miles de millones de pesos encadenados)",F035.PIB.FLU.R.CLP.2018.01.Z.Z.12.0.A,Agropecuario-silvícola,A,12,Magallanes,01,Agropecuario-silvícola,Cuentas Nacionales (PIB y Consumo),Pesos Chilenos (CLP)
Regionales,"PIB por actividad económica, Región de Magallanes y de la Antártica Chilena, volumen a precios del año anterior encadenado, series empalmadas, referencia 2018 (miles de millones de pesos encadenados)",F035.PIB.FLU.R.CLP.2018.02.04.Z.12.0.A,Pesca,A,12,Magallanes,02,Pesca,Cuentas Nacionales (PIB y Consumo),Pesos Chilenos (CLP)
Regionales,"PIB por actividad económica, Región de Magallanes y de la Antártica Chilena, volumen a precios del año anterior encadenado, series empalmadas, referencia 2018 (miles de millones de pesos encadenados)",F035.PIB.FLU.R.CLP.2018.03.Z.Z.12.0.A,Minería,A,12,Magallanes,03,Minería,Cuentas Nacionales (PIB y Consumo),Pesos Chilenos (CLP)
Regionales,"PIB por actividad económica, Región de Magallanes y de la Antártica Chilena, volumen a precios del año anterior encadenado, series empalmadas, referencia 2018 (miles de millones de pesos encadenados)",F035.PIB.FLU.R.CLP.2018.04.Z.Z.12.0.A,Industria manufacturera,A,12,Magallanes,04,Industria,Cuentas Nacionales (PIB y Consumo),Pesos Chilenos (CLP)
Regionales,"PIB por actividad económica, Región de Magallanes y de la Antártica Chilena, volumen a precios del año anterior encadenado, series empalmadas, referencia 2018 (miles de millones de pesos encadenados)",F035.PIB.FLU.R.CLP.2018.05.Z.Z.12.0.A,"Electricidad, gas, agua y gestión de desechos",A,12,Magallanes,05,"Electricidad, gas, agua y gestión de desechos",Cuentas Nacionales (PIB y Consumo),Pesos Chilenos (CLP)
Regionales,"PIB por actividad económica, Región de Magallanes y de la Antártica Chilena, volumen a precios del año anterior encadenado, series empalmadas, referencia 2018 (miles de millones de pesos encadenados)",F035.PIB.FLU.R.CLP.2018.06.Z.Z.12.0.A,Construcción,A,12,Magallanes,06,Construcción,Cuentas Nacionales (PIB y Consumo),Pesos Chilenos (CLP)
Regionales,"PIB por actividad económica, Región de Magallanes y de la Antártica Chilena, volumen a precios del año anterior encadenado, series empalmadas, referencia 2018 (miles de millones de pesos encadenados)",F035.PIB.FLU.R.CLP.2018.COM.Z.Z.12.0.A,Comercio,A,12,Magallanes,COM,Comercio,Cuentas Nacionales (PIB y Consumo),Pesos Chilenos (CLP)
Regionales,"PIB por actividad económica, Región de Magallanes y de la Antártica Chilena, volumen a precios del año anterior encadenado, series empalmadas, referencia 2018 (miles de millones de pesos encadenados)",F035.PIB.FLU.R.CLP.2018.RH.Z.Z.12.0.A,Restaurantes y hoteles,A,12,Magallanes,RH,Restaurantes y hoteles,Cuentas Nacionales (PIB y Consumo),Pesos Chilenos (CLP)
Regionales,"PIB por actividad económica, Región de Magallanes y de la Antártica Chilena, volumen a precios del año anterior encadenado, series empalmadas, referencia 2018 (miles de millones de pesos encadenados)",F035.PIB.FLU.R.CLP.2018.08.Z.Z.12.0.A,"Transporte, información y comunicaciones",A,12,Magallanes,08,"Transporte, información y comunicaciones",Cuentas Nacionales (PIB y Consumo),Pesos Chilenos (CLP)
Regionales,"PIB por actividad económica, Región de Magallanes y de la Antártica Chilena, volumen a precios del año anterior encadenado, series empalmadas, referencia 2018 (miles de millones de pesos encadenados)",F035.PIB.FLU.R.CLP.2018.09.21.Z.12.0.A,Servicios financieros y empresariales,A,12,Magallanes,09,Servicios financieros y empresariales,Finanzas y Sistema Financiero Regional,Pesos Chilenos (CLP)
Regionales,"PIB por actividad económica, Región de Magallanes y de la Antártica Chilena, volumen a precios del año anterior encadenado, series empalmadas, referencia 2018 (miles de millones de pesos encadenados)",F035.PIB.FLU.R.CLP.2018.10.Z.Z.12.0.A,Servicios de vivienda e inmobiliarios,A,12,Magallanes,10,Servicios de vivienda e inmobiliarios,Desarrollo Territorial y Uso de Suelo,Pesos Chilenos (CLP)
Regionales,"PIB por actividad económica, Región de Magallanes y de la Antártica Chilena, volumen a precios del año anterior encadenado, series empalmadas, referencia 2018 (miles de millones de pesos encadenados)",F035.PIB.FLU.R.CLP.2018.11.Z.Z.12.0.A,Servicios personales,A,12,Magallanes,11,Servicios personales,Cuentas Nacionales (PIB y Consumo),Pesos Chilenos (CLP)
Regionales,"PIB por actividad económica, Región de Magallanes y de la Antártica Chilena, volumen a precios del año anterior encadenado, series empalmadas, referencia 2018 (miles de millones de pesos encadenados)",F035.PIB.FLU.R.CLP.2018.12.Z.Z.12.0.A,Administración pública,A,12,Magallanes,12,Administración pública,Cuentas Nacionales (PIB y Consumo),Pesos Chilenos (CLP)
Regionales,"PIB por actividad económica, Región de Magallanes y de la Antártica Chilena, volumen a precios del año anterior encadenado, series empalmadas, referencia 2018 (miles de millones de pesos encadenados)",F035.PIB.FLU.R.CLP.2018.Z.Z.Z.12.0.A,Producto interno bruto,A,12,Magallanes,Z,Total regional (sin desglose sectorial),Cuentas Nacionales (PIB y Consumo),Pesos Chilenos (CLP)
Regionales,"Producto interno bruto por región, contribución porcentual respecto de igual periodo del año anterior, series empalmadas, referencia 2018",F035.PIB.V12.R.CLP.2018.Z.Z.Z.15.0.A,Región de Arica y Parinacota,A,15,Arica y Parinacota,Z,Total regional (sin desglose sectorial),Cuentas Nacionales (PIB y Consumo),No Especificada
Regionales,"Producto interno bruto por región, contribución porcentual respecto de igual periodo del año anterior, series empalmadas, referencia 2018",F035.PIB.V12.R.CLP.2018.Z.Z.Z.01.0.A,Región de Tarapacá,A,01,Tarapacá,Z,Total regional (sin desglose sectorial),Cuentas Nacionales (PIB y Consumo),No Especificada
Regionales,"Producto interno bruto por región, contribución porcentual respecto de igual periodo del año anterior, series empalmadas, referencia 2018",F035.PIB.V12.R.CLP.2018.Z.Z.Z.02.0.A,Región de Antofagasta,A,02,Antofagasta,Z,Total regional (sin desglose sectorial),Cuentas Nacionales (PIB y Consumo),No Especificada
Regionales,"Producto interno bruto por región, contribución porcentual respecto de igual periodo del año anterior, series empalmadas, referencia 2018",F035.PIB.V12.R.CLP.2018.Z.Z.Z.03.0.A,Región de Atacama,A,03,Atacama,Z,Total regional (sin desglose sectorial),Cuentas Nacionales (PIB y Consumo),No Especificada
Regionales,"Producto interno bruto por región, contribución porcentual respecto de igual periodo del año anterior, series empalmadas, referencia 2018",F035.PIB.V12.R.CLP.2018.Z.Z.Z.04.0.A,Región de Coquimbo,A,04,Coquimbo,Z,Total regional (sin desglose sectorial),Cuentas Nacionales (PIB y Consumo),No Especificada
Regionales,"Producto interno bruto por región, contribución porcentual respecto de igual periodo del año anterior, series empalmadas, referencia 2018",F035.PIB.V12.R.CLP.2018.Z.Z.Z.05.0.A,Región de Valparaíso,A,05,Valparaíso,Z,Total regional (sin desglose sectorial),Cuentas Nacionales (PIB y Consumo),No Especificada
Regionales,"Producto interno bruto por región, contribución porcentual respecto de igual periodo del año anterior, series empalmadas, referencia 2018",F035.PIB.V12.R.CLP.2018.Z.Z.Z.13.0.A,Región Metropolitana de Santiago,A,13,Metropolitana de Santiago,Z,Total regional (sin desglose sectorial),Cuentas Nacionales (PIB y Consumo),No Especificada
Regionales,"Producto interno bruto por región, contribución porcentual respecto de igual periodo del año anterior, series empalmadas, referencia 2018",F035.PIB.V12.R.CLP.2018.Z.Z.Z.06.0.A,Región del Libertador General Bernardo OHiggins,A,06,O'Higgins,Z,Total regional (sin desglose sectorial),Cuentas Nacionales (PIB y Consumo),No Especificada
Regionales,"Producto interno bruto por región, contribución porcentual respecto de igual periodo del año anterior, series empalmadas, referencia 2018",F035.PIB.V12.R.CLP.2018.Z.Z.Z.07.0.A,Región del Maule,A,07,Maule,Z,Total regional (sin desglose sectorial),Cuentas Nacionales (PIB y Consumo),No Especificada
Regionales,"Producto interno bruto por región, contribución porcentual respecto de igual periodo del año anterior, series empalmadas, referencia 2018",F035.PIB.V12.R.CLP.2018.Z.Z.Z.16.0.A,Región de Ñuble,A,16,Ñuble,Z,Total regional (sin desglose sectorial),Cuentas Nacionales (PIB y Consumo),No Especificada
Regionales,"Producto interno bruto por región, contribución porcentual respecto de igual periodo del año anterior, series empalmadas, referencia 2018",F035.PIB.V12.R.CLP.2018.Z.Z.Z.08.0.A,Región del Biobío,A,08,Biobío,Z,Total regional (sin desglose sectorial),Cuentas Nacionales (PIB y Consumo),No Especificada
Regionales,"Producto interno bruto por región, contribución porcentual respecto de igual periodo del año anterior, series empalmadas, referencia 2018",F035.PIB.V12.R.CLP.2018.Z.Z.Z.09.0.A,Región de La Araucanía,A,09,La Araucanía,Z,Total regional (sin desglose sectorial),Cuentas Nacionales (PIB y Consumo),No Especificada
Regionales,"Producto interno bruto por región, contribución porcentual respecto de igual periodo del año anterior, series empalmadas, referencia 2018",F035.PIB.V12.R.CLP.2018.Z.Z.Z.14.0.A,Región de Los Ríos,A,14,Los Ríos,Z,Total regional (sin desglose sectorial),Cuentas Nacionales (PIB y Consumo),No Especificada
Regionales,"Producto interno bruto por región, contribución porcentual respecto de igual periodo del año anterior, series empalmadas, referencia 2018",F035.PIB.V12.R.CLP.2018.Z.Z.Z.10.0.A,Región de Los Lagos,A,10,Los Lagos,Z,Total regional (sin desglose sectorial),Cuentas Nacionales (PIB y Consumo),No Especificada
Regionales,"Producto interno bruto por región, contribución porcentual respecto de igual periodo del año anterior, series empalmadas, referencia 2018",F035.PIB.V12.R.CLP.2018.Z.Z.Z.11.0.A,Región de Aysén del General Carlos Ibáñez del Campo,A,11,Aysén,Z,Total regional (sin desglose sectorial),Cuentas Nacionales (PIB y Consumo),No Especificada
Regionales,"Producto interno bruto por región, contribución porcentual respecto de igual periodo del año anterior, series empalmadas, referencia 2018",F035.PIB.V12.R.CLP.2018.Z.Z.Z.12.0.A,Región de Magallanes y de la Antártica Chilena,A,12,Magallanes,Z,Total regional (sin desglose sectorial),Cuentas Nacionales (PIB y Consumo),No Especificada
Regionales,"Producto interno bruto por región, contribución porcentual respecto de igual periodo del año anterior, series empalmadas, referencia 2018",F035.PCF.V12.R.CLP.2018.Z.Z.Z.Z.0.A,Subtotal regionalizado,A,Nacional,Total Nacional,Z,Total regional (sin desglose sectorial),Cuentas Nacionales (PIB y Consumo),No Especificada
Regionales,"Producto interno bruto por región, contribución porcentual respecto de igual periodo del año anterior, series empalmadas, referencia 2018",F035.PIB.V12.R.CLP.2018.Z.Z.Z.99.0.A,Extrarregional,A,Nacional,Total Nacional,Z,Total regional (sin desglose sectorial),Cuentas Nacionales (PIB y Consumo),No Especificada
Regionales,"Producto interno bruto por región, contribución porcentual respecto de igual periodo del año anterior, series empalmadas, referencia 2018",F035.PIB.V12.R.CLP.2018.Z.Z.Z.Z.0.A,Producto Interno Bruto,A,Nacional,Total Nacional,Z,Total regional (sin desglose sectorial),Cuentas Nacionales (PIB y Consumo),No Especificada
Regionales,"PIB por actividad económica, Región  de Arica y Parinacota, contribución porcentual respecto de igual periodo del año anterior, series empalmadas, referencia 2018",F035.PIB.V12.R.CLP.2018.01.Z.Z.15.0.A,Agropecuario-silvícola,A,15,Arica y Parinacota,01,Agropecuario-silvícola,Cuentas Nacionales (PIB y Consumo),No Especificada
Regionales,"PIB por actividad económica, Región  de Arica y Parinacota, contribución porcentual respecto de igual periodo del año anterior, series empalmadas, referencia 2018",F035.PIB.V12.R.CLP.2018.02.04.Z.15.0.A,Pesca,A,15,Arica y Parinacota,02,Pesca,Cuentas Nacionales (PIB y Consumo),No Especificada
Regionales,"PIB por actividad económica, Región  de Arica y Parinacota, contribución porcentual respecto de igual periodo del año anterior, series empalmadas, referencia 2018",F035.PIB.V12.R.CLP.2018.03.Z.Z.15.0.A,Minería,A,15,Arica y Parinacota,03,Minería,Cuentas Nacionales (PIB y Consumo),No Especificada
Regionales,"PIB por actividad económica, Región  de Arica y Parinacota, contribución porcentual respecto de igual periodo del año anterior, series empalmadas, referencia 2018",F035.PIB.V12.R.CLP.2018.04.Z.Z.15.0.A,Industria manufacturera,A,15,Arica y Parinacota,04,Industria,Cuentas Nacionales (PIB y Consumo),No Especificada
Regionales,"PIB por actividad económica, Región  de Arica y Parinacota, contribución porcentual respecto de igual periodo del año anterior, series empalmadas, referencia 2018",F035.PIB.V12.R.CLP.2018.05.Z.Z.15.0.A,"Electricidad, gas, agua y gestión de desechos",A,15,Arica y Parinacota,05,"Electricidad, gas, agua y gestión de desechos",Cuentas Nacionales (PIB y Consumo),No Especificada
Regionales,"PIB por actividad económica, Región  de Arica y Parinacota, contribución porcentual respecto de igual periodo del año anterior, series empalmadas, referencia 2018",F035.PIB.V12.R.CLP.2018.06.Z.Z.15.0.A,Construcción,A,15,Arica y Parinacota,06,Construcción,Cuentas Nacionales (PIB y Consumo),No Especificada
Regionales,"PIB por actividad económica, Región  de Arica y Parinacota, contribución porcentual respecto de igual periodo del año anterior, series empalmadas, referencia 2018",F035.PIB.V12.R.CLP.2018.COM.Z.Z.15.0.A,Comercio,A,15,Arica y Parinacota,COM,Comercio,Cuentas Nacionales (PIB y Consumo),No Especificada
Regionales,"PIB por actividad económica, Región  de Arica y Parinacota, contribución porcentual respecto de igual periodo del año anterior, series empalmadas, referencia 2018",F035.PIB.V12.R.CLP.2018.RH.Z.Z.15.0.A,Restaurantes y hoteles,A,15,Arica y Parinacota,RH,Restaurantes y hoteles,Cuentas Nacionales (PIB y Consumo),No Especificada
Regionales,"PIB por actividad económica, Región  de Arica y Parinacota, contribución porcentual respecto de igual periodo del año anterior, series empalmadas, referencia 2018",F035.PIB.V12.R.CLP.2018.08.Z.Z.15.0.A,"Transporte, información y comunicaciones",A,15,Arica y Parinacota,08,"Transporte, información y comunicaciones",Cuentas Nacionales (PIB y Consumo),No Especificada
Regionales,"PIB por actividad económica, Región  de Arica y Parinacota, contribución porcentual respecto de igual periodo del año anterior, series empalmadas, referencia 2018",F035.PIB.V12.R.CLP.2018.09.21.Z.15.0.A,Servicios financieros y empresariales,A,15,Arica y Parinacota,09,Servicios financieros y empresariales,Finanzas y Sistema Financiero Regional,No Especificada
Regionales,"PIB por actividad económica, Región  de Arica y Parinacota, contribución porcentual respecto de igual periodo del año anterior, series empalmadas, referencia 2018",F035.PIB.V12.R.CLP.2018.10.Z.Z.15.0.A,Servicios de vivienda e inmobiliarios,A,15,Arica y Parinacota,10,Servicios de vivienda e inmobiliarios,Desarrollo Territorial y Uso de Suelo,No Especificada
Regionales,"PIB por actividad económica, Región  de Arica y Parinacota, contribución porcentual respecto de igual periodo del año anterior, series empalmadas, referencia 2018",F035.PIB.V12.R.CLP.2018.11.Z.Z.15.0.A,Servicios personales,A,15,Arica y Parinacota,11,Servicios personales,Cuentas Nacionales (PIB y Consumo),No Especificada
Regionales,"PIB por actividad económica, Región  de Arica y Parinacota, contribución porcentual respecto de igual periodo del año anterior, series empalmadas, referencia 2018",F035.PIB.V12.R.CLP.2018.12.Z.Z.15.0.A,Administración pública,A,15,Arica y Parinacota,12,Administración pública,Cuentas Nacionales (PIB y Consumo),No Especificada
Regionales,"PIB por actividad económica, Región  de Arica y Parinacota, contribución porcentual respecto de igual periodo del año anterior, series empalmadas, referencia 2018",F035.PIB.V12.R.CLP.2018.CONT.Z.Z.15.0.A,Producto Interno Bruto,A,15,Arica y Parinacota,CONT,PIB (contribución),Cuentas Nacionales (PIB y Consumo),No Especificada
Regionales,"PIB por actividad económica, Región de Tarapacá, contribución porcentual respecto de igual periodo del año anterior, series empalmadas, referencia 2018",F035.PIB.V12.R.CLP.2018.01.21.Z.01.0.A,Agropecuario-silvícola,A,01,Tarapacá,01,Agropecuario-silvícola,Cuentas Nacionales (PIB y Consumo),No Especificada
Regionales,"PIB por actividad económica, Región de Tarapacá, contribución porcentual respecto de igual periodo del año anterior, series empalmadas, referencia 2018",F035.PIB.V12.R.CLP.2018.02.04.Z.01.0.A,Pesca,A,01,Tarapacá,02,Pesca,Cuentas Nacionales (PIB y Consumo),No Especificada
Regionales,"PIB por actividad económica, Región de Tarapacá, contribución porcentual respecto de igual periodo del año anterior, series empalmadas, referencia 2018",F035.PIB.V12.R.CLP.2018.03.21.Z.01.0.A,Minería,A,01,Tarapacá,03,Minería,Cuentas Nacionales (PIB y Consumo),No Especificada
Regionales,"PIB por actividad económica, Región de Tarapacá, contribución porcentual respecto de igual periodo del año anterior, series empalmadas, referencia 2018",F035.PIB.V12.R.CLP.2018.04.21.Z.01.0.A,Industria manufacturera,A,01,Tarapacá,04,Industria,Cuentas Nacionales (PIB y Consumo),No Especificada
Regionales,"PIB por actividad económica, Región de Tarapacá, contribución porcentual respecto de igual periodo del año anterior, series empalmadas, referencia 2018",F035.PIB.V12.R.CLP.2018.05.21.Z.01.0.A,"Electricidad, gas, agua y gestión de desechos",A,01,Tarapacá,05,"Electricidad, gas, agua y gestión de desechos",Cuentas Nacionales (PIB y Consumo),No Especificada
Regionales,"PIB por actividad económica, Región de Tarapacá, contribución porcentual respecto de igual periodo del año anterior, series empalmadas, referencia 2018",F035.PIB.V12.R.CLP.2018.06.21.Z.01.0.A,Construcción,A,01,Tarapacá,06,Construcción,Cuentas Nacionales (PIB y Consumo),No Especificada
Regionales,"PIB por actividad económica, Región de Tarapacá, contribución porcentual respecto de igual periodo del año anterior, series empalmadas, referencia 2018",F035.PIB.V12.R.CLP.2018.COM.21.Z.01.0.A,Comercio,A,01,Tarapacá,COM,Comercio,Cuentas Nacionales (PIB y Consumo),No Especificada
Regionales,"PIB por actividad económica, Región de Tarapacá, contribución porcentual respecto de igual periodo del año anterior, series empalmadas, referencia 2018",F035.PIB.V12.R.CLP.2018.RH.21.Z.01.0.A,Restaurantes y hoteles,A,01,Tarapacá,RH,Restaurantes y hoteles,Cuentas Nacionales (PIB y Consumo),No Especificada
Regionales,"PIB por actividad económica, Región de Tarapacá, contribución porcentual respecto de igual periodo del año anterior, series empalmadas, referencia 2018",F035.PIB.V12.R.CLP.2018.08.Z.Z.01.0.A,"Transporte, información y comunicaciones",A,01,Tarapacá,08,"Transporte, información y comunicaciones",Cuentas Nacionales (PIB y Consumo),No Especificada
Regionales,"PIB por actividad económica, Región de Tarapacá, contribución porcentual respecto de igual periodo del año anterior, series empalmadas, referencia 2018",F035.PIB.V12.R.CLP.2018.09.21.Z.01.0.A,Servicios financieros y empresariales,A,01,Tarapacá,09,Servicios financieros y empresariales,Finanzas y Sistema Financiero Regional,No Especificada
Regionales,"PIB por actividad económica, Región de Tarapacá, contribución porcentual respecto de igual periodo del año anterior, series empalmadas, referencia 2018",F035.PIB.V12.R.CLP.2018.10.Z.Z.01.0.A,Servicios de vivienda e inmobiliarios,A,01,Tarapacá,10,Servicios de vivienda e inmobiliarios,Desarrollo Territorial y Uso de Suelo,No Especificada
Regionales,"PIB por actividad económica, Región de Tarapacá, contribución porcentual respecto de igual periodo del año anterior, series empalmadas, referencia 2018",F035.PIB.V12.R.CLP.2018.11.Z.Z.01.0.A,Servicios personales,A,01,Tarapacá,11,Servicios personales,Cuentas Nacionales (PIB y Consumo),No Especificada
Regionales,"PIB por actividad económica, Región de Tarapacá, contribución porcentual respecto de igual periodo del año anterior, series empalmadas, referencia 2018",F035.PIB.V12.R.CLP.2018.12.Z.Z.01.0.A,Administración pública,A,01,Tarapacá,12,Administración pública,Cuentas Nacionales (PIB y Consumo),No Especificada
Regionales,"PIB por actividad económica, Región de Tarapacá, contribución porcentual respecto de igual periodo del año anterior, series empalmadas, referencia 2018",F035.PIB.V12.R.CLP.2018.CONT.Z.Z.01.0.A,Producto Interno Bruto,A,01,Tarapacá,CONT,PIB (contribución),Cuentas Nacionales (PIB y Consumo),No Especificada
Regionales,"PIB por actividad económica, Región de Antofagasta, contribución porcentual respecto de igual periodo del año anterior, series empalmadas, referencia 2018",F035.PIB.V12.R.CLP.2018.01.Z.Z.02.0.A,Agropecuario-silvícola,A,02,Antofagasta,01,Agropecuario-silvícola,Cuentas Nacionales (PIB y Consumo),No Especificada
Regionales,"PIB por actividad económica, Región de Antofagasta, contribución porcentual respecto de igual periodo del año anterior, series empalmadas, referencia 2018",F035.PIB.V12.R.CLP.2018.02.04.Z.02.0.A,Pesca,A,02,Antofagasta,02,Pesca,Cuentas Nacionales (PIB y Consumo),No Especificada
Regionales,"PIB por actividad económica, Región de Antofagasta, contribución porcentual respecto de igual periodo del año anterior, series empalmadas, referencia 2018",F035.PIB.V12.R.CLP.2018.03.Z.Z.02.0.A,Minería,A,02,Antofagasta,03,Minería,Cuentas Nacionales (PIB y Consumo),No Especificada
Regionales,"PIB por actividad económica, Región de Antofagasta, contribución porcentual respecto de igual periodo del año anterior, series empalmadas, referencia 2018",F035.PIB.V12.R.CLP.2018.04.Z.Z.02.0.A,Industria manufacturera,A,02,Antofagasta,04,Industria,Cuentas Nacionales (PIB y Consumo),No Especificada
Regionales,"PIB por actividad económica, Región de Antofagasta, contribución porcentual respecto de igual periodo del año anterior, series empalmadas, referencia 2018",F035.PIB.V12.R.CLP.2018.05.Z.Z.02.0.A,"Electricidad, gas, agua y gestión de desechos",A,02,Antofagasta,05,"Electricidad, gas, agua y gestión de desechos",Cuentas Nacionales (PIB y Consumo),No Especificada
Regionales,"PIB por actividad económica, Región de Antofagasta, contribución porcentual respecto de igual periodo del año anterior, series empalmadas, referencia 2018",F035.PIB.V12.R.CLP.2018.06.Z.Z.02.0.A,Construcción,A,02,Antofagasta,06,Construcción,Cuentas Nacionales (PIB y Consumo),No Especificada
Regionales,"PIB por actividad económica, Región de Antofagasta, contribución porcentual respecto de igual periodo del año anterior, series empalmadas, referencia 2018",F035.PIB.V12.R.CLP.2018.COM.Z.Z.02.0.A,Comercio,A,02,Antofagasta,COM,Comercio,Cuentas Nacionales (PIB y Consumo),No Especificada
Regionales,"PIB por actividad económica, Región de Antofagasta, contribución porcentual respecto de igual periodo del año anterior, series empalmadas, referencia 2018",F035.PIB.V12.R.CLP.2018.RH.Z.Z.02.0.A,Restaurantes y hoteles,A,02,Antofagasta,RH,Restaurantes y hoteles,Cuentas Nacionales (PIB y Consumo),No Especificada
Regionales,"PIB por actividad económica, Región de Antofagasta, contribución porcentual respecto de igual periodo del año anterior, series empalmadas, referencia 2018",F035.PIB.V12.R.CLP.2018.08.Z.Z.02.0.A,"Transporte, información y comunicaciones",A,02,Antofagasta,08,"Transporte, información y comunicaciones",Cuentas Nacionales (PIB y Consumo),No Especificada
Regionales,"PIB por actividad económica, Región de Antofagasta, contribución porcentual respecto de igual periodo del año anterior, series empalmadas, referencia 2018",F035.PIB.V12.R.CLP.2018.09.21.Z.02.0.A,Servicios financieros y empresariales,A,02,Antofagasta,09,Servicios financieros y empresariales,Finanzas y Sistema Financiero Regional,No Especificada
Regionales,"PIB por actividad económica, Región de Antofagasta, contribución porcentual respecto de igual periodo del año anterior, series empalmadas, referencia 2018",F035.PIB.V12.R.CLP.2018.10.Z.Z.02.0.A,Servicios de vivienda e inmobiliarios,A,02,Antofagasta,10,Servicios de vivienda e inmobiliarios,Desarrollo Territorial y Uso de Suelo,No Especificada
Regionales,"PIB por actividad económica, Región de Antofagasta, contribución porcentual respecto de igual periodo del año anterior, series empalmadas, referencia 2018",F035.PIB.V12.R.CLP.2018.11.Z.Z.02.0.A,Servicios personales,A,02,Antofagasta,11,Servicios personales,Cuentas Nacionales (PIB y Consumo),No Especificada
Regionales,"PIB por actividad económica, Región de Antofagasta, contribución porcentual respecto de igual periodo del año anterior, series empalmadas, referencia 2018",F035.PIB.V12.R.CLP.2018.12.Z.Z.02.0.A,Administración pública,A,02,Antofagasta,12,Administración pública,Cuentas Nacionales (PIB y Consumo),No Especificada
Regionales,"PIB por actividad económica, Región de Antofagasta, contribución porcentual respecto de igual periodo del año anterior, series empalmadas, referencia 2018",F035.PIB.V12.R.CLP.2018.CONT.Z.Z.02.0.A,Producto Interno Bruto,A,02,Antofagasta,CONT,PIB (contribución),Cuentas Nacionales (PIB y Consumo),No Especificada
Regionales,"PIB por actividad económica, Región de Atacama, contribución porcentual respecto de igual periodo del año anterior, series empalmadas, referencia 2018",F035.PIB.V12.R.CLP.2018.01.Z.Z.03.0.A,Agropecuario-silvícola,A,03,Atacama,01,Agropecuario-silvícola,Cuentas Nacionales (PIB y Consumo),No Especificada
Regionales,"PIB por actividad económica, Región de Atacama, contribución porcentual respecto de igual periodo del año anterior, series empalmadas, referencia 2018",F035.PIB.V12.R.CLP.2018.02.04.Z.03.0.A,Pesca,A,03,Atacama,02,Pesca,Cuentas Nacionales (PIB y Consumo),No Especificada
Regionales,"PIB por actividad económica, Región de Atacama, contribución porcentual respecto de igual periodo del año anterior, series empalmadas, referencia 2018",F035.PIB.V12.R.CLP.2018.03.Z.Z.03.0.A,Minería,A,03,Atacama,03,Minería,Cuentas Nacionales (PIB y Consumo),No Especificada
Regionales,"PIB por actividad económica, Región de Atacama, contribución porcentual respecto de igual periodo del año anterior, series empalmadas, referencia 2018",F035.PIB.V12.R.CLP.2018.04.Z.Z.03.0.A,Industria manufacturera,A,03,Atacama,04,Industria,Cuentas Nacionales (PIB y Consumo),No Especificada
Regionales,"PIB por actividad económica, Región de Atacama, contribución porcentual respecto de igual periodo del año anterior, series empalmadas, referencia 2018",F035.PIB.V12.R.CLP.2018.05.Z.Z.03.0.A,"Electricidad, gas, agua y gestión de desechos",A,03,Atacama,05,"Electricidad, gas, agua y gestión de desechos",Cuentas Nacionales (PIB y Consumo),No Especificada
Regionales,"PIB por actividad económica, Región de Atacama, contribución porcentual respecto de igual periodo del año anterior, series empalmadas, referencia 2018",F035.PIB.V12.R.CLP.2018.06.Z.Z.03.0.A,Construcción,A,03,Atacama,06,Construcción,Cuentas Nacionales (PIB y Consumo),No Especificada
Regionales,"PIB por actividad económica, Región de Atacama, contribución porcentual respecto de igual periodo del año anterior, series empalmadas, referencia 2018",F035.PIB.V12.R.CLP.2018.COM.Z.Z.03.0.A,Comercio,A,03,Atacama,COM,Comercio,Cuentas Nacionales (PIB y Consumo),No Especificada
Regionales,"PIB por actividad económica, Región de Atacama, contribución porcentual respecto de igual periodo del año anterior, series empalmadas, referencia 2018",F035.PIB.V12.R.CLP.2018.RH.Z.Z.03.0.A,Restaurantes y hoteles,A,03,Atacama,RH,Restaurantes y hoteles,Cuentas Nacionales (PIB y Consumo),No Especificada
Regionales,"PIB por actividad económica, Región de Atacama, contribución porcentual respecto de igual periodo del año anterior, series empalmadas, referencia 2018",F035.PIB.V12.R.CLP.2018.08.Z.Z.03.0.A,"Transporte, información y comunicaciones",A,03,Atacama,08,"Transporte, información y comunicaciones",Cuentas Nacionales (PIB y Consumo),No Especificada
Regionales,"PIB por actividad económica, Región de Atacama, contribución porcentual respecto de igual periodo del año anterior, series empalmadas, referencia 2018",F035.PIB.V12.R.CLP.2018.09.21.Z.03.0.A,Servicios financieros y empresariales,A,03,Atacama,09,Servicios financieros y empresariales,Finanzas y Sistema Financiero Regional,No Especificada
Regionales,"PIB por actividad económica, Región de Atacama, contribución porcentual respecto de igual periodo del año anterior, series empalmadas, referencia 2018",F035.PIB.V12.R.CLP.2018.10.Z.Z.03.0.A,Servicios de vivienda e inmobiliarios,A,03,Atacama,10,Servicios de vivienda e inmobiliarios,Desarrollo Territorial y Uso de Suelo,No Especificada
Regionales,"PIB por actividad económica, Región de Atacama, contribución porcentual respecto de igual periodo del año anterior, series empalmadas, referencia 2018",F035.PIB.V12.R.CLP.2018.11.Z.Z.03.0.A,Servicios personales,A,03,Atacama,11,Servicios personales,Cuentas Nacionales (PIB y Consumo),No Especificada
Regionales,"PIB por actividad económica, Región de Atacama, contribución porcentual respecto de igual periodo del año anterior, series empalmadas, referencia 2018",F035.PIB.V12.R.CLP.2018.12.Z.Z.03.0.A,Administración pública,A,03,Atacama,12,Administración pública,Cuentas Nacionales (PIB y Consumo),No Especificada
Regionales,"PIB por actividad económica, Región de Atacama, contribución porcentual respecto de igual periodo del año anterior, series empalmadas, referencia 2018",F035.PIB.V12.R.CLP.2018.CONT.Z.Z.03.0.A,Producto Interno Bruto,A,03,Atacama,CONT,PIB (contribución),Cuentas Nacionales (PIB y Consumo),No Especificada
Regionales,"PIB por actividad económica, Región de Coquimbo, contribución porcentual respecto de igual periodo del año anterior, series empalmadas, referencia 2018",F035.PIB.V12.R.CLP.2018.01.Z.Z.04.0.A,Agropecuario-silvícola,A,04,Coquimbo,01,Agropecuario-silvícola,Cuentas Nacionales (PIB y Consumo),No Especificada
Regionales,"PIB por actividad económica, Región de Coquimbo, contribución porcentual respecto de igual periodo del año anterior, series empalmadas, referencia 2018",F035.PIB.V12.R.CLP.2018.02.04.Z.04.0.A,Pesca,A,04,Coquimbo,02,Pesca,Cuentas Nacionales (PIB y Consumo),No Especificada
Regionales,"PIB por actividad económica, Región de Coquimbo, contribución porcentual respecto de igual periodo del año anterior, series empalmadas, referencia 2018",F035.PIB.V12.R.CLP.2018.03.Z.Z.04.0.A,Minería,A,04,Coquimbo,03,Minería,Cuentas Nacionales (PIB y Consumo),No Especificada
Regionales,"PIB por actividad económica, Región de Coquimbo, contribución porcentual respecto de igual periodo del año anterior, series empalmadas, referencia 2018",F035.PIB.V12.R.CLP.2018.04.Z.Z.04.0.A,Industria manufacturera,A,04,Coquimbo,04,Industria,Cuentas Nacionales (PIB y Consumo),No Especificada
Regionales,"PIB por actividad económica, Región de Coquimbo, contribución porcentual respecto de igual periodo del año anterior, series empalmadas, referencia 2018",F035.PIB.V12.R.CLP.2018.05.Z.Z.04.0.A,"Electricidad, gas, agua y gestión de desechos",A,04,Coquimbo,05,"Electricidad, gas, agua y gestión de desechos",Cuentas Nacionales (PIB y Consumo),No Especificada
Regionales,"PIB por actividad económica, Región de Coquimbo, contribución porcentual respecto de igual periodo del año anterior, series empalmadas, referencia 2018",F035.PIB.V12.R.CLP.2018.06.Z.Z.04.0.A,Construcción,A,04,Coquimbo,06,Construcción,Cuentas Nacionales (PIB y Consumo),No Especificada
Regionales,"PIB por actividad económica, Región de Coquimbo, contribución porcentual respecto de igual periodo del año anterior, series empalmadas, referencia 2018",F035.PIB.V12.R.CLP.2018.COM.Z.Z.04.0.A,Comercio,A,04,Coquimbo,COM,Comercio,Cuentas Nacionales (PIB y Consumo),No Especificada
Regionales,"PIB por actividad económica, Región de Coquimbo, contribución porcentual respecto de igual periodo del año anterior, series empalmadas, referencia 2018",F035.PIB.V12.R.CLP.2018.RH.Z.Z.04.0.A,Restaurantes y hoteles,A,04,Coquimbo,RH,Restaurantes y hoteles,Cuentas Nacionales (PIB y Consumo),No Especificada
Regionales,"PIB por actividad económica, Región de Coquimbo, contribución porcentual respecto de igual periodo del año anterior, series empalmadas, referencia 2018",F035.PIB.V12.R.CLP.2018.08.Z.Z.04.0.A,"Transporte, información y comunicaciones",A,04,Coquimbo,08,"Transporte, información y comunicaciones",Cuentas Nacionales (PIB y Consumo),No Especificada
Regionales,"PIB por actividad económica, Región de Coquimbo, contribución porcentual respecto de igual periodo del año anterior, series empalmadas, referencia 2018",F035.PIB.V12.R.CLP.2018.09.21.Z.04.0.A,Servicios financieros y empresariales,A,04,Coquimbo,09,Servicios financieros y empresariales,Finanzas y Sistema Financiero Regional,No Especificada
Regionales,"PIB por actividad económica, Región de Coquimbo, contribución porcentual respecto de igual periodo del año anterior, series empalmadas, referencia 2018",F035.PIB.V12.R.CLP.2018.10.Z.Z.04.0.A,Servicios de vivienda e inmobiliarios,A,04,Coquimbo,10,Servicios de vivienda e inmobiliarios,Desarrollo Territorial y Uso de Suelo,No Especificada
Regionales,"PIB por actividad económica, Región de Coquimbo, contribución porcentual respecto de igual periodo del año anterior, series empalmadas, referencia 2018",F035.PIB.V12.R.CLP.2018.11.Z.Z.04.0.A,Servicios personales,A,04,Coquimbo,11,Servicios personales,Cuentas Nacionales (PIB y Consumo),No Especificada
Regionales,"PIB por actividad económica, Región de Coquimbo, contribución porcentual respecto de igual periodo del año anterior, series empalmadas, referencia 2018",F035.PIB.V12.R.CLP.2018.12.Z.Z.04.0.A,Administración pública,A,04,Coquimbo,12,Administración pública,Cuentas Nacionales (PIB y Consumo),No Especificada
Regionales,"PIB por actividad económica, Región de Coquimbo, contribución porcentual respecto de igual periodo del año anterior, series empalmadas, referencia 2018",F035.PIB.V12.R.CLP.2018.CONT.Z.Z.04.0.A,Producto Interno Bruto,A,04,Coquimbo,CONT,PIB (contribución),Cuentas Nacionales (PIB y Consumo),No Especificada
Regionales,"PIB por actividad económica, Región de Valparaíso, contribución porcentual respecto de igual periodo del año anterior, series empalmadas, referencia 2018",F035.PIB.V12.R.CLP.2018.01.Z.Z.05.0.A,Agropecuario-silvícola,A,05,Valparaíso,01,Agropecuario-silvícola,Cuentas Nacionales (PIB y Consumo),No Especificada
Regionales,"PIB por actividad económica, Región de Valparaíso, contribución porcentual respecto de igual periodo del año anterior, series empalmadas, referencia 2018",F035.PIB.V12.R.CLP.2018.02.04.Z.05.0.A,Pesca,A,05,Valparaíso,02,Pesca,Cuentas Nacionales (PIB y Consumo),No Especificada
Regionales,"PIB por actividad económica, Región de Valparaíso, contribución porcentual respecto de igual periodo del año anterior, series empalmadas, referencia 2018",F035.PIB.V12.R.CLP.2018.03.Z.Z.05.0.A,Minería,A,05,Valparaíso,03,Minería,Cuentas Nacionales (PIB y Consumo),No Especificada
Regionales,"PIB por actividad económica, Región de Valparaíso, contribución porcentual respecto de igual periodo del año anterior, series empalmadas, referencia 2018",F035.PIB.V12.R.CLP.2018.04.Z.Z.05.0.A,Industria manufacturera,A,05,Valparaíso,04,Industria,Cuentas Nacionales (PIB y Consumo),No Especificada
Regionales,"PIB por actividad económica, Región de Valparaíso, contribución porcentual respecto de igual periodo del año anterior, series empalmadas, referencia 2018",F035.PIB.V12.R.CLP.2018.05.Z.Z.05.0.A,"Electricidad, gas, agua y gestión de desechos",A,05,Valparaíso,05,"Electricidad, gas, agua y gestión de desechos",Cuentas Nacionales (PIB y Consumo),No Especificada
Regionales,"PIB por actividad económica, Región de Valparaíso, contribución porcentual respecto de igual periodo del año anterior, series empalmadas, referencia 2018",F035.PIB.V12.R.CLP.2018.06.Z.Z.05.0.A,Construcción,A,05,Valparaíso,06,Construcción,Cuentas Nacionales (PIB y Consumo),No Especificada
Regionales,"PIB por actividad económica, Región de Valparaíso, contribución porcentual respecto de igual periodo del año anterior, series empalmadas, referencia 2018",F035.PIB.V12.R.CLP.2018.COM.Z.Z.05.0.A,Comercio,A,05,Valparaíso,COM,Comercio,Cuentas Nacionales (PIB y Consumo),No Especificada
Regionales,"PIB por actividad económica, Región de Valparaíso, contribución porcentual respecto de igual periodo del año anterior, series empalmadas, referencia 2018",F035.PIB.V12.R.CLP.2018.RH.Z.Z.05.0.A,Restaurantes y hoteles,A,05,Valparaíso,RH,Restaurantes y hoteles,Cuentas Nacionales (PIB y Consumo),No Especificada
Regionales,"PIB por actividad económica, Región de Valparaíso, contribución porcentual respecto de igual periodo del año anterior, series empalmadas, referencia 2018",F035.PIB.V12.R.CLP.2018.08.Z.Z.05.0.A,"Transporte, información y comunicaciones",A,05,Valparaíso,08,"Transporte, información y comunicaciones",Cuentas Nacionales (PIB y Consumo),No Especificada
Regionales,"PIB por actividad económica, Región de Valparaíso, contribución porcentual respecto de igual periodo del año anterior, series empalmadas, referencia 2018",F035.PIB.V12.R.CLP.2018.09.21.Z.05.0.A,Servicios financieros y empresariales,A,05,Valparaíso,09,Servicios financieros y empresariales,Finanzas y Sistema Financiero Regional,No Especificada
Regionales,"PIB por actividad económica, Región de Valparaíso, contribución porcentual respecto de igual periodo del año anterior, series empalmadas, referencia 2018",F035.PIB.V12.R.CLP.2018.10.Z.Z.05.0.A,Servicios de vivienda e inmobiliarios,A,05,Valparaíso,10,Servicios de vivienda e inmobiliarios,Desarrollo Territorial y Uso de Suelo,No Especificada
Regionales,"PIB por actividad económica, Región de Valparaíso, contribución porcentual respecto de igual periodo del año anterior, series empalmadas, referencia 2018",F035.PIB.V12.R.CLP.2018.11.Z.Z.05.0.A,Servicios personales,A,05,Valparaíso,11,Servicios personales,Cuentas Nacionales (PIB y Consumo),No Especificada
Regionales,"PIB por actividad económica, Región de Valparaíso, contribución porcentual respecto de igual periodo del año anterior, series empalmadas, referencia 2018",F035.PIB.V12.R.CLP.2018.12.Z.Z.05.0.A,Administración pública,A,05,Valparaíso,12,Administración pública,Cuentas Nacionales (PIB y Consumo),No Especificada
Regionales,"PIB por actividad económica, Región de Valparaíso, contribución porcentual respecto de igual periodo del año anterior, series empalmadas, referencia 2018",F035.PIB.V12.R.CLP.2018.CONT.Z.Z.05.0.A,Producto Interno Bruto,A,05,Valparaíso,CONT,PIB (contribución),Cuentas Nacionales (PIB y Consumo),No Especificada
Regionales,"PIB por actividad económica, Región Metropolitana de Santiago, contribución porcentual respecto de igual periodo del año anterior, series empalmadas, referencia 2018",F035.PIB.V12.R.CLP.2018.01.Z.Z.13.0.A,Agropecuario-silvícola,A,13,Metropolitana de Santiago,01,Agropecuario-silvícola,Cuentas Nacionales (PIB y Consumo),No Especificada
Regionales,"PIB por actividad económica, Región Metropolitana de Santiago, contribución porcentual respecto de igual periodo del año anterior, series empalmadas, referencia 2018",F035.PIB.V12.R.CLP.2018.02.04.Z.13.0.A,Pesca,A,13,Metropolitana de Santiago,02,Pesca,Cuentas Nacionales (PIB y Consumo),No Especificada
Regionales,"PIB por actividad económica, Región Metropolitana de Santiago, contribución porcentual respecto de igual periodo del año anterior, series empalmadas, referencia 2018",F035.PIB.V12.R.CLP.2018.03.Z.Z.13.0.A,Minería,A,13,Metropolitana de Santiago,03,Minería,Cuentas Nacionales (PIB y Consumo),No Especificada
Regionales,"PIB por actividad económica, Región Metropolitana de Santiago, contribución porcentual respecto de igual periodo del año anterior, series empalmadas, referencia 2018",F035.PIB.V12.R.CLP.2018.04.Z.Z.13.0.A,Industria manufacturera,A,13,Metropolitana de Santiago,04,Industria,Cuentas Nacionales (PIB y Consumo),No Especificada
Regionales,"PIB por actividad económica, Región Metropolitana de Santiago, contribución porcentual respecto de igual periodo del año anterior, series empalmadas, referencia 2018",F035.PIB.V12.R.CLP.2018.05.Z.Z.13.0.A,"Electricidad, gas, agua y gestión de desechos",A,13,Metropolitana de Santiago,05,"Electricidad, gas, agua y gestión de desechos",Cuentas Nacionales (PIB y Consumo),No Especificada
Regionales,"PIB por actividad económica, Región Metropolitana de Santiago, contribución porcentual respecto de igual periodo del año anterior, series empalmadas, referencia 2018",F035.PIB.V12.R.CLP.2018.06.Z.Z.13.0.A,Construcción,A,13,Metropolitana de Santiago,06,Construcción,Cuentas Nacionales (PIB y Consumo),No Especificada
Regionales,"PIB por actividad económica, Región Metropolitana de Santiago, contribución porcentual respecto de igual periodo del año anterior, series empalmadas, referencia 2018",F035.PIB.V12.R.CLP.2018.COM.Z.Z.13.0.A,Comercio,A,13,Metropolitana de Santiago,COM,Comercio,Cuentas Nacionales (PIB y Consumo),No Especificada
Regionales,"PIB por actividad económica, Región Metropolitana de Santiago, contribución porcentual respecto de igual periodo del año anterior, series empalmadas, referencia 2018",F035.PIB.V12.R.CLP.2018.RH.Z.Z.13.0.A,Restaurantes y hoteles,A,13,Metropolitana de Santiago,RH,Restaurantes y hoteles,Cuentas Nacionales (PIB y Consumo),No Especificada
Regionales,"PIB por actividad económica, Región Metropolitana de Santiago, contribución porcentual respecto de igual periodo del año anterior, series empalmadas, referencia 2018",F035.PIB.V12.R.CLP.2018.08.Z.Z.13.0.A,"Transporte, información y comunicaciones",A,13,Metropolitana de Santiago,08,"Transporte, información y comunicaciones",Cuentas Nacionales (PIB y Consumo),No Especificada
Regionales,"PIB por actividad económica, Región Metropolitana de Santiago, contribución porcentual respecto de igual periodo del año anterior, series empalmadas, referencia 2018",F035.PIB.V12.R.CLP.2018.09.21.Z.13.0.A,Servicios financieros y empresariales,A,13,Metropolitana de Santiago,09,Servicios financieros y empresariales,Finanzas y Sistema Financiero Regional,No Especificada
Regionales,"PIB por actividad económica, Región Metropolitana de Santiago, contribución porcentual respecto de igual periodo del año anterior, series empalmadas, referencia 2018",F035.PIB.V12.R.CLP.2018.10.Z.Z.13.0.A,Servicios de vivienda e inmobiliarios,A,13,Metropolitana de Santiago,10,Servicios de vivienda e inmobiliarios,Desarrollo Territorial y Uso de Suelo,No Especificada
Regionales,"PIB por actividad económica, Región Metropolitana de Santiago, contribución porcentual respecto de igual periodo del año anterior, series empalmadas, referencia 2018",F035.PIB.V12.R.CLP.2018.11.Z.Z.13.0.A,Servicios personales,A,13,Metropolitana de Santiago,11,Servicios personales,Cuentas Nacionales (PIB y Consumo),No Especificada
Regionales,"PIB por actividad económica, Región Metropolitana de Santiago, contribución porcentual respecto de igual periodo del año anterior, series empalmadas, referencia 2018",F035.PIB.V12.R.CLP.2018.12.Z.Z.13.0.A,Administración pública,A,13,Metropolitana de Santiago,12,Administración pública,Cuentas Nacionales (PIB y Consumo),No Especificada
Regionales,"PIB por actividad económica, Región Metropolitana de Santiago, contribución porcentual respecto de igual periodo del año anterior, series empalmadas, referencia 2018",F035.PIB.V12.R.CLP.2018.CONT.Z.Z.13.0.A,Producto Interno Bruto,A,13,Metropolitana de Santiago,CONT,PIB (contribución),Cuentas Nacionales (PIB y Consumo),No Especificada
Regionales,"PIB por actividad económica, Región del Libertador General Bernardo O Higgins, contribución porcentual respecto de igual periodo del año anterior, series empalmadas, referencia 2018",F035.PIB.V12.R.CLP.2018.01.Z.Z.06.0.A,Agropecuario-silvícola,A,06,O'Higgins,01,Agropecuario-silvícola,Cuentas Nacionales (PIB y Consumo),No Especificada
Regionales,"PIB por actividad económica, Región del Libertador General Bernardo O Higgins, contribución porcentual respecto de igual periodo del año anterior, series empalmadas, referencia 2018",F035.PIB.V12.R.CLP.2018.02.04.Z.06.0.A,Pesca,A,06,O'Higgins,02,Pesca,Cuentas Nacionales (PIB y Consumo),No Especificada
Regionales,"PIB por actividad económica, Región del Libertador General Bernardo O Higgins, contribución porcentual respecto de igual periodo del año anterior, series empalmadas, referencia 2018",F035.PIB.V12.R.CLP.2018.03.Z.Z.06.0.A,Minería,A,06,O'Higgins,03,Minería,Cuentas Nacionales (PIB y Consumo),No Especificada
Regionales,"PIB por actividad económica, Región del Libertador General Bernardo O Higgins, contribución porcentual respecto de igual periodo del año anterior, series empalmadas, referencia 2018",F035.PIB.V12.R.CLP.2018.04.Z.Z.06.0.A,Industria manufacturera,A,06,O'Higgins,04,Industria,Cuentas Nacionales (PIB y Consumo),No Especificada
Regionales,"PIB por actividad económica, Región del Libertador General Bernardo O Higgins, contribución porcentual respecto de igual periodo del año anterior, series empalmadas, referencia 2018",F035.PIB.V12.R.CLP.2018.05.Z.Z.06.0.A,"Electricidad, gas, agua y gestión de desechos",A,06,O'Higgins,05,"Electricidad, gas, agua y gestión de desechos",Cuentas Nacionales (PIB y Consumo),No Especificada
Regionales,"PIB por actividad económica, Región del Libertador General Bernardo O Higgins, contribución porcentual respecto de igual periodo del año anterior, series empalmadas, referencia 2018",F035.PIB.V12.R.CLP.2018.06.Z.Z.06.0.A,Construcción,A,06,O'Higgins,06,Construcción,Cuentas Nacionales (PIB y Consumo),No Especificada
Regionales,"PIB por actividad económica, Región del Libertador General Bernardo O Higgins, contribución porcentual respecto de igual periodo del año anterior, series empalmadas, referencia 2018",F035.PIB.V12.R.CLP.2018.COM.Z.Z.06.0.A,Comercio,A,06,O'Higgins,COM,Comercio,Cuentas Nacionales (PIB y Consumo),No Especificada
Regionales,"PIB por actividad económica, Región del Libertador General Bernardo O Higgins, contribución porcentual respecto de igual periodo del año anterior, series empalmadas, referencia 2018",F035.PIB.V12.R.CLP.2018.RH.Z.Z.06.0.A,Restaurantes y hoteles,A,06,O'Higgins,RH,Restaurantes y hoteles,Cuentas Nacionales (PIB y Consumo),No Especificada
Regionales,"PIB por actividad económica, Región del Libertador General Bernardo O Higgins, contribución porcentual respecto de igual periodo del año anterior, series empalmadas, referencia 2018",F035.PIB.V12.R.CLP.2018.08.Z.Z.06.0.A,"Transporte, información y comunicaciones",A,06,O'Higgins,08,"Transporte, información y comunicaciones",Cuentas Nacionales (PIB y Consumo),No Especificada
Regionales,"PIB por actividad económica, Región del Libertador General Bernardo O Higgins, contribución porcentual respecto de igual periodo del año anterior, series empalmadas, referencia 2018",F035.PIB.V12.R.CLP.2018.09.21.Z.06.0.A,Servicios financieros y empresariales,A,06,O'Higgins,09,Servicios financieros y empresariales,Finanzas y Sistema Financiero Regional,No Especificada
Regionales,"PIB por actividad económica, Región del Libertador General Bernardo O Higgins, contribución porcentual respecto de igual periodo del año anterior, series empalmadas, referencia 2018",F035.PIB.V12.R.CLP.2018.10.Z.Z.06.0.A,Servicios de vivienda e inmobiliarios,A,06,O'Higgins,10,Servicios de vivienda e inmobiliarios,Desarrollo Territorial y Uso de Suelo,No Especificada
Regionales,"PIB por actividad económica, Región del Libertador General Bernardo O Higgins, contribución porcentual respecto de igual periodo del año anterior, series empalmadas, referencia 2018",F035.PIB.V12.R.CLP.2018.11.Z.Z.06.0.A,Servicios personales,A,06,O'Higgins,11,Servicios personales,Cuentas Nacionales (PIB y Consumo),No Especificada
Regionales,"PIB por actividad económica, Región del Libertador General Bernardo O Higgins, contribución porcentual respecto de igual periodo del año anterior, series empalmadas, referencia 2018",F035.PIB.V12.R.CLP.2018.12.Z.Z.06.0.A,Administración pública,A,06,O'Higgins,12,Administración pública,Cuentas Nacionales (PIB y Consumo),No Especificada
Regionales,"PIB por actividad económica, Región del Libertador General Bernardo O Higgins, contribución porcentual respecto de igual periodo del año anterior, series empalmadas, referencia 2018",F035.PIB.V12.R.CLP.2018.CONT.Z.Z.06.0.A,Producto Interno Bruto,A,06,O'Higgins,CONT,PIB (contribución),Cuentas Nacionales (PIB y Consumo),No Especificada
Regionales,"PIB por actividad económica, Región del Maule, contribución porcentual respecto de igual periodo del año anterior, series empalmadas, referencia 2018",F035.PIB.V12.R.CLP.2018.01.Z.Z.07.0.A,Agropecuario-silvícola,A,07,Maule,01,Agropecuario-silvícola,Cuentas Nacionales (PIB y Consumo),No Especificada
Regionales,"PIB por actividad económica, Región del Maule, contribución porcentual respecto de igual periodo del año anterior, series empalmadas, referencia 2018",F035.PIB.V12.R.CLP.2018.02.04.Z.07.0.A,Pesca,A,07,Maule,02,Pesca,Cuentas Nacionales (PIB y Consumo),No Especificada
Regionales,"PIB por actividad económica, Región del Maule, contribución porcentual respecto de igual periodo del año anterior, series empalmadas, referencia 2018",F035.PIB.V12.R.CLP.2018.03.Z.Z.07.0.A,Minería,A,07,Maule,03,Minería,Cuentas Nacionales (PIB y Consumo),No Especificada
Regionales,"PIB por actividad económica, Región del Maule, contribución porcentual respecto de igual periodo del año anterior, series empalmadas, referencia 2018",F035.PIB.V12.R.CLP.2018.04.Z.Z.07.0.A,Industria manufacturera,A,07,Maule,04,Industria,Cuentas Nacionales (PIB y Consumo),No Especificada
Regionales,"PIB por actividad económica, Región del Maule, contribución porcentual respecto de igual periodo del año anterior, series empalmadas, referencia 2018",F035.PIB.V12.R.CLP.2018.05.Z.Z.07.0.A,"Electricidad, gas, agua y gestión de desechos",A,07,Maule,05,"Electricidad, gas, agua y gestión de desechos",Cuentas Nacionales (PIB y Consumo),No Especificada
Regionales,"PIB por actividad económica, Región del Maule, contribución porcentual respecto de igual periodo del año anterior, series empalmadas, referencia 2018",F035.PIB.V12.R.CLP.2018.06.Z.Z.07.0.A,Construcción,A,07,Maule,06,Construcción,Cuentas Nacionales (PIB y Consumo),No Especificada
Regionales,"PIB por actividad económica, Región del Maule, contribución porcentual respecto de igual periodo del año anterior, series empalmadas, referencia 2018",F035.PIB.V12.R.CLP.2018.COM.Z.Z.07.0.A,Comercio,A,07,Maule,COM,Comercio,Cuentas Nacionales (PIB y Consumo),No Especificada
Regionales,"PIB por actividad económica, Región del Maule, contribución porcentual respecto de igual periodo del año anterior, series empalmadas, referencia 2018",F035.PIB.V12.R.CLP.2018.RH.Z.Z.07.0.A,Restaurantes y hoteles,A,07,Maule,RH,Restaurantes y hoteles,Cuentas Nacionales (PIB y Consumo),No Especificada
Regionales,"PIB por actividad económica, Región del Maule, contribución porcentual respecto de igual periodo del año anterior, series empalmadas, referencia 2018",F035.PIB.V12.R.CLP.2018.08.Z.Z.07.0.A,"Transporte, información y comunicaciones",A,07,Maule,08,"Transporte, información y comunicaciones",Cuentas Nacionales (PIB y Consumo),No Especificada
Regionales,"PIB por actividad económica, Región del Maule, contribución porcentual respecto de igual periodo del año anterior, series empalmadas, referencia 2018",F035.PIB.V12.R.CLP.2018.09.21.Z.07.0.A,Servicios financieros y empresariales,A,07,Maule,09,Servicios financieros y empresariales,Finanzas y Sistema Financiero Regional,No Especificada
Regionales,"PIB por actividad económica, Región del Maule, contribución porcentual respecto de igual periodo del año anterior, series empalmadas, referencia 2018",F035.PIB.V12.R.CLP.2018.10.Z.Z.07.0.A,Servicios de vivienda e inmobiliarios,A,07,Maule,10,Servicios de vivienda e inmobiliarios,Desarrollo Territorial y Uso de Suelo,No Especificada
Regionales,"PIB por actividad económica, Región del Maule, contribución porcentual respecto de igual periodo del año anterior, series empalmadas, referencia 2018",F035.PIB.V12.R.CLP.2018.11.Z.Z.07.0.A,Servicios personales,A,07,Maule,11,Servicios personales,Cuentas Nacionales (PIB y Consumo),No Especificada
Regionales,"PIB por actividad económica, Región del Maule, contribución porcentual respecto de igual periodo del año anterior, series empalmadas, referencia 2018",F035.PIB.V12.R.CLP.2018.12.Z.Z.07.0.A,Administración pública,A,07,Maule,12,Administración pública,Cuentas Nacionales (PIB y Consumo),No Especificada
Regionales,"PIB por actividad económica, Región del Maule, contribución porcentual respecto de igual periodo del año anterior, series empalmadas, referencia 2018",F035.PIB.V12.R.CLP.2018.CONT.Z.Z.07.0.A,Producto Interno Bruto,A,07,Maule,CONT,PIB (contribución),Cuentas Nacionales (PIB y Consumo),No Especificada
Regionales,"PIB por actividad económica, Región de Ñuble, contribución porcentual respecto de igual periodo del año anterior, series empalmadas, referencia 2018",F035.PIB.V12.R.CLP.2018.01.Z.Z.16.0.A,Agropecuario-silvícola,A,16,Ñuble,01,Agropecuario-silvícola,Cuentas Nacionales (PIB y Consumo),No Especificada
Regionales,"PIB por actividad económica, Región de Ñuble, contribución porcentual respecto de igual periodo del año anterior, series empalmadas, referencia 2018",F035.PIB.V12.R.CLP.2018.02.04.Z.16.0.A,Pesca,A,16,Ñuble,02,Pesca,Cuentas Nacionales (PIB y Consumo),No Especificada
Regionales,"PIB por actividad económica, Región de Ñuble, contribución porcentual respecto de igual periodo del año anterior, series empalmadas, referencia 2018",F035.PIB.V12.R.CLP.2018.03.Z.Z.16.0.A,Minería,A,16,Ñuble,03,Minería,Cuentas Nacionales (PIB y Consumo),No Especificada
Regionales,"PIB por actividad económica, Región de Ñuble, contribución porcentual respecto de igual periodo del año anterior, series empalmadas, referencia 2018",F035.PIB.V12.R.CLP.2018.04.Z.Z.16.0.A,Industria manufacturera,A,16,Ñuble,04,Industria,Cuentas Nacionales (PIB y Consumo),No Especificada
Regionales,"PIB por actividad económica, Región de Ñuble, contribución porcentual respecto de igual periodo del año anterior, series empalmadas, referencia 2018",F035.PIB.V12.R.CLP.2018.05.Z.Z.16.0.A,"Electricidad, gas, agua y gestión de desechos",A,16,Ñuble,05,"Electricidad, gas, agua y gestión de desechos",Cuentas Nacionales (PIB y Consumo),No Especificada
Regionales,"PIB por actividad económica, Región de Ñuble, contribución porcentual respecto de igual periodo del año anterior, series empalmadas, referencia 2018",F035.PIB.V12.R.CLP.2018.06.Z.Z.16.0.A,Construcción,A,16,Ñuble,06,Construcción,Cuentas Nacionales (PIB y Consumo),No Especificada
Regionales,"PIB por actividad económica, Región de Ñuble, contribución porcentual respecto de igual periodo del año anterior, series empalmadas, referencia 2018",F035.PIB.V12.R.CLP.2018.COM.Z.Z.16.0.A,Comercio,A,16,Ñuble,COM,Comercio,Cuentas Nacionales (PIB y Consumo),No Especificada
Regionales,"PIB por actividad económica, Región de Ñuble, contribución porcentual respecto de igual periodo del año anterior, series empalmadas, referencia 2018",F035.PIB.V12.R.CLP.2018.RH.Z.Z.16.0.A,Restaurantes y hoteles,A,16,Ñuble,RH,Restaurantes y hoteles,Cuentas Nacionales (PIB y Consumo),No Especificada
Regionales,"PIB por actividad económica, Región de Ñuble, contribución porcentual respecto de igual periodo del año anterior, series empalmadas, referencia 2018",F035.PIB.V12.R.CLP.2018.08.Z.Z.16.0.A,"Transporte, información y comunicaciones",A,16,Ñuble,08,"Transporte, información y comunicaciones",Cuentas Nacionales (PIB y Consumo),No Especificada
Regionales,"PIB por actividad económica, Región de Ñuble, contribución porcentual respecto de igual periodo del año anterior, series empalmadas, referencia 2018",F035.PIB.V12.R.CLP.2018.09.21.Z.16.0.A,Servicios financieros y empresariales,A,16,Ñuble,09,Servicios financieros y empresariales,Finanzas y Sistema Financiero Regional,No Especificada
Regionales,"PIB por actividad económica, Región de Ñuble, contribución porcentual respecto de igual periodo del año anterior, series empalmadas, referencia 2018",F035.PIB.V12.R.CLP.2018.10.Z.Z.16.0.A,Servicios de vivienda e inmobiliarios,A,16,Ñuble,10,Servicios de vivienda e inmobiliarios,Desarrollo Territorial y Uso de Suelo,No Especificada
Regionales,"PIB por actividad económica, Región de Ñuble, contribución porcentual respecto de igual periodo del año anterior, series empalmadas, referencia 2018",F035.PIB.V12.R.CLP.2018.11.Z.Z.16.0.A,Servicios personales,A,16,Ñuble,11,Servicios personales,Cuentas Nacionales (PIB y Consumo),No Especificada
Regionales,"PIB por actividad económica, Región de Ñuble, contribución porcentual respecto de igual periodo del año anterior, series empalmadas, referencia 2018",F035.PIB.V12.R.CLP.2018.12.Z.Z.16.0.A,Administración pública,A,16,Ñuble,12,Administración pública,Cuentas Nacionales (PIB y Consumo),No Especificada
Regionales,"PIB por actividad económica, Región de Ñuble, contribución porcentual respecto de igual periodo del año anterior, series empalmadas, referencia 2018",F035.PIB.V12.R.CLP.2018.CONT.Z.Z.16.0.A,Producto Interno Bruto,A,16,Ñuble,CONT,PIB (contribución),Cuentas Nacionales (PIB y Consumo),No Especificada
Regionales,"PIB por actividad económica, Región del Biobío, contribución porcentual respecto de igual periodo del año anterior, series empalmadas, referencia 2018ia 2018",F035.PIB.V12.R.CLP.2018.01.Z.Z.08.0.A,Agropecuario-silvícola,A,08,Biobío,01,Agropecuario-silvícola,Cuentas Nacionales (PIB y Consumo),No Especificada
Regionales,"PIB por actividad económica, Región del Biobío, contribución porcentual respecto de igual periodo del año anterior, series empalmadas, referencia 2018ia 2018",F035.PIB.V12.R.CLP.2018.02.04.Z.08.0.A,Pesca,A,08,Biobío,02,Pesca,Cuentas Nacionales (PIB y Consumo),No Especificada
Regionales,"PIB por actividad económica, Región del Biobío, contribución porcentual respecto de igual periodo del año anterior, series empalmadas, referencia 2018ia 2018",F035.PIB.V12.R.CLP.2018.03.Z.Z.08.0.A,Minería,A,08,Biobío,03,Minería,Cuentas Nacionales (PIB y Consumo),No Especificada
Regionales,"PIB por actividad económica, Región del Biobío, contribución porcentual respecto de igual periodo del año anterior, series empalmadas, referencia 2018ia 2018",F035.PIB.V12.R.CLP.2018.04.Z.Z.08.0.A,Industria manufacturera,A,08,Biobío,04,Industria,Cuentas Nacionales (PIB y Consumo),No Especificada
Regionales,"PIB por actividad económica, Región del Biobío, contribución porcentual respecto de igual periodo del año anterior, series empalmadas, referencia 2018ia 2018",F035.PIB.V12.R.CLP.2018.05.Z.Z.08.0.A,"Electricidad, gas, agua y gestión de desechos",A,08,Biobío,05,"Electricidad, gas, agua y gestión de desechos",Cuentas Nacionales (PIB y Consumo),No Especificada
Regionales,"PIB por actividad económica, Región del Biobío, contribución porcentual respecto de igual periodo del año anterior, series empalmadas, referencia 2018ia 2018",F035.PIB.V12.R.CLP.2018.06.Z.Z.08.0.A,Construcción,A,08,Biobío,06,Construcción,Cuentas Nacionales (PIB y Consumo),No Especificada
Regionales,"PIB por actividad económica, Región del Biobío, contribución porcentual respecto de igual periodo del año anterior, series empalmadas, referencia 2018ia 2018",F035.PIB.V12.R.CLP.2018.COM.Z.Z.08.0.A,Comercio,A,08,Biobío,COM,Comercio,Cuentas Nacionales (PIB y Consumo),No Especificada
Regionales,"PIB por actividad económica, Región del Biobío, contribución porcentual respecto de igual periodo del año anterior, series empalmadas, referencia 2018ia 2018",F035.PIB.V12.R.CLP.2018.RH.Z.Z.08.0.A,Restaurantes y hoteles,A,08,Biobío,RH,Restaurantes y hoteles,Cuentas Nacionales (PIB y Consumo),No Especificada
Regionales,"PIB por actividad económica, Región del Biobío, contribución porcentual respecto de igual periodo del año anterior, series empalmadas, referencia 2018ia 2018",F035.PIB.V12.R.CLP.2018.08.Z.Z.08.0.A,"Transporte, información y comunicaciones",A,08,Biobío,08,"Transporte, información y comunicaciones",Cuentas Nacionales (PIB y Consumo),No Especificada
Regionales,"PIB por actividad económica, Región del Biobío, contribución porcentual respecto de igual periodo del año anterior, series empalmadas, referencia 2018ia 2018",F035.PIB.V12.R.CLP.2018.09.21.Z.08.0.A,Servicios financieros y empresariales,A,08,Biobío,09,Servicios financieros y empresariales,Finanzas y Sistema Financiero Regional,No Especificada
Regionales,"PIB por actividad económica, Región del Biobío, contribución porcentual respecto de igual periodo del año anterior, series empalmadas, referencia 2018ia 2018",F035.PIB.V12.R.CLP.2018.10.Z.Z.08.0.A,Servicios de vivienda e inmobiliarios,A,08,Biobío,10,Servicios de vivienda e inmobiliarios,Desarrollo Territorial y Uso de Suelo,No Especificada
Regionales,"PIB por actividad económica, Región del Biobío, contribución porcentual respecto de igual periodo del año anterior, series empalmadas, referencia 2018ia 2018",F035.PIB.V12.R.CLP.2018.11.Z.Z.08.0.A,Servicios personales,A,08,Biobío,11,Servicios personales,Cuentas Nacionales (PIB y Consumo),No Especificada
Regionales,"PIB por actividad económica, Región del Biobío, contribución porcentual respecto de igual periodo del año anterior, series empalmadas, referencia 2018ia 2018",F035.PIB.V12.R.CLP.2018.12.Z.Z.08.0.A,Administración pública,A,08,Biobío,12,Administración pública,Cuentas Nacionales (PIB y Consumo),No Especificada
Regionales,"PIB por actividad económica, Región del Biobío, contribución porcentual respecto de igual periodo del año anterior, series empalmadas, referencia 2018ia 2018",F035.PIB.V12.R.CLP.2018.CONT.Z.Z.08.0.A,Producto Interno Bruto,A,08,Biobío,CONT,PIB (contribución),Cuentas Nacionales (PIB y Consumo),No Especificada
Regionales,"PIB por actividad económica, Región de La Araucanía, contribución porcentual respecto de igual periodo del año anterior, series empalmadas, referencia 2018",F035.PIB.V12.R.CLP.2018.01.Z.Z.09.0.A,Agropecuario-silvícola,A,09,La Araucanía,01,Agropecuario-silvícola,Cuentas Nacionales (PIB y Consumo),No Especificada
Regionales,"PIB por actividad económica, Región de La Araucanía, contribución porcentual respecto de igual periodo del año anterior, series empalmadas, referencia 2018",F035.PIB.V12.R.CLP.2018.02.04.Z.09.0.A,Pesca,A,09,La Araucanía,02,Pesca,Cuentas Nacionales (PIB y Consumo),No Especificada
Regionales,"PIB por actividad económica, Región de La Araucanía, contribución porcentual respecto de igual periodo del año anterior, series empalmadas, referencia 2018",F035.PIB.V12.R.CLP.2018.03.Z.Z.09.0.A,Minería,A,09,La Araucanía,03,Minería,Cuentas Nacionales (PIB y Consumo),No Especificada
Regionales,"PIB por actividad económica, Región de La Araucanía, contribución porcentual respecto de igual periodo del año anterior, series empalmadas, referencia 2018",F035.PIB.V12.R.CLP.2018.04.Z.Z.09.0.A,Industria manufacturera,A,09,La Araucanía,04,Industria,Cuentas Nacionales (PIB y Consumo),No Especificada
Regionales,"PIB por actividad económica, Región de La Araucanía, contribución porcentual respecto de igual periodo del año anterior, series empalmadas, referencia 2018",F035.PIB.V12.R.CLP.2018.05.Z.Z.09.0.A,"Electricidad, gas, agua y gestión de desechos",A,09,La Araucanía,05,"Electricidad, gas, agua y gestión de desechos",Cuentas Nacionales (PIB y Consumo),No Especificada
Regionales,"PIB por actividad económica, Región de La Araucanía, contribución porcentual respecto de igual periodo del año anterior, series empalmadas, referencia 2018",F035.PIB.V12.R.CLP.2018.06.Z.Z.09.0.A,Construcción,A,09,La Araucanía,06,Construcción,Cuentas Nacionales (PIB y Consumo),No Especificada
Regionales,"PIB por actividad económica, Región de La Araucanía, contribución porcentual respecto de igual periodo del año anterior, series empalmadas, referencia 2018",F035.PIB.V12.R.CLP.2018.COM.Z.Z.09.0.A,Comercio,A,09,La Araucanía,COM,Comercio,Cuentas Nacionales (PIB y Consumo),No Especificada
Regionales,"PIB por actividad económica, Región de La Araucanía, contribución porcentual respecto de igual periodo del año anterior, series empalmadas, referencia 2018",F035.PIB.V12.R.CLP.2018.RH.Z.Z.09.0.A,Restaurantes y hoteles,A,09,La Araucanía,RH,Restaurantes y hoteles,Cuentas Nacionales (PIB y Consumo),No Especificada
Regionales,"PIB por actividad económica, Región de La Araucanía, contribución porcentual respecto de igual periodo del año anterior, series empalmadas, referencia 2018",F035.PIB.V12.R.CLP.2018.08.Z.Z.09.0.A,"Transporte, información y comunicaciones",A,09,La Araucanía,08,"Transporte, información y comunicaciones",Cuentas Nacionales (PIB y Consumo),No Especificada
Regionales,"PIB por actividad económica, Región de La Araucanía, contribución porcentual respecto de igual periodo del año anterior, series empalmadas, referencia 2018",F035.PIB.V12.R.CLP.2018.09.21.Z.09.0.A,Servicios financieros y empresariales,A,09,La Araucanía,09,Servicios financieros y empresariales,Finanzas y Sistema Financiero Regional,No Especificada
Regionales,"PIB por actividad económica, Región de La Araucanía, contribución porcentual respecto de igual periodo del año anterior, series empalmadas, referencia 2018",F035.PIB.V12.R.CLP.2018.10.Z.Z.09.0.A,Servicios de vivienda e inmobiliarios,A,09,La Araucanía,10,Servicios de vivienda e inmobiliarios,Desarrollo Territorial y Uso de Suelo,No Especificada
Regionales,"PIB por actividad económica, Región de La Araucanía, contribución porcentual respecto de igual periodo del año anterior, series empalmadas, referencia 2018",F035.PIB.V12.R.CLP.2018.11.Z.Z.09.0.A,Servicios personales,A,09,La Araucanía,11,Servicios personales,Cuentas Nacionales (PIB y Consumo),No Especificada
Regionales,"PIB por actividad económica, Región de La Araucanía, contribución porcentual respecto de igual periodo del año anterior, series empalmadas, referencia 2018",F035.PIB.V12.R.CLP.2018.12.Z.Z.09.0.A,Administración pública,A,09,La Araucanía,12,Administración pública,Cuentas Nacionales (PIB y Consumo),No Especificada
Regionales,"PIB por actividad económica, Región de La Araucanía, contribución porcentual respecto de igual periodo del año anterior, series empalmadas, referencia 2018",F035.PIB.V12.R.CLP.2018.CONT.Z.Z.09.0.A,Producto Interno Bruto,A,09,La Araucanía,CONT,PIB (contribución),Cuentas Nacionales (PIB y Consumo),No Especificada
Regionales,"PIB por actividad económica, Región de Los Ríos, contribución porcentual respecto de igual periodo del año anterior, series empalmadas, referencia 2018",F035.PIB.V12.R.CLP.2018.01.Z.Z.14.0.A,Agropecuario-silvícola,A,14,Los Ríos,01,Agropecuario-silvícola,Cuentas Nacionales (PIB y Consumo),No Especificada
Regionales,"PIB por actividad económica, Región de Los Ríos, contribución porcentual respecto de igual periodo del año anterior, series empalmadas, referencia 2018",F035.PIB.V12.R.CLP.2018.02.04.Z.14.0.A,Pesca,A,14,Los Ríos,02,Pesca,Cuentas Nacionales (PIB y Consumo),No Especificada
Regionales,"PIB por actividad económica, Región de Los Ríos, contribución porcentual respecto de igual periodo del año anterior, series empalmadas, referencia 2018",F035.PIB.V12.R.CLP.2018.03.Z.Z.14.0.A,Minería,A,14,Los Ríos,03,Minería,Cuentas Nacionales (PIB y Consumo),No Especificada
Regionales,"PIB por actividad económica, Región de Los Ríos, contribución porcentual respecto de igual periodo del año anterior, series empalmadas, referencia 2018",F035.PIB.V12.R.CLP.2018.04.Z.Z.14.0.A,Industria manufacturera,A,14,Los Ríos,04,Industria,Cuentas Nacionales (PIB y Consumo),No Especificada
Regionales,"PIB por actividad económica, Región de Los Ríos, contribución porcentual respecto de igual periodo del año anterior, series empalmadas, referencia 2018",F035.PIB.V12.R.CLP.2018.05.Z.Z.14.0.A,"Electricidad, gas, agua y gestión de desechos",A,14,Los Ríos,05,"Electricidad, gas, agua y gestión de desechos",Cuentas Nacionales (PIB y Consumo),No Especificada
Regionales,"PIB por actividad económica, Región de Los Ríos, contribución porcentual respecto de igual periodo del año anterior, series empalmadas, referencia 2018",F035.PIB.V12.R.CLP.2018.06.Z.Z.14.0.A,Construcción,A,14,Los Ríos,06,Construcción,Cuentas Nacionales (PIB y Consumo),No Especificada
Regionales,"PIB por actividad económica, Región de Los Ríos, contribución porcentual respecto de igual periodo del año anterior, series empalmadas, referencia 2018",F035.PIB.V12.R.CLP.2018.COM.Z.Z.14.0.A,Comercio,A,14,Los Ríos,COM,Comercio,Cuentas Nacionales (PIB y Consumo),No Especificada
Regionales,"PIB por actividad económica, Región de Los Ríos, contribución porcentual respecto de igual periodo del año anterior, series empalmadas, referencia 2018",F035.PIB.V12.R.CLP.2018.RH.Z.Z.14.0.A,Restaurantes y hoteles,A,14,Los Ríos,RH,Restaurantes y hoteles,Cuentas Nacionales (PIB y Consumo),No Especificada
Regionales,"PIB por actividad económica, Región de Los Ríos, contribución porcentual respecto de igual periodo del año anterior, series empalmadas, referencia 2018",F035.PIB.V12.R.CLP.2018.08.Z.Z.14.0.A,"Transporte, información y comunicaciones",A,14,Los Ríos,08,"Transporte, información y comunicaciones",Cuentas Nacionales (PIB y Consumo),No Especificada
Regionales,"PIB por actividad económica, Región de Los Ríos, contribución porcentual respecto de igual periodo del año anterior, series empalmadas, referencia 2018",F035.PIB.V12.R.CLP.2018.09.21.Z.14.0.A,Servicios financieros y empresariales,A,14,Los Ríos,09,Servicios financieros y empresariales,Finanzas y Sistema Financiero Regional,No Especificada
Regionales,"PIB por actividad económica, Región de Los Ríos, contribución porcentual respecto de igual periodo del año anterior, series empalmadas, referencia 2018",F035.PIB.V12.R.CLP.2018.10.Z.Z.14.0.A,Servicios de vivienda e inmobiliarios,A,14,Los Ríos,10,Servicios de vivienda e inmobiliarios,Desarrollo Territorial y Uso de Suelo,No Especificada
Regionales,"PIB por actividad económica, Región de Los Ríos, contribución porcentual respecto de igual periodo del año anterior, series empalmadas, referencia 2018",F035.PIB.V12.R.CLP.2018.11.Z.Z.14.0.A,Servicios personales,A,14,Los Ríos,11,Servicios personales,Cuentas Nacionales (PIB y Consumo),No Especificada
Regionales,"PIB por actividad económica, Región de Los Ríos, contribución porcentual respecto de igual periodo del año anterior, series empalmadas, referencia 2018",F035.PIB.V12.R.CLP.2018.12.Z.Z.14.0.A,Administración pública,A,14,Los Ríos,12,Administración pública,Cuentas Nacionales (PIB y Consumo),No Especificada
Regionales,"PIB por actividad económica, Región de Los Ríos, contribución porcentual respecto de igual periodo del año anterior, series empalmadas, referencia 2018",F035.PIB.V12.R.CLP.2018.CONT.Z.Z.14.0.A,Producto Interno Bruto,A,14,Los Ríos,CONT,PIB (contribución),Cuentas Nacionales (PIB y Consumo),No Especificada
Regionales,"PIB por actividad económica, Región de Los Lagos, contribución porcentual respecto de igual periodo del año anterior, series empalmadas, referencia 2018",F035.PIB.V12.R.CLP.2018.01.Z.Z.10.0.A,Agropecuario-silvícola,A,10,Los Lagos,01,Agropecuario-silvícola,Cuentas Nacionales (PIB y Consumo),No Especificada
Regionales,"PIB por actividad económica, Región de Los Lagos, contribución porcentual respecto de igual periodo del año anterior, series empalmadas, referencia 2018",F035.PIB.V12.R.CLP.2018.02.04.Z.10.0.A,Pesca,A,10,Los Lagos,02,Pesca,Cuentas Nacionales (PIB y Consumo),No Especificada
Regionales,"PIB por actividad económica, Región de Los Lagos, contribución porcentual respecto de igual periodo del año anterior, series empalmadas, referencia 2018",F035.PIB.V12.R.CLP.2018.03.Z.Z.10.0.A,Minería,A,10,Los Lagos,03,Minería,Cuentas Nacionales (PIB y Consumo),No Especificada
Regionales,"PIB por actividad económica, Región de Los Lagos, contribución porcentual respecto de igual periodo del año anterior, series empalmadas, referencia 2018",F035.PIB.V12.R.CLP.2018.04.Z.Z.10.0.A,Industria manufacturera,A,10,Los Lagos,04,Industria,Cuentas Nacionales (PIB y Consumo),No Especificada
Regionales,"PIB por actividad económica, Región de Los Lagos, contribución porcentual respecto de igual periodo del año anterior, series empalmadas, referencia 2018",F035.PIB.V12.R.CLP.2018.05.Z.Z.10.0.A,"Electricidad, gas, agua y gestión de desechos",A,10,Los Lagos,05,"Electricidad, gas, agua y gestión de desechos",Cuentas Nacionales (PIB y Consumo),No Especificada
Regionales,"PIB por actividad económica, Región de Los Lagos, contribución porcentual respecto de igual periodo del año anterior, series empalmadas, referencia 2018",F035.PIB.V12.R.CLP.2018.06.Z.Z.10.0.A,Construcción,A,10,Los Lagos,06,Construcción,Cuentas Nacionales (PIB y Consumo),No Especificada
Regionales,"PIB por actividad económica, Región de Los Lagos, contribución porcentual respecto de igual periodo del año anterior, series empalmadas, referencia 2018",F035.PIB.V12.R.CLP.2018.COM.Z.Z.10.0.A,Comercio,A,10,Los Lagos,COM,Comercio,Cuentas Nacionales (PIB y Consumo),No Especificada
Regionales,"PIB por actividad económica, Región de Los Lagos, contribución porcentual respecto de igual periodo del año anterior, series empalmadas, referencia 2018",F035.PIB.V12.R.CLP.2018.RH.Z.Z.10.0.A,Restaurantes y hoteles,A,10,Los Lagos,RH,Restaurantes y hoteles,Cuentas Nacionales (PIB y Consumo),No Especificada
Regionales,"PIB por actividad económica, Región de Los Lagos, contribución porcentual respecto de igual periodo del año anterior, series empalmadas, referencia 2018",F035.PIB.V12.R.CLP.2018.08.Z.Z.10.0.A,"Transporte, información y comunicaciones",A,10,Los Lagos,08,"Transporte, información y comunicaciones",Cuentas Nacionales (PIB y Consumo),No Especificada
Regionales,"PIB por actividad económica, Región de Los Lagos, contribución porcentual respecto de igual periodo del año anterior, series empalmadas, referencia 2018",F035.PIB.V12.R.CLP.2018.09.21.Z.10.0.A,Servicios financieros y empresariales,A,10,Los Lagos,09,Servicios financieros y empresariales,Finanzas y Sistema Financiero Regional,No Especificada
Regionales,"PIB por actividad económica, Región de Los Lagos, contribución porcentual respecto de igual periodo del año anterior, series empalmadas, referencia 2018",F035.PIB.V12.R.CLP.2018.10.Z.Z.10.0.A,Servicios de vivienda e inmobiliarios,A,10,Los Lagos,10,Servicios de vivienda e inmobiliarios,Desarrollo Territorial y Uso de Suelo,No Especificada
Regionales,"PIB por actividad económica, Región de Los Lagos, contribución porcentual respecto de igual periodo del año anterior, series empalmadas, referencia 2018",F035.PIB.V12.R.CLP.2018.11.Z.Z.10.0.A,Servicios personales,A,10,Los Lagos,11,Servicios personales,Cuentas Nacionales (PIB y Consumo),No Especificada
Regionales,"PIB por actividad económica, Región de Los Lagos, contribución porcentual respecto de igual periodo del año anterior, series empalmadas, referencia 2018",F035.PIB.V12.R.CLP.2018.12.Z.Z.10.0.A,Administración pública,A,10,Los Lagos,12,Administración pública,Cuentas Nacionales (PIB y Consumo),No Especificada
Regionales,"PIB por actividad económica, Región de Los Lagos, contribución porcentual respecto de igual periodo del año anterior, series empalmadas, referencia 2018",F035.PIB.V12.R.CLP.2018.CONT.Z.Z.10.0.A,Producto Interno Bruto,A,10,Los Lagos,CONT,PIB (contribución),Cuentas Nacionales (PIB y Consumo),No Especificada
Regionales,"PIB por actividad económica, Región de Aysén del General Carlos Ibáñez del Campo, contribución porcentual respecto de igual periodo del año anterior, series empalmadas, referencia 2018",F035.PIB.V12.R.CLP.2018.01.Z.Z.11.0.A,Agropecuario-silvícola,A,11,Aysén,01,Agropecuario-silvícola,Cuentas Nacionales (PIB y Consumo),No Especificada
Regionales,"PIB por actividad económica, Región de Aysén del General Carlos Ibáñez del Campo, contribución porcentual respecto de igual periodo del año anterior, series empalmadas, referencia 2018",F035.PIB.V12.R.CLP.2018.02.04.Z.11.0.A,Pesca,A,11,Aysén,02,Pesca,Cuentas Nacionales (PIB y Consumo),No Especificada
Regionales,"PIB por actividad económica, Región de Aysén del General Carlos Ibáñez del Campo, contribución porcentual respecto de igual periodo del año anterior, series empalmadas, referencia 2018",F035.PIB.V12.R.CLP.2018.03.Z.Z.11.0.A,Minería,A,11,Aysén,03,Minería,Cuentas Nacionales (PIB y Consumo),No Especificada
Regionales,"PIB por actividad económica, Región de Aysén del General Carlos Ibáñez del Campo, contribución porcentual respecto de igual periodo del año anterior, series empalmadas, referencia 2018",F035.PIB.V12.R.CLP.2018.04.Z.Z.11.0.A,Industria manufacturera,A,11,Aysén,04,Industria,Cuentas Nacionales (PIB y Consumo),No Especificada
Regionales,"PIB por actividad económica, Región de Aysén del General Carlos Ibáñez del Campo, contribución porcentual respecto de igual periodo del año anterior, series empalmadas, referencia 2018",F035.PIB.V12.R.CLP.2018.05.Z.Z.11.0.A,"Electricidad, gas, agua y gestión de desechos",A,11,Aysén,05,"Electricidad, gas, agua y gestión de desechos",Cuentas Nacionales (PIB y Consumo),No Especificada
Regionales,"PIB por actividad económica, Región de Aysén del General Carlos Ibáñez del Campo, contribución porcentual respecto de igual periodo del año anterior, series empalmadas, referencia 2018",F035.PIB.V12.R.CLP.2018.06.Z.Z.11.0.A,Construcción,A,11,Aysén,06,Construcción,Cuentas Nacionales (PIB y Consumo),No Especificada
Regionales,"PIB por actividad económica, Región de Aysén del General Carlos Ibáñez del Campo, contribución porcentual respecto de igual periodo del año anterior, series empalmadas, referencia 2018",F035.PIB.V12.R.CLP.2018.COM.Z.Z.11.0.A,Comercio,A,11,Aysén,COM,Comercio,Cuentas Nacionales (PIB y Consumo),No Especificada
Regionales,"PIB por actividad económica, Región de Aysén del General Carlos Ibáñez del Campo, contribución porcentual respecto de igual periodo del año anterior, series empalmadas, referencia 2018",F035.PIB.V12.R.CLP.2018.RH.Z.Z.11.0.A,Restaurantes y hoteles,A,11,Aysén,RH,Restaurantes y hoteles,Cuentas Nacionales (PIB y Consumo),No Especificada
Regionales,"PIB por actividad económica, Región de Aysén del General Carlos Ibáñez del Campo, contribución porcentual respecto de igual periodo del año anterior, series empalmadas, referencia 2018",F035.PIB.V12.R.CLP.2018.08.Z.Z.11.0.A,"Transporte, información y comunicaciones",A,11,Aysén,08,"Transporte, información y comunicaciones",Cuentas Nacionales (PIB y Consumo),No Especificada
Regionales,"PIB por actividad económica, Región de Aysén del General Carlos Ibáñez del Campo, contribución porcentual respecto de igual periodo del año anterior, series empalmadas, referencia 2018",F035.PIB.V12.R.CLP.2018.09.21.Z.11.0.A,Servicios financieros y empresariales,A,11,Aysén,09,Servicios financieros y empresariales,Finanzas y Sistema Financiero Regional,No Especificada
Regionales,"PIB por actividad económica, Región de Aysén del General Carlos Ibáñez del Campo, contribución porcentual respecto de igual periodo del año anterior, series empalmadas, referencia 2018",F035.PIB.V12.R.CLP.2018.10.Z.Z.11.0.A,Servicios de vivienda e inmobiliarios,A,11,Aysén,10,Servicios de vivienda e inmobiliarios,Desarrollo Territorial y Uso de Suelo,No Especificada
Regionales,"PIB por actividad económica, Región de Aysén del General Carlos Ibáñez del Campo, contribución porcentual respecto de igual periodo del año anterior, series empalmadas, referencia 2018",F035.PIB.V12.R.CLP.2018.11.Z.Z.11.0.A,Servicios personales,A,11,Aysén,11,Servicios personales,Cuentas Nacionales (PIB y Consumo),No Especificada
Regionales,"PIB por actividad económica, Región de Aysén del General Carlos Ibáñez del Campo, contribución porcentual respecto de igual periodo del año anterior, series empalmadas, referencia 2018",F035.PIB.V12.R.CLP.2018.12.Z.Z.11.0.A,Administración pública,A,11,Aysén,12,Administración pública,Cuentas Nacionales (PIB y Consumo),No Especificada
Regionales,"PIB por actividad económica, Región de Aysén del General Carlos Ibáñez del Campo, contribución porcentual respecto de igual periodo del año anterior, series empalmadas, referencia 2018",F035.PIB.V12.R.CLP.2018.CONT.Z.Z.11.0.A,Producto Interno Bruto,A,11,Aysén,CONT,PIB (contribución),Cuentas Nacionales (PIB y Consumo),No Especificada
Regionales,"PIB por actividad económica, Región de Magallanes y de la Antártica Chilena, contribución porcentual respecto de igual periodo del año anterior, series empalmadas, referencia 2018",F035.PIB.V12.R.CLP.2018.01.Z.Z.12.0.A,Agropecuario-silvícola,A,12,Magallanes,01,Agropecuario-silvícola,Cuentas Nacionales (PIB y Consumo),No Especificada
Regionales,"PIB por actividad económica, Región de Magallanes y de la Antártica Chilena, contribución porcentual respecto de igual periodo del año anterior, series empalmadas, referencia 2018",F035.PIB.V12.R.CLP.2018.02.04.Z.12.0.A,Pesca,A,12,Magallanes,02,Pesca,Cuentas Nacionales (PIB y Consumo),No Especificada
Regionales,"PIB por actividad económica, Región de Magallanes y de la Antártica Chilena, contribución porcentual respecto de igual periodo del año anterior, series empalmadas, referencia 2018",F035.PIB.V12.R.CLP.2018.03.Z.Z.12.0.A,Minería,A,12,Magallanes,03,Minería,Cuentas Nacionales (PIB y Consumo),No Especificada
Regionales,"PIB por actividad económica, Región de Magallanes y de la Antártica Chilena, contribución porcentual respecto de igual periodo del año anterior, series empalmadas, referencia 2018",F035.PIB.V12.R.CLP.2018.04.Z.Z.12.0.A,Industria manufacturera,A,12,Magallanes,04,Industria,Cuentas Nacionales (PIB y Consumo),No Especificada
Regionales,"PIB por actividad económica, Región de Magallanes y de la Antártica Chilena, contribución porcentual respecto de igual periodo del año anterior, series empalmadas, referencia 2018",F035.PIB.V12.R.CLP.2018.05.Z.Z.12.0.A,"Electricidad, gas, agua y gestión de desechos",A,12,Magallanes,05,"Electricidad, gas, agua y gestión de desechos",Cuentas Nacionales (PIB y Consumo),No Especificada
Regionales,"PIB por actividad económica, Región de Magallanes y de la Antártica Chilena, contribución porcentual respecto de igual periodo del año anterior, series empalmadas, referencia 2018",F035.PIB.V12.R.CLP.2018.06.Z.Z.12.0.A,Construcción,A,12,Magallanes,06,Construcción,Cuentas Nacionales (PIB y Consumo),No Especificada
Regionales,"PIB por actividad económica, Región de Magallanes y de la Antártica Chilena, contribución porcentual respecto de igual periodo del año anterior, series empalmadas, referencia 2018",F035.PIB.V12.R.CLP.2018.COM.Z.Z.12.0.A,Comercio,A,12,Magallanes,COM,Comercio,Cuentas Nacionales (PIB y Consumo),No Especificada
Regionales,"PIB por actividad económica, Región de Magallanes y de la Antártica Chilena, contribución porcentual respecto de igual periodo del año anterior, series empalmadas, referencia 2018",F035.PIB.V12.R.CLP.2018.RH.Z.Z.12.0.A,Restaurantes y hoteles,A,12,Magallanes,RH,Restaurantes y hoteles,Cuentas Nacionales (PIB y Consumo),No Especificada
Regionales,"PIB por actividad económica, Región de Magallanes y de la Antártica Chilena, contribución porcentual respecto de igual periodo del año anterior, series empalmadas, referencia 2018",F035.PIB.V12.R.CLP.2018.08.Z.Z.12.0.A,"Transporte, información y comunicaciones",A,12,Magallanes,08,"Transporte, información y comunicaciones",Cuentas Nacionales (PIB y Consumo),No Especificada
Regionales,"PIB por actividad económica, Región de Magallanes y de la Antártica Chilena, contribución porcentual respecto de igual periodo del año anterior, series empalmadas, referencia 2018",F035.PIB.V12.R.CLP.2018.09.21.Z.12.0.A,Servicios financieros y empresariales,A,12,Magallanes,09,Servicios financieros y empresariales,Finanzas y Sistema Financiero Regional,No Especificada
Regionales,"PIB por actividad económica, Región de Magallanes y de la Antártica Chilena, contribución porcentual respecto de igual periodo del año anterior, series empalmadas, referencia 2018",F035.PIB.V12.R.CLP.2018.10.Z.Z.12.0.A,Servicios de vivienda e inmobiliarios,A,12,Magallanes,10,Servicios de vivienda e inmobiliarios,Desarrollo Territorial y Uso de Suelo,No Especificada
Regionales,"PIB por actividad económica, Región de Magallanes y de la Antártica Chilena, contribución porcentual respecto de igual periodo del año anterior, series empalmadas, referencia 2018",F035.PIB.V12.R.CLP.2018.11.Z.Z.12.0.A,Servicios personales,A,12,Magallanes,11,Servicios personales,Cuentas Nacionales (PIB y Consumo),No Especificada
Regionales,"PIB por actividad económica, Región de Magallanes y de la Antártica Chilena, contribución porcentual respecto de igual periodo del año anterior, series empalmadas, referencia 2018",F035.PIB.V12.R.CLP.2018.12.Z.Z.12.0.A,Administración pública,A,12,Magallanes,12,Administración pública,Cuentas Nacionales (PIB y Consumo),No Especificada
Regionales,"PIB por actividad económica, Región de Magallanes y de la Antártica Chilena, contribución porcentual respecto de igual periodo del año anterior, series empalmadas, referencia 2018",F035.PIB.V12.R.CLP.2018.CONT.Z.Z.12.0.A,Producto Interno Bruto,A,12,Magallanes,CONT,PIB (contribución),Cuentas Nacionales (PIB y Consumo),No Especificada
Regionales,"Consumo de hogares e IPSFL por región , volumen a precios del año anterior encadenado, referencia 2018 (miles de millones de pesos encadenados)",F035.CPRIPSFL.FLU.R.CLP.2018.Z.Z.Z.15.0.T,Región de Arica y Parinacota,T,15,Arica y Parinacota,Z,Total regional (sin desglose sectorial),Cuentas Nacionales (PIB y Consumo),Pesos Chilenos (CLP)
Regionales,"Consumo de hogares e IPSFL por región , volumen a precios del año anterior encadenado, referencia 2018 (miles de millones de pesos encadenados)",F035.CPRIPSFL.FLU.R.CLP.2018.Z.Z.Z.01.0.T,Región de Tarapacá,T,01,Tarapacá,Z,Total regional (sin desglose sectorial),Cuentas Nacionales (PIB y Consumo),Pesos Chilenos (CLP)
Regionales,"Consumo de hogares e IPSFL por región , volumen a precios del año anterior encadenado, referencia 2018 (miles de millones de pesos encadenados)",F035.CPRIPSFL.FLU.R.CLP.2018.Z.Z.Z.02.0.T,Región de Antofagasta,T,02,Antofagasta,Z,Total regional (sin desglose sectorial),Cuentas Nacionales (PIB y Consumo),Pesos Chilenos (CLP)
Regionales,"Consumo de hogares e IPSFL por región , volumen a precios del año anterior encadenado, referencia 2018 (miles de millones de pesos encadenados)",F035.CPRIPSFL.FLU.R.CLP.2018.Z.Z.Z.03.0.T,Región de Atacama,T,03,Atacama,Z,Total regional (sin desglose sectorial),Cuentas Nacionales (PIB y Consumo),Pesos Chilenos (CLP)
Regionales,"Consumo de hogares e IPSFL por región , volumen a precios del año anterior encadenado, referencia 2018 (miles de millones de pesos encadenados)",F035.CPRIPSFL.FLU.R.CLP.2018.Z.Z.Z.04.0.T,Región de Coquimbo,T,04,Coquimbo,Z,Total regional (sin desglose sectorial),Cuentas Nacionales (PIB y Consumo),Pesos Chilenos (CLP)
Regionales,"Consumo de hogares e IPSFL por región , volumen a precios del año anterior encadenado, referencia 2018 (miles de millones de pesos encadenados)",F035.CPRIPSFL.FLU.R.CLP.2018.Z.Z.Z.05.0.T,Región de Valparaíso,T,05,Valparaíso,Z,Total regional (sin desglose sectorial),Cuentas Nacionales (PIB y Consumo),Pesos Chilenos (CLP)
Regionales,"Consumo de hogares e IPSFL por región , volumen a precios del año anterior encadenado, referencia 2018 (miles de millones de pesos encadenados)",F035.CPRIPSFL.FLU.R.CLP.2018.Z.Z.Z.13.0.T,Región Metropolitana de Santiago,T,13,Metropolitana de Santiago,Z,Total regional (sin desglose sectorial),Cuentas Nacionales (PIB y Consumo),Pesos Chilenos (CLP)
Regionales,"Consumo de hogares e IPSFL por región , volumen a precios del año anterior encadenado, referencia 2018 (miles de millones de pesos encadenados)",F035.CPRIPSFL.FLU.R.CLP.2018.Z.Z.Z.06.0.T,Región del Libertador General Bernardo OHiggins,T,06,O'Higgins,Z,Total regional (sin desglose sectorial),Cuentas Nacionales (PIB y Consumo),Pesos Chilenos (CLP)
Regionales,"Consumo de hogares e IPSFL por región , volumen a precios del año anterior encadenado, referencia 2018 (miles de millones de pesos encadenados)",F035.CPRIPSFL.FLU.R.CLP.2018.Z.Z.Z.07.0.T,Región de Maule,T,07,Maule,Z,Total regional (sin desglose sectorial),Cuentas Nacionales (PIB y Consumo),Pesos Chilenos (CLP)
Regionales,"Consumo de hogares e IPSFL por región , volumen a precios del año anterior encadenado, referencia 2018 (miles de millones de pesos encadenados)",F035.CPRIPSFL.FLU.R.CLP.2018.Z.Z.Z.16.0.T,Región de Ñuble,T,16,Ñuble,Z,Total regional (sin desglose sectorial),Cuentas Nacionales (PIB y Consumo),Pesos Chilenos (CLP)
Regionales,"Consumo de hogares e IPSFL por región , volumen a precios del año anterior encadenado, referencia 2018 (miles de millones de pesos encadenados)",F035.CPRIPSFL.FLU.R.CLP.2018.Z.Z.Z.08.0.T,Región del Biobío,T,08,Biobío,Z,Total regional (sin desglose sectorial),Cuentas Nacionales (PIB y Consumo),Pesos Chilenos (CLP)
Regionales,"Consumo de hogares e IPSFL por región , volumen a precios del año anterior encadenado, referencia 2018 (miles de millones de pesos encadenados)",F035.CPRIPSFL.FLU.R.CLP.2018.Z.Z.Z.09.0.T,Región de La Araucanía,T,09,La Araucanía,Z,Total regional (sin desglose sectorial),Cuentas Nacionales (PIB y Consumo),Pesos Chilenos (CLP)
Regionales,"Consumo de hogares e IPSFL por región , volumen a precios del año anterior encadenado, referencia 2018 (miles de millones de pesos encadenados)",F035.CPRIPSFL.FLU.R.CLP.2018.Z.Z.Z.14.0.T,Región de Los Ríos,T,14,Los Ríos,Z,Total regional (sin desglose sectorial),Cuentas Nacionales (PIB y Consumo),Pesos Chilenos (CLP)
Regionales,"Consumo de hogares e IPSFL por región , volumen a precios del año anterior encadenado, referencia 2018 (miles de millones de pesos encadenados)",F035.CPRIPSFL.FLU.R.CLP.2018.Z.Z.Z.10.0.T,Región de Los Lagos,T,10,Los Lagos,Z,Total regional (sin desglose sectorial),Cuentas Nacionales (PIB y Consumo),Pesos Chilenos (CLP)
Regionales,"Consumo de hogares e IPSFL por región , volumen a precios del año anterior encadenado, referencia 2018 (miles de millones de pesos encadenados)",F035.CPRIPSFL.FLU.R.CLP.2018.Z.Z.Z.11.0.T,Región de Aysén del General Carlos Ibáñez del Campo,T,11,Aysén,Z,Total regional (sin desglose sectorial),Cuentas Nacionales (PIB y Consumo),Pesos Chilenos (CLP)
Regionales,"Consumo de hogares e IPSFL por región , volumen a precios del año anterior encadenado, referencia 2018 (miles de millones de pesos encadenados)",F035.CPRIPSFL.FLU.R.CLP.2018.Z.Z.Z.12.0.T,Región de Magallanes y de la Antártica Chilena,T,12,Magallanes,Z,Total regional (sin desglose sectorial),Cuentas Nacionales (PIB y Consumo),Pesos Chilenos (CLP)
Regionales,"Consumo de hogares e IPSFL por región , volumen a precios del año anterior encadenado, referencia 2018 (miles de millones de pesos encadenados)",F035.CPRIPSFL.FLU.R.CLP.2018.Z.Z.Z.98.0.T,Subtotal regionalizado,T,Nacional,Total Nacional,Z,Total regional (sin desglose sectorial),Cuentas Nacionales (PIB y Consumo),Pesos Chilenos (CLP)
Regionales,"Consumo de hogares e IPSFL por región , volumen a precios del año anterior encadenado, referencia 2018 (miles de millones de pesos encadenados)",F035.CPRIPSFL.FLU.R.CLP.2018.Z.Z.Z.99.0.T,Consumo extrarregional,T,Nacional,Total Nacional,Z,Total regional (sin desglose sectorial),Cuentas Nacionales (PIB y Consumo),Pesos Chilenos (CLP)
Regionales,"Consumo de hogares e IPSFL por región , volumen a precios del año anterior encadenado, referencia 2018 (miles de millones de pesos encadenados)",F033.CPR.FLU.R.CLP.EP18.0.T,Consumo de hogares e IPSFL,T,UNKNOWN,No Especificado,UNKNOWN,No Especificado,Cuentas Nacionales (PIB y Consumo),Pesos Chilenos (CLP)
Regionales,"Consumo de hogares e IPSFL, Región de Arica y Parinacota, volumen a precios del año anterior encadenado, referencia 2018 (miles de millones de pesos encadenados)",F035.CPRIPSFL.FLU.R.CLP.2018.Z.Z.BD.15.0.T,Bienes durables,T,15,Arica y Parinacota,Z,Total regional (sin desglose sectorial),Cuentas Nacionales (PIB y Consumo),Pesos Chilenos (CLP)
Regionales,"Consumo de hogares e IPSFL, Región de Arica y Parinacota, volumen a precios del año anterior encadenado, referencia 2018 (miles de millones de pesos encadenados)",F035.CPRIPSFL.FLU.R.CLP.2018.Z.Z.BND.15.0.T,Bienes no durables,T,15,Arica y Parinacota,Z,Total regional (sin desglose sectorial),Cuentas Nacionales (PIB y Consumo),Pesos Chilenos (CLP)
Regionales,"Consumo de hogares e IPSFL, Región de Arica y Parinacota, volumen a precios del año anterior encadenado, referencia 2018 (miles de millones de pesos encadenados)",F035.CPRIPSFL.FLU.R.CLP.2018.Z.Z.SER.15.0.T,Servicios,T,15,Arica y Parinacota,Z,Total regional (sin desglose sectorial),Cuentas Nacionales (PIB y Consumo),Pesos Chilenos (CLP)
Regionales,"Consumo de hogares e IPSFL, Región de Tarapacá, volumen a precios del año anterior encadenado, referencia 2018 (miles de millones de pesos encadenados)",F035.CPRIPSFL.FLU.R.CLP.2018.Z.Z.BD.01.0.T,Bienes durables,T,01,Tarapacá,Z,Total regional (sin desglose sectorial),Cuentas Nacionales (PIB y Consumo),Pesos Chilenos (CLP)
Regionales,"Consumo de hogares e IPSFL, Región de Tarapacá, volumen a precios del año anterior encadenado, referencia 2018 (miles de millones de pesos encadenados)",F035.CPRIPSFL.FLU.R.CLP.2018.Z.Z.BND.01.0.T,Bienes no durables,T,01,Tarapacá,Z,Total regional (sin desglose sectorial),Cuentas Nacionales (PIB y Consumo),Pesos Chilenos (CLP)
Regionales,"Consumo de hogares e IPSFL, Región de Tarapacá, volumen a precios del año anterior encadenado, referencia 2018 (miles de millones de pesos encadenados)",F035.CPRIPSFL.FLU.R.CLP.2018.Z.Z.SER.01.0.T,Servicios,T,01,Tarapacá,Z,Total regional (sin desglose sectorial),Cuentas Nacionales (PIB y Consumo),Pesos Chilenos (CLP)
Regionales,"Consumo de hogares e IPSFL, Región de Antofagasta, volumen a precios del año anterior encadenado, referencia 2018 (miles de millones de pesos encadenados)",F035.CPRIPSFL.FLU.R.CLP.2018.Z.Z.BD.02.0.T,Bienes durables,T,02,Antofagasta,Z,Total regional (sin desglose sectorial),Cuentas Nacionales (PIB y Consumo),Pesos Chilenos (CLP)
Regionales,"Consumo de hogares e IPSFL, Región de Antofagasta, volumen a precios del año anterior encadenado, referencia 2018 (miles de millones de pesos encadenados)",F035.CPRIPSFL.FLU.R.CLP.2018.Z.Z.BND.02.0.T,Bienes no durables,T,02,Antofagasta,Z,Total regional (sin desglose sectorial),Cuentas Nacionales (PIB y Consumo),Pesos Chilenos (CLP)
Regionales,"Consumo de hogares e IPSFL, Región de Antofagasta, volumen a precios del año anterior encadenado, referencia 2018 (miles de millones de pesos encadenados)",F035.CPRIPSFL.FLU.R.CLP.2018.Z.Z.SER.02.0.T,Servicios,T,02,Antofagasta,Z,Total regional (sin desglose sectorial),Cuentas Nacionales (PIB y Consumo),Pesos Chilenos (CLP)
Regionales,"Consumo de hogares e IPSFL, Región de Atacama, volumen a precios del año anterior encadenado, referencia 2018 (miles de millones de pesos encadenados)",F035.CPRIPSFL.FLU.R.CLP.2018.Z.Z.BD.03.0.T,Bienes durables,T,03,Atacama,Z,Total regional (sin desglose sectorial),Cuentas Nacionales (PIB y Consumo),Pesos Chilenos (CLP)
Regionales,"Consumo de hogares e IPSFL, Región de Atacama, volumen a precios del año anterior encadenado, referencia 2018 (miles de millones de pesos encadenados)",F035.CPRIPSFL.FLU.R.CLP.2018.Z.Z.BND.03.0.T,Bienes no durables,T,03,Atacama,Z,Total regional (sin desglose sectorial),Cuentas Nacionales (PIB y Consumo),Pesos Chilenos (CLP)
Regionales,"Consumo de hogares e IPSFL, Región de Atacama, volumen a precios del año anterior encadenado, referencia 2018 (miles de millones de pesos encadenados)",F035.CPRIPSFL.FLU.R.CLP.2018.Z.Z.SER.03.0.T,Servicios,T,03,Atacama,Z,Total regional (sin desglose sectorial),Cuentas Nacionales (PIB y Consumo),Pesos Chilenos (CLP)
Regionales,"Consumo de hogares e IPSFL, Región de Coquimbo, volumen a precios del año anterior encadenado, referencia 2018 (miles de millones de pesos encadenados)",F035.CPRIPSFL.FLU.R.CLP.2018.Z.Z.BD.04.0.T,Bienes durables,T,04,Coquimbo,Z,Total regional (sin desglose sectorial),Cuentas Nacionales (PIB y Consumo),Pesos Chilenos (CLP)
Regionales,"Consumo de hogares e IPSFL, Región de Coquimbo, volumen a precios del año anterior encadenado, referencia 2018 (miles de millones de pesos encadenados)",F035.CPRIPSFL.FLU.R.CLP.2018.Z.Z.BND.04.0.T,Bienes no durables,T,04,Coquimbo,Z,Total regional (sin desglose sectorial),Cuentas Nacionales (PIB y Consumo),Pesos Chilenos (CLP)
Regionales,"Consumo de hogares e IPSFL, Región de Coquimbo, volumen a precios del año anterior encadenado, referencia 2018 (miles de millones de pesos encadenados)",F035.CPRIPSFL.FLU.R.CLP.2018.Z.Z.SER.04.0.T,Servicios,T,04,Coquimbo,Z,Total regional (sin desglose sectorial),Cuentas Nacionales (PIB y Consumo),Pesos Chilenos (CLP)
Regionales,"Consumo de hogares e IPSFL, Región de Valparaíso, volumen a precios del año anterior encadenado, referencia 2018 (miles de millones de pesos encadenados)",F035.CPRIPSFL.FLU.R.CLP.2018.Z.Z.BD.05.0.T,Bienes durables,T,05,Valparaíso,Z,Total regional (sin desglose sectorial),Cuentas Nacionales (PIB y Consumo),Pesos Chilenos (CLP)
Regionales,"Consumo de hogares e IPSFL, Región de Valparaíso, volumen a precios del año anterior encadenado, referencia 2018 (miles de millones de pesos encadenados)",F035.CPRIPSFL.FLU.R.CLP.2018.Z.Z.BND.05.0.T,Bienes no durables,T,05,Valparaíso,Z,Total regional (sin desglose sectorial),Cuentas Nacionales (PIB y Consumo),Pesos Chilenos (CLP)
Regionales,"Consumo de hogares e IPSFL, Región de Valparaíso, volumen a precios del año anterior encadenado, referencia 2018 (miles de millones de pesos encadenados)",F035.CPRIPSFL.FLU.R.CLP.2018.Z.Z.SER.05.0.T,Servicios,T,05,Valparaíso,Z,Total regional (sin desglose sectorial),Cuentas Nacionales (PIB y Consumo),Pesos Chilenos (CLP)
Regionales,"Consumo de hogares e IPSFL, Región Metropolitana de Santiago, volumen a precios del año anterior encadenado, referencia 2018 (miles de millones de pesos encadenados)",F035.CPRIPSFL.FLU.R.CLP.2018.Z.Z.BD.13.0.T,Bienes durables,T,13,Metropolitana de Santiago,Z,Total regional (sin desglose sectorial),Cuentas Nacionales (PIB y Consumo),Pesos Chilenos (CLP)
Regionales,"Consumo de hogares e IPSFL, Región Metropolitana de Santiago, volumen a precios del año anterior encadenado, referencia 2018 (miles de millones de pesos encadenados)",F035.CPRIPSFL.FLU.R.CLP.2018.Z.Z.BND.13.0.T,Bienes no durables,T,13,Metropolitana de Santiago,Z,Total regional (sin desglose sectorial),Cuentas Nacionales (PIB y Consumo),Pesos Chilenos (CLP)
Regionales,"Consumo de hogares e IPSFL, Región Metropolitana de Santiago, volumen a precios del año anterior encadenado, referencia 2018 (miles de millones de pesos encadenados)",F035.CPRIPSFL.FLU.R.CLP.2018.Z.Z.SER.13.0.T,Servicios,T,13,Metropolitana de Santiago,Z,Total regional (sin desglose sectorial),Cuentas Nacionales (PIB y Consumo),Pesos Chilenos (CLP)
Regionales,"Consumo de hogares e IPSFL, Región de Libertador General Bernardo O`Higgins, volumen a precios del año anterior encadenado, referencia 2018 (miles de millones de pesos encadenados)",F035.CPRIPSFL.FLU.R.CLP.2018.Z.Z.BD.06.0.T,Bienes durables,T,06,O'Higgins,Z,Total regional (sin desglose sectorial),Cuentas Nacionales (PIB y Consumo),Pesos Chilenos (CLP)
Regionales,"Consumo de hogares e IPSFL, Región de Libertador General Bernardo O`Higgins, volumen a precios del año anterior encadenado, referencia 2018 (miles de millones de pesos encadenados)",F035.CPRIPSFL.FLU.R.CLP.2018.Z.Z.BND.06.0.T,Bienes no durables,T,06,O'Higgins,Z,Total regional (sin desglose sectorial),Cuentas Nacionales (PIB y Consumo),Pesos Chilenos (CLP)
Regionales,"Consumo de hogares e IPSFL, Región de Libertador General Bernardo O`Higgins, volumen a precios del año anterior encadenado, referencia 2018 (miles de millones de pesos encadenados)",F035.CPRIPSFL.FLU.R.CLP.2018.Z.Z.SER.06.0.T,Servicios,T,06,O'Higgins,Z,Total regional (sin desglose sectorial),Cuentas Nacionales (PIB y Consumo),Pesos Chilenos (CLP)
Regionales,"Consumo de hogares e IPSFL, Región del Maule, volumen a precios del año anterior encadenado, referencia 2018 (miles de millones de pesos encadenados)",F035.CPRIPSFL.FLU.R.CLP.2018.Z.Z.BD.07.0.T,Bienes durables,T,07,Maule,Z,Total regional (sin desglose sectorial),Cuentas Nacionales (PIB y Consumo),Pesos Chilenos (CLP)
Regionales,"Consumo de hogares e IPSFL, Región del Maule, volumen a precios del año anterior encadenado, referencia 2018 (miles de millones de pesos encadenados)",F035.CPRIPSFL.FLU.R.CLP.2018.Z.Z.BND.07.0.T,Bienes no durables,T,07,Maule,Z,Total regional (sin desglose sectorial),Cuentas Nacionales (PIB y Consumo),Pesos Chilenos (CLP)
Regionales,"Consumo de hogares e IPSFL, Región del Maule, volumen a precios del año anterior encadenado, referencia 2018 (miles de millones de pesos encadenados)",F035.CPRIPSFL.FLU.R.CLP.2018.Z.Z.SER.07.0.T,Servicios,T,07,Maule,Z,Total regional (sin desglose sectorial),Cuentas Nacionales (PIB y Consumo),Pesos Chilenos (CLP)
Regionales,"Consumo de hogares e IPSFL, Región de Ñuble, volumen a precios del año anterior encadenado, referencia 2018 (miles de millones de pesos encadenados)",F035.CPRIPSFL.FLU.R.CLP.2018.Z.Z.BD.16.0.T,Bienes durables,T,16,Ñuble,Z,Total regional (sin desglose sectorial),Cuentas Nacionales (PIB y Consumo),Pesos Chilenos (CLP)
Regionales,"Consumo de hogares e IPSFL, Región de Ñuble, volumen a precios del año anterior encadenado, referencia 2018 (miles de millones de pesos encadenados)",F035.CPRIPSFL.FLU.R.CLP.2018.Z.Z.BND.16.0.T,Bienes no durables,T,16,Ñuble,Z,Total regional (sin desglose sectorial),Cuentas Nacionales (PIB y Consumo),Pesos Chilenos (CLP)
Regionales,"Consumo de hogares e IPSFL, Región de Ñuble, volumen a precios del año anterior encadenado, referencia 2018 (miles de millones de pesos encadenados)",F035.CPRIPSFL.FLU.R.CLP.2018.Z.Z.SER.16.0.T,Servicios,T,16,Ñuble,Z,Total regional (sin desglose sectorial),Cuentas Nacionales (PIB y Consumo),Pesos Chilenos (CLP)
Regionales,"Consumo de hogares e IPSFL, Región del Biobío, volumen a precios del año anterior encadenado, referencia 2018 (miles de millones de pesos encadenados)",F035.CPRIPSFL.FLU.R.CLP.2018.Z.Z.BD.08.0.T,Bienes durables,T,08,Biobío,Z,Total regional (sin desglose sectorial),Cuentas Nacionales (PIB y Consumo),Pesos Chilenos (CLP)
Regionales,"Consumo de hogares e IPSFL, Región del Biobío, volumen a precios del año anterior encadenado, referencia 2018 (miles de millones de pesos encadenados)",F035.CPRIPSFL.FLU.R.CLP.2018.Z.Z.BND.08.0.T,Bienes no durables,T,08,Biobío,Z,Total regional (sin desglose sectorial),Cuentas Nacionales (PIB y Consumo),Pesos Chilenos (CLP)
Regionales,"Consumo de hogares e IPSFL, Región del Biobío, volumen a precios del año anterior encadenado, referencia 2018 (miles de millones de pesos encadenados)",F035.CPRIPSFL.FLU.R.CLP.2018.Z.Z.SER.08.0.T,Servicios,T,08,Biobío,Z,Total regional (sin desglose sectorial),Cuentas Nacionales (PIB y Consumo),Pesos Chilenos (CLP)
Regionales,"Consumo de hogares e IPSFL, Región de la Araucanía, volumen a precios del año anterior encadenado, referencia 2018 (miles de millones de pesos encadenados)",F035.CPRIPSFL.FLU.R.CLP.2018.Z.Z.BD.09.0.T,Bienes durables,T,09,La Araucanía,Z,Total regional (sin desglose sectorial),Cuentas Nacionales (PIB y Consumo),Pesos Chilenos (CLP)
Regionales,"Consumo de hogares e IPSFL, Región de la Araucanía, volumen a precios del año anterior encadenado, referencia 2018 (miles de millones de pesos encadenados)",F035.CPRIPSFL.FLU.R.CLP.2018.Z.Z.BND.09.0.T,Bienes no durables,T,09,La Araucanía,Z,Total regional (sin desglose sectorial),Cuentas Nacionales (PIB y Consumo),Pesos Chilenos (CLP)
Regionales,"Consumo de hogares e IPSFL, Región de la Araucanía, volumen a precios del año anterior encadenado, referencia 2018 (miles de millones de pesos encadenados)",F035.CPRIPSFL.FLU.R.CLP.2018.Z.Z.SER.09.0.T,Servicios,T,09,La Araucanía,Z,Total regional (sin desglose sectorial),Cuentas Nacionales (PIB y Consumo),Pesos Chilenos (CLP)
Regionales,"Consumo de hogares e IPSFL, Región de Los Ríos, volumen a precios del año anterior encadenado, referencia 2018 (miles de millones de pesos encadenados)",F035.CPRIPSFL.FLU.R.CLP.2018.Z.Z.BD.14.0.T,Bienes durables,T,14,Los Ríos,Z,Total regional (sin desglose sectorial),Cuentas Nacionales (PIB y Consumo),Pesos Chilenos (CLP)
Regionales,"Consumo de hogares e IPSFL, Región de Los Ríos, volumen a precios del año anterior encadenado, referencia 2018 (miles de millones de pesos encadenados)",F035.CPRIPSFL.FLU.R.CLP.2018.Z.Z.BND.14.0.T,Bienes no durables,T,14,Los Ríos,Z,Total regional (sin desglose sectorial),Cuentas Nacionales (PIB y Consumo),Pesos Chilenos (CLP)
Regionales,"Consumo de hogares e IPSFL, Región de Los Ríos, volumen a precios del año anterior encadenado, referencia 2018 (miles de millones de pesos encadenados)",F035.CPRIPSFL.FLU.R.CLP.2018.Z.Z.SER.14.0.T,Servicios,T,14,Los Ríos,Z,Total regional (sin desglose sectorial),Cuentas Nacionales (PIB y Consumo),Pesos Chilenos (CLP)
Regionales,"Consumo de hogares e IPSFL, Región de Los Lagos, volumen a precios del año anterior encadenado, referencia 2018 (miles de millones de pesos encadenados)",F035.CPRIPSFL.FLU.R.CLP.2018.Z.Z.BD.10.0.T,Bienes durables,T,10,Los Lagos,Z,Total regional (sin desglose sectorial),Cuentas Nacionales (PIB y Consumo),Pesos Chilenos (CLP)
Regionales,"Consumo de hogares e IPSFL, Región de Los Lagos, volumen a precios del año anterior encadenado, referencia 2018 (miles de millones de pesos encadenados)",F035.CPRIPSFL.FLU.R.CLP.2018.Z.Z.BND.10.0.T,Bienes no durables,T,10,Los Lagos,Z,Total regional (sin desglose sectorial),Cuentas Nacionales (PIB y Consumo),Pesos Chilenos (CLP)
Regionales,"Consumo de hogares e IPSFL, Región de Los Lagos, volumen a precios del año anterior encadenado, referencia 2018 (miles de millones de pesos encadenados)",F035.CPRIPSFL.FLU.R.CLP.2018.Z.Z.SER.10.0.T,Servicios,T,10,Los Lagos,Z,Total regional (sin desglose sectorial),Cuentas Nacionales (PIB y Consumo),Pesos Chilenos (CLP)
Regionales,"Consumo de hogares e IPSFL, Región de Aysén del General Carlos Ibáñez del Campo, volumen a precios del año anterior encadenado, referencia 2018 (miles de millones de pesos encadenados)",F035.CPRIPSFL.FLU.R.CLP.2018.Z.Z.BD.11.0.T,Bienes durables,T,11,Aysén,Z,Total regional (sin desglose sectorial),Cuentas Nacionales (PIB y Consumo),Pesos Chilenos (CLP)
Regionales,"Consumo de hogares e IPSFL, Región de Aysén del General Carlos Ibáñez del Campo, volumen a precios del año anterior encadenado, referencia 2018 (miles de millones de pesos encadenados)",F035.CPRIPSFL.FLU.R.CLP.2018.Z.Z.BND.11.0.T,Bienes no durables,T,11,Aysén,Z,Total regional (sin desglose sectorial),Cuentas Nacionales (PIB y Consumo),Pesos Chilenos (CLP)
Regionales,"Consumo de hogares e IPSFL, Región de Aysén del General Carlos Ibáñez del Campo, volumen a precios del año anterior encadenado, referencia 2018 (miles de millones de pesos encadenados)",F035.CPRIPSFL.FLU.R.CLP.2018.Z.Z.SER.11.0.T,Servicios,T,11,Aysén,Z,Total regional (sin desglose sectorial),Cuentas Nacionales (PIB y Consumo),Pesos Chilenos (CLP)
Regionales,"Consumo de hogares e IPSFL, Región de Magallanes y de la Antártica Chilena, volumen a precios del año anterior encadenado, referencia 2018 (miles de millones de pesos encadenados)",F035.CPRIPSFL.FLU.R.CLP.2018.Z.Z.BD.12.0.T,Bienes durables,T,12,Magallanes,Z,Total regional (sin desglose sectorial),Cuentas Nacionales (PIB y Consumo),Pesos Chilenos (CLP)
Regionales,"Consumo de hogares e IPSFL, Región de Magallanes y de la Antártica Chilena, volumen a precios del año anterior encadenado, referencia 2018 (miles de millones de pesos encadenados)",F035.CPRIPSFL.FLU.R.CLP.2018.Z.Z.BND.12.0.T,Bienes no durables,T,12,Magallanes,Z,Total regional (sin desglose sectorial),Cuentas Nacionales (PIB y Consumo),Pesos Chilenos (CLP)
Regionales,"Consumo de hogares e IPSFL, Región de Magallanes y de la Antártica Chilena, volumen a precios del año anterior encadenado, referencia 2018 (miles de millones de pesos encadenados)",F035.CPRIPSFL.FLU.R.CLP.2018.Z.Z.SER.12.0.T,Servicios,T,12,Magallanes,Z,Total regional (sin desglose sectorial),Cuentas Nacionales (PIB y Consumo),Pesos Chilenos (CLP)
Regionales,"Consumo de hogares e IPSFL por región, contribución porcentual respecto de igual periodo del año anterior, referencia 2018 (Porcentaje)",F035.CPRIPSFL.V12.R.CLP.2018.Z.Z.Z.15.0.T,Región de Arica y Parinacota,T,15,Arica y Parinacota,Z,Total regional (sin desglose sectorial),Cuentas Nacionales (PIB y Consumo),Porcentaje (%)
Regionales,"Consumo de hogares e IPSFL por región, contribución porcentual respecto de igual periodo del año anterior, referencia 2018 (Porcentaje)",F035.CPRIPSFL.V12.R.CLP.2018.Z.Z.Z.01.0.T,Región de Tarapacá,T,01,Tarapacá,Z,Total regional (sin desglose sectorial),Cuentas Nacionales (PIB y Consumo),Porcentaje (%)
Regionales,"Consumo de hogares e IPSFL por región, contribución porcentual respecto de igual periodo del año anterior, referencia 2018 (Porcentaje)",F035.CPRIPSFL.V12.R.CLP.2018.Z.Z.Z.02.0.T,Región de Antofagasta,T,02,Antofagasta,Z,Total regional (sin desglose sectorial),Cuentas Nacionales (PIB y Consumo),Porcentaje (%)
Regionales,"Consumo de hogares e IPSFL por región, contribución porcentual respecto de igual periodo del año anterior, referencia 2018 (Porcentaje)",F035.CPRIPSFL.V12.R.CLP.2018.Z.Z.Z.03.0.T,Región de Atacama,T,03,Atacama,Z,Total regional (sin desglose sectorial),Cuentas Nacionales (PIB y Consumo),Porcentaje (%)
Regionales,"Consumo de hogares e IPSFL por región, contribución porcentual respecto de igual periodo del año anterior, referencia 2018 (Porcentaje)",F035.CPRIPSFL.V12.R.CLP.2018.Z.Z.Z.04.0.T,Región de Coquimbo,T,04,Coquimbo,Z,Total regional (sin desglose sectorial),Cuentas Nacionales (PIB y Consumo),Porcentaje (%)
Regionales,"Consumo de hogares e IPSFL por región, contribución porcentual respecto de igual periodo del año anterior, referencia 2018 (Porcentaje)",F035.CPRIPSFL.V12.R.CLP.2018.Z.Z.Z.05.0.T,Región de Valparaíso,T,05,Valparaíso,Z,Total regional (sin desglose sectorial),Cuentas Nacionales (PIB y Consumo),Porcentaje (%)
Regionales,"Consumo de hogares e IPSFL por región, contribución porcentual respecto de igual periodo del año anterior, referencia 2018 (Porcentaje)",F035.CPRIPSFL.V12.R.CLP.2018.Z.Z.Z.13.0.T,Región Metropolitana de Santiago,T,13,Metropolitana de Santiago,Z,Total regional (sin desglose sectorial),Cuentas Nacionales (PIB y Consumo),Porcentaje (%)
Regionales,"Consumo de hogares e IPSFL por región, contribución porcentual respecto de igual periodo del año anterior, referencia 2018 (Porcentaje)",F035.CPRIPSFL.V12.R.CLP.2018.Z.Z.Z.06.0.T,Región del Libertador General Bernardo OHiggins,T,06,O'Higgins,Z,Total regional (sin desglose sectorial),Cuentas Nacionales (PIB y Consumo),Porcentaje (%)
Regionales,"Consumo de hogares e IPSFL por región, contribución porcentual respecto de igual periodo del año anterior, referencia 2018 (Porcentaje)",F035.CPRIPSFL.V12.R.CLP.2018.Z.Z.Z.07.0.T,Región de Maule,T,07,Maule,Z,Total regional (sin desglose sectorial),Cuentas Nacionales (PIB y Consumo),Porcentaje (%)
Regionales,"Consumo de hogares e IPSFL por región, contribución porcentual respecto de igual periodo del año anterior, referencia 2018 (Porcentaje)",F035.CPRIPSFL.V12.R.CLP.2018.Z.Z.Z.16.0.T,Región de Ñuble,T,16,Ñuble,Z,Total regional (sin desglose sectorial),Cuentas Nacionales (PIB y Consumo),Porcentaje (%)
Regionales,"Consumo de hogares e IPSFL por región, contribución porcentual respecto de igual periodo del año anterior, referencia 2018 (Porcentaje)",F035.CPRIPSFL.V12.R.CLP.2018.Z.Z.Z.08.0.T,Región del Biobío,T,08,Biobío,Z,Total regional (sin desglose sectorial),Cuentas Nacionales (PIB y Consumo),Porcentaje (%)
Regionales,"Consumo de hogares e IPSFL por región, contribución porcentual respecto de igual periodo del año anterior, referencia 2018 (Porcentaje)",F035.CPRIPSFL.V12.R.CLP.2018.Z.Z.Z.09.0.T,Región de La Araucanía,T,09,La Araucanía,Z,Total regional (sin desglose sectorial),Cuentas Nacionales (PIB y Consumo),Porcentaje (%)
Regionales,"Consumo de hogares e IPSFL por región, contribución porcentual respecto de igual periodo del año anterior, referencia 2018 (Porcentaje)",F035.CPRIPSFL.V12.R.CLP.2018.Z.Z.Z.14.0.T,Región de Los Ríos,T,14,Los Ríos,Z,Total regional (sin desglose sectorial),Cuentas Nacionales (PIB y Consumo),Porcentaje (%)
Regionales,"Consumo de hogares e IPSFL por región, contribución porcentual respecto de igual periodo del año anterior, referencia 2018 (Porcentaje)",F035.CPRIPSFL.V12.R.CLP.2018.Z.Z.Z.10.0.T,Región de Los Lagos,T,10,Los Lagos,Z,Total regional (sin desglose sectorial),Cuentas Nacionales (PIB y Consumo),Porcentaje (%)
Regionales,"Consumo de hogares e IPSFL por región, contribución porcentual respecto de igual periodo del año anterior, referencia 2018 (Porcentaje)",F035.CPRIPSFL.V12.R.CLP.2018.Z.Z.Z.11.0.T,Región de Aysén del General Carlos Ibáñez del Campo,T,11,Aysén,Z,Total regional (sin desglose sectorial),Cuentas Nacionales (PIB y Consumo),Porcentaje (%)
Regionales,"Consumo de hogares e IPSFL por región, contribución porcentual respecto de igual periodo del año anterior, referencia 2018 (Porcentaje)",F035.CPRIPSFL.V12.R.CLP.2018.Z.Z.Z.12.0.T,Región de Magallanes y de la Antártica Chilena,T,12,Magallanes,Z,Total regional (sin desglose sectorial),Cuentas Nacionales (PIB y Consumo),Porcentaje (%)
Regionales,"Consumo de hogares e IPSFL por región, contribución porcentual respecto de igual periodo del año anterior, referencia 2018 (Porcentaje)",F035.CPRIPSFL.V12.R.CLP.2018.Z.Z.Z.98.0.T,Subtotal regionalizado,T,Nacional,Total Nacional,Z,Total regional (sin desglose sectorial),Cuentas Nacionales (PIB y Consumo),Porcentaje (%)
Regionales,"Consumo de hogares e IPSFL por región, contribución porcentual respecto de igual periodo del año anterior, referencia 2018 (Porcentaje)",F035.CPRIPSFL.V12.R.CLP.2018.Z.Z.Z.99.0.T,Consumo extrarregional,T,Nacional,Total Nacional,Z,Total regional (sin desglose sectorial),Cuentas Nacionales (PIB y Consumo),Porcentaje (%)
Regionales,"Consumo de hogares e IPSFL por región, contribución porcentual respecto de igual periodo del año anterior, referencia 2018 (Porcentaje)",F035.CPRIPSFL.V12.R.CLP.2018.Z.Z.Z.Z.0.T,Consumo de hogares e IPSFL,T,Nacional,Total Nacional,Z,Total regional (sin desglose sectorial),Cuentas Nacionales (PIB y Consumo),Porcentaje (%)
Regionales,"Consumo de hogares e IPSFL, Región de Arica y Parinacota, contribución porcentual respecto de igual periodo del año anterior, referencia 2018 (Porcentaje)",F035.CPRIPSFL.V12.R.CLP.2018.Z.Z.BD.15.0.T,Bienes durables,T,15,Arica y Parinacota,Z,Total regional (sin desglose sectorial),Cuentas Nacionales (PIB y Consumo),Porcentaje (%)
Regionales,"Consumo de hogares e IPSFL, Región de Arica y Parinacota, contribución porcentual respecto de igual periodo del año anterior, referencia 2018 (Porcentaje)",F035.CPRIPSFL.V12.R.CLP.2018.Z.Z.BND.15.0.T,Bienes no durables,T,15,Arica y Parinacota,Z,Total regional (sin desglose sectorial),Cuentas Nacionales (PIB y Consumo),Porcentaje (%)
Regionales,"Consumo de hogares e IPSFL, Región de Arica y Parinacota, contribución porcentual respecto de igual periodo del año anterior, referencia 2018 (Porcentaje)",F035.CPRIPSFL.V12.R.CLP.2018.Z.Z.SER.15.0.T,Servicios,T,15,Arica y Parinacota,Z,Total regional (sin desglose sectorial),Cuentas Nacionales (PIB y Consumo),Porcentaje (%)
Regionales,"Consumo de hogares e IPSFL, Región de Arica y Parinacota, contribución porcentual respecto de igual periodo del año anterior, referencia 2018 (Porcentaje)",F035.CPRIPSFL.V12.R.CLP.2018.Z.Z.CONT.15.0.T,Consumo de hogares de IPSFL,T,15,Arica y Parinacota,Z,Total regional (sin desglose sectorial),Cuentas Nacionales (PIB y Consumo),Porcentaje (%)
Regionales,"Consumo de hogares e IPSFL, Región de Tarapacá, contribución porcentual respecto de igual periodo del año anterior, referencia 2018 (Porcentaje)",F035.CPRIPSFL.V12.R.CLP.2018.Z.Z.BD.01.0.T,Bienes durables,T,01,Tarapacá,Z,Total regional (sin desglose sectorial),Cuentas Nacionales (PIB y Consumo),Porcentaje (%)
Regionales,"Consumo de hogares e IPSFL, Región de Tarapacá, contribución porcentual respecto de igual periodo del año anterior, referencia 2018 (Porcentaje)",F035.CPRIPSFL.V12.R.CLP.2018.Z.Z.BND.01.0.T,Bienes no durables,T,01,Tarapacá,Z,Total regional (sin desglose sectorial),Cuentas Nacionales (PIB y Consumo),Porcentaje (%)
Regionales,"Consumo de hogares e IPSFL, Región de Tarapacá, contribución porcentual respecto de igual periodo del año anterior, referencia 2018 (Porcentaje)",F035.CPRIPSFL.V12.R.CLP.2018.Z.Z.SER.01.0.T,Servicios,T,01,Tarapacá,Z,Total regional (sin desglose sectorial),Cuentas Nacionales (PIB y Consumo),Porcentaje (%)
Regionales,"Consumo de hogares e IPSFL, Región de Tarapacá, contribución porcentual respecto de igual periodo del año anterior, referencia 2018 (Porcentaje)",F035.CPRIPSFL.V12.R.CLP.2018.Z.Z.CONT.01.0.T,Consumo de hogares e IPSFL,T,01,Tarapacá,Z,Total regional (sin desglose sectorial),Cuentas Nacionales (PIB y Consumo),Porcentaje (%)
Regionales,"Consumo de hogares e IPSFL, Región de Antofagasta, contribución porcentual respecto de igual periodo del año anterior, referencia 2018 (Porcentaje)",F035.CPRIPSFL.V12.R.CLP.2018.Z.Z.BD.02.0.T,Bienes durables,T,02,Antofagasta,Z,Total regional (sin desglose sectorial),Cuentas Nacionales (PIB y Consumo),Porcentaje (%)
Regionales,"Consumo de hogares e IPSFL, Región de Antofagasta, contribución porcentual respecto de igual periodo del año anterior, referencia 2018 (Porcentaje)",F035.CPRIPSFL.V12.R.CLP.2018.Z.Z.BND.02.0.T,Bienes no durables,T,02,Antofagasta,Z,Total regional (sin desglose sectorial),Cuentas Nacionales (PIB y Consumo),Porcentaje (%)
Regionales,"Consumo de hogares e IPSFL, Región de Antofagasta, contribución porcentual respecto de igual periodo del año anterior, referencia 2018 (Porcentaje)",F035.CPRIPSFL.V12.R.CLP.2018.Z.Z.SER.02.0.T,Servicios,T,02,Antofagasta,Z,Total regional (sin desglose sectorial),Cuentas Nacionales (PIB y Consumo),Porcentaje (%)
Regionales,"Consumo de hogares e IPSFL, Región de Antofagasta, contribución porcentual respecto de igual periodo del año anterior, referencia 2018 (Porcentaje)",F035.CPRIPSFL.V12.R.CLP.2018.Z.Z.CONT.02.0.T,Consumo de hogares e IPSFL,T,02,Antofagasta,Z,Total regional (sin desglose sectorial),Cuentas Nacionales (PIB y Consumo),Porcentaje (%)
Regionales,"Consumo de hogares e IPSFL, Región de Atacama, contribución porcentual respecto de igual periodo del año anterior, referencia 2018 (Porcentaje)",F035.CPRIPSFL.V12.R.CLP.2018.Z.Z.BD.03.0.T,Bienes durables,T,03,Atacama,Z,Total regional (sin desglose sectorial),Cuentas Nacionales (PIB y Consumo),Porcentaje (%)
Regionales,"Consumo de hogares e IPSFL, Región de Atacama, contribución porcentual respecto de igual periodo del año anterior, referencia 2018 (Porcentaje)",F035.CPRIPSFL.V12.R.CLP.2018.Z.Z.BND.03.0.T,Bienes no durables,T,03,Atacama,Z,Total regional (sin desglose sectorial),Cuentas Nacionales (PIB y Consumo),Porcentaje (%)
Regionales,"Consumo de hogares e IPSFL, Región de Atacama, contribución porcentual respecto de igual periodo del año anterior, referencia 2018 (Porcentaje)",F035.CPRIPSFL.V12.R.CLP.2018.Z.Z.SER.03.0.T,Servicios,T,03,Atacama,Z,Total regional (sin desglose sectorial),Cuentas Nacionales (PIB y Consumo),Porcentaje (%)
Regionales,"Consumo de hogares e IPSFL, Región de Atacama, contribución porcentual respecto de igual periodo del año anterior, referencia 2018 (Porcentaje)",F035.CPRIPSFL.V12.R.CLP.2018.Z.Z.CONT.03.0.T,Consumo de hogares e IPSFL,T,03,Atacama,Z,Total regional (sin desglose sectorial),Cuentas Nacionales (PIB y Consumo),Porcentaje (%)
Regionales,"Consumo de hogares e IPSFL, Región de Coquimbo, contribución porcentual respecto de igual periodo del año anterior, referencia 2018 (Porcentaje)",F035.CPRIPSFL.V12.R.CLP.2018.Z.Z.BD.04.0.T,Bienes durables,T,04,Coquimbo,Z,Total regional (sin desglose sectorial),Cuentas Nacionales (PIB y Consumo),Porcentaje (%)
Regionales,"Consumo de hogares e IPSFL, Región de Coquimbo, contribución porcentual respecto de igual periodo del año anterior, referencia 2018 (Porcentaje)",F035.CPRIPSFL.V12.R.CLP.2018.Z.Z.BND.04.0.T,Bienes no durables,T,04,Coquimbo,Z,Total regional (sin desglose sectorial),Cuentas Nacionales (PIB y Consumo),Porcentaje (%)
Regionales,"Consumo de hogares e IPSFL, Región de Coquimbo, contribución porcentual respecto de igual periodo del año anterior, referencia 2018 (Porcentaje)",F035.CPRIPSFL.V12.R.CLP.2018.Z.Z.SER.04.0.T,Servicios,T,04,Coquimbo,Z,Total regional (sin desglose sectorial),Cuentas Nacionales (PIB y Consumo),Porcentaje (%)
Regionales,"Consumo de hogares e IPSFL, Región de Coquimbo, contribución porcentual respecto de igual periodo del año anterior, referencia 2018 (Porcentaje)",F035.CPRIPSFL.V12.R.CLP.2018.Z.Z.CONT.04.0.T,Consumo de hogares e IPSFL,T,04,Coquimbo,Z,Total regional (sin desglose sectorial),Cuentas Nacionales (PIB y Consumo),Porcentaje (%)
Regionales,"Consumo de hogares e IPSFL, Región de Valparaíso, contribución porcentual respecto de igual periodo del año anterior, referencia 2018 (Porcentaje)",F035.CPRIPSFL.V12.R.CLP.2018.Z.Z.BD.05.0.T,Bienes durables,T,05,Valparaíso,Z,Total regional (sin desglose sectorial),Cuentas Nacionales (PIB y Consumo),Porcentaje (%)
Regionales,"Consumo de hogares e IPSFL, Región de Valparaíso, contribución porcentual respecto de igual periodo del año anterior, referencia 2018 (Porcentaje)",F035.CPRIPSFL.V12.R.CLP.2018.Z.Z.BND.05.0.T,Bienes no durables,T,05,Valparaíso,Z,Total regional (sin desglose sectorial),Cuentas Nacionales (PIB y Consumo),Porcentaje (%)
Regionales,"Consumo de hogares e IPSFL, Región de Valparaíso, contribución porcentual respecto de igual periodo del año anterior, referencia 2018 (Porcentaje)",F035.CPRIPSFL.V12.R.CLP.2018.Z.Z.SER.05.0.T,Servicios,T,05,Valparaíso,Z,Total regional (sin desglose sectorial),Cuentas Nacionales (PIB y Consumo),Porcentaje (%)
Regionales,"Consumo de hogares e IPSFL, Región de Valparaíso, contribución porcentual respecto de igual periodo del año anterior, referencia 2018 (Porcentaje)",F035.CPRIPSFL.V12.R.CLP.2018.Z.Z.CONT.05.0.T,Consumo de hogares e IPSFL,T,05,Valparaíso,Z,Total regional (sin desglose sectorial),Cuentas Nacionales (PIB y Consumo),Porcentaje (%)
Regionales,"Consumo de hogares e IPSFL, Región Metropolitana de Santiago, contribución porcentual respecto de igual periodo del año anterior, referencia 2018 (Porcentaje)",F035.CPRIPSFL.V12.R.CLP.2018.Z.Z.BD.13.0.T,Bienes durables,T,13,Metropolitana de Santiago,Z,Total regional (sin desglose sectorial),Cuentas Nacionales (PIB y Consumo),Porcentaje (%)
Regionales,"Consumo de hogares e IPSFL, Región Metropolitana de Santiago, contribución porcentual respecto de igual periodo del año anterior, referencia 2018 (Porcentaje)",F035.CPRIPSFL.V12.R.CLP.2018.Z.Z.BND.13.0.T,Bienes no durables,T,13,Metropolitana de Santiago,Z,Total regional (sin desglose sectorial),Cuentas Nacionales (PIB y Consumo),Porcentaje (%)
Regionales,"Consumo de hogares e IPSFL, Región Metropolitana de Santiago, contribución porcentual respecto de igual periodo del año anterior, referencia 2018 (Porcentaje)",F035.CPRIPSFL.V12.R.CLP.2018.Z.Z.SER.13.0.T,Servicios,T,13,Metropolitana de Santiago,Z,Total regional (sin desglose sectorial),Cuentas Nacionales (PIB y Consumo),Porcentaje (%)
Regionales,"Consumo de hogares e IPSFL, Región Metropolitana de Santiago, contribución porcentual respecto de igual periodo del año anterior, referencia 2018 (Porcentaje)",F035.CPRIPSFL.V12.R.CLP.2018.Z.Z.CONT.13.0.T,Consumo de hogares e IPSFL,T,13,Metropolitana de Santiago,Z,Total regional (sin desglose sectorial),Cuentas Nacionales (PIB y Consumo),Porcentaje (%)
Regionales,"Consumo de hogares e IPSFL, Región de Libertador General Bernardo O`Higgins, contribución porcentual respecto de igual periodo del año anterior, referencia 2018 (Porcentaje)",F035.CPRIPSFL.V12.R.CLP.2018.Z.Z.BD.06.0.T,Bienes durables,T,06,O'Higgins,Z,Total regional (sin desglose sectorial),Cuentas Nacionales (PIB y Consumo),Porcentaje (%)
Regionales,"Consumo de hogares e IPSFL, Región de Libertador General Bernardo O`Higgins, contribución porcentual respecto de igual periodo del año anterior, referencia 2018 (Porcentaje)",F035.CPRIPSFL.V12.R.CLP.2018.Z.Z.BND.06.0.T,Bienes no durables,T,06,O'Higgins,Z,Total regional (sin desglose sectorial),Cuentas Nacionales (PIB y Consumo),Porcentaje (%)
Regionales,"Consumo de hogares e IPSFL, Región de Libertador General Bernardo O`Higgins, contribución porcentual respecto de igual periodo del año anterior, referencia 2018 (Porcentaje)",F035.CPRIPSFL.V12.R.CLP.2018.Z.Z.SER.06.0.T,Servicios,T,06,O'Higgins,Z,Total regional (sin desglose sectorial),Cuentas Nacionales (PIB y Consumo),Porcentaje (%)
Regionales,"Consumo de hogares e IPSFL, Región de Libertador General Bernardo O`Higgins, contribución porcentual respecto de igual periodo del año anterior, referencia 2018 (Porcentaje)",F035.CPRIPSFL.V12.R.CLP.2018.Z.Z.CONT.06.0.T,Consumo de hogares e IPSFL,T,06,O'Higgins,Z,Total regional (sin desglose sectorial),Cuentas Nacionales (PIB y Consumo),Porcentaje (%)
Regionales,"Consumo de hogares e IPSFL, Región del Maule, contribución porcentual respecto de igual periodo del año anterior, referencia 2018 (Porcentaje)",F035.CPRIPSFL.V12.R.CLP.2018.Z.Z.BD.07.0.T,Bienes durables,T,07,Maule,Z,Total regional (sin desglose sectorial),Cuentas Nacionales (PIB y Consumo),Porcentaje (%)
Regionales,"Consumo de hogares e IPSFL, Región del Maule, contribución porcentual respecto de igual periodo del año anterior, referencia 2018 (Porcentaje)",F035.CPRIPSFL.V12.R.CLP.2018.Z.Z.BND.07.0.T,Bienes no durables,T,07,Maule,Z,Total regional (sin desglose sectorial),Cuentas Nacionales (PIB y Consumo),Porcentaje (%)
Regionales,"Consumo de hogares e IPSFL, Región del Maule, contribución porcentual respecto de igual periodo del año anterior, referencia 2018 (Porcentaje)",F035.CPRIPSFL.V12.R.CLP.2018.Z.Z.SER.07.0.T,Servicios,T,07,Maule,Z,Total regional (sin desglose sectorial),Cuentas Nacionales (PIB y Consumo),Porcentaje (%)
Regionales,"Consumo de hogares e IPSFL, Región del Maule, contribución porcentual respecto de igual periodo del año anterior, referencia 2018 (Porcentaje)",F035.CPRIPSFL.V12.R.CLP.2018.Z.Z.CONT.07.0.T,Consumo de hogares e IPSFL,T,07,Maule,Z,Total regional (sin desglose sectorial),Cuentas Nacionales (PIB y Consumo),Porcentaje (%)
Regionales,"Consumo de hogares e IPSFL, Región de Ñuble, contribución porcentual respecto de igual periodo del año anterior, referencia 2018 (Porcentaje)",F035.CPRIPSFL.V12.R.CLP.2018.Z.Z.BD.16.0.T,Bienes durables,T,16,Ñuble,Z,Total regional (sin desglose sectorial),Cuentas Nacionales (PIB y Consumo),Porcentaje (%)
Regionales,"Consumo de hogares e IPSFL, Región de Ñuble, contribución porcentual respecto de igual periodo del año anterior, referencia 2018 (Porcentaje)",F035.CPRIPSFL.V12.R.CLP.2018.Z.Z.BND.16.0.T,Bienes no durables,T,16,Ñuble,Z,Total regional (sin desglose sectorial),Cuentas Nacionales (PIB y Consumo),Porcentaje (%)
Regionales,"Consumo de hogares e IPSFL, Región de Ñuble, contribución porcentual respecto de igual periodo del año anterior, referencia 2018 (Porcentaje)",F035.CPRIPSFL.V12.R.CLP.2018.Z.Z.SER.16.0.T,Servicios,T,16,Ñuble,Z,Total regional (sin desglose sectorial),Cuentas Nacionales (PIB y Consumo),Porcentaje (%)
Regionales,"Consumo de hogares e IPSFL, Región de Ñuble, contribución porcentual respecto de igual periodo del año anterior, referencia 2018 (Porcentaje)",F035.CPRIPSFL.V12.R.CLP.2018.Z.Z.CONT.16.0.T,Consumo de hogares e IPSFL,T,16,Ñuble,Z,Total regional (sin desglose sectorial),Cuentas Nacionales (PIB y Consumo),Porcentaje (%)
Regionales,"Consumo de hogares e IPSFL, Región del Biobío, contribución porcentual respecto de igual periodo del año anterior, referencia 2018 (Porcentaje)",F035.CPRIPSFL.V12.R.CLP.2018.Z.Z.BD.08.0.T,Bienes durables,T,08,Biobío,Z,Total regional (sin desglose sectorial),Cuentas Nacionales (PIB y Consumo),Porcentaje (%)
Regionales,"Consumo de hogares e IPSFL, Región del Biobío, contribución porcentual respecto de igual periodo del año anterior, referencia 2018 (Porcentaje)",F035.CPRIPSFL.V12.R.CLP.2018.Z.Z.BND.08.0.T,Bienes no durables,T,08,Biobío,Z,Total regional (sin desglose sectorial),Cuentas Nacionales (PIB y Consumo),Porcentaje (%)
Regionales,"Consumo de hogares e IPSFL, Región del Biobío, contribución porcentual respecto de igual periodo del año anterior, referencia 2018 (Porcentaje)",F035.CPRIPSFL.V12.R.CLP.2018.Z.Z.SER.08.0.T,Servicios,T,08,Biobío,Z,Total regional (sin desglose sectorial),Cuentas Nacionales (PIB y Consumo),Porcentaje (%)
Regionales,"Consumo de hogares e IPSFL, Región del Biobío, contribución porcentual respecto de igual periodo del año anterior, referencia 2018 (Porcentaje)",F035.CPRIPSFL.V12.R.CLP.2018.Z.Z.CONT.08.0.T,Consumo de hogares e IPSFL,T,08,Biobío,Z,Total regional (sin desglose sectorial),Cuentas Nacionales (PIB y Consumo),Porcentaje (%)
Regionales,"Consumo de hogares e IPSFL, Región de la Araucanía, contribución porcentual respecto de igual periodo del año anterior, referencia 2018 (Porcentaje)",F035.CPRIPSFL.V12.R.CLP.2018.Z.Z.BD.09.0.T,Bienes durables,T,09,La Araucanía,Z,Total regional (sin desglose sectorial),Cuentas Nacionales (PIB y Consumo),Porcentaje (%)
Regionales,"Consumo de hogares e IPSFL, Región de la Araucanía, contribución porcentual respecto de igual periodo del año anterior, referencia 2018 (Porcentaje)",F035.CPRIPSFL.V12.R.CLP.2018.Z.Z.BND.09.0.T,Bienes no durables,T,09,La Araucanía,Z,Total regional (sin desglose sectorial),Cuentas Nacionales (PIB y Consumo),Porcentaje (%)
Regionales,"Consumo de hogares e IPSFL, Región de la Araucanía, contribución porcentual respecto de igual periodo del año anterior, referencia 2018 (Porcentaje)",F035.CPRIPSFL.V12.R.CLP.2018.Z.Z.SER.09.0.T,Servicios,T,09,La Araucanía,Z,Total regional (sin desglose sectorial),Cuentas Nacionales (PIB y Consumo),Porcentaje (%)
Regionales,"Consumo de hogares e IPSFL, Región de la Araucanía, contribución porcentual respecto de igual periodo del año anterior, referencia 2018 (Porcentaje)",F035.CPRIPSFL.V12.R.CLP.2018.Z.Z.CONT.09.0.T,Consumo de hogares e IPSFL,T,09,La Araucanía,Z,Total regional (sin desglose sectorial),Cuentas Nacionales (PIB y Consumo),Porcentaje (%)
Regionales,"Consumo de hogares e IPSFL, Región de Los Ríos, contribución porcentual respecto de igual periodo del año anterior, referencia 2018 (Porcentaje)",F035.CPRIPSFL.V12.R.CLP.2018.Z.Z.BD.14.0.T,Bienes durables,T,14,Los Ríos,Z,Total regional (sin desglose sectorial),Cuentas Nacionales (PIB y Consumo),Porcentaje (%)
Regionales,"Consumo de hogares e IPSFL, Región de Los Ríos, contribución porcentual respecto de igual periodo del año anterior, referencia 2018 (Porcentaje)",F035.CPRIPSFL.V12.R.CLP.2018.Z.Z.BND.14.0.T,Bienes no durables,T,14,Los Ríos,Z,Total regional (sin desglose sectorial),Cuentas Nacionales (PIB y Consumo),Porcentaje (%)
Regionales,"Consumo de hogares e IPSFL, Región de Los Ríos, contribución porcentual respecto de igual periodo del año anterior, referencia 2018 (Porcentaje)",F035.CPRIPSFL.V12.R.CLP.2018.Z.Z.SER.14.0.T,Servicios,T,14,Los Ríos,Z,Total regional (sin desglose sectorial),Cuentas Nacionales (PIB y Consumo),Porcentaje (%)
Regionales,"Consumo de hogares e IPSFL, Región de Los Ríos, contribución porcentual respecto de igual periodo del año anterior, referencia 2018 (Porcentaje)",F035.CPRIPSFL.V12.R.CLP.2018.Z.Z.CONT.14.0.T,Consumo de hogares e IPSFL,T,14,Los Ríos,Z,Total regional (sin desglose sectorial),Cuentas Nacionales (PIB y Consumo),Porcentaje (%)
Regionales,"Consumo de hogares e IPSFL, Región de Los Lagos, contribución porcentual respecto de igual periodo del año anterior, referencia 2018 (Porcentaje)",F035.CPRIPSFL.V12.R.CLP.2018.Z.Z.BD.10.0.T,Bienes durables,T,10,Los Lagos,Z,Total regional (sin desglose sectorial),Cuentas Nacionales (PIB y Consumo),Porcentaje (%)
Regionales,"Consumo de hogares e IPSFL, Región de Los Lagos, contribución porcentual respecto de igual periodo del año anterior, referencia 2018 (Porcentaje)",F035.CPRIPSFL.V12.R.CLP.2018.Z.Z.BND.10.0.T,Bienes no durables,T,10,Los Lagos,Z,Total regional (sin desglose sectorial),Cuentas Nacionales (PIB y Consumo),Porcentaje (%)
Regionales,"Consumo de hogares e IPSFL, Región de Los Lagos, contribución porcentual respecto de igual periodo del año anterior, referencia 2018 (Porcentaje)",F035.CPRIPSFL.V12.R.CLP.2018.Z.Z.SER.10.0.T,Servicios,T,10,Los Lagos,Z,Total regional (sin desglose sectorial),Cuentas Nacionales (PIB y Consumo),Porcentaje (%)
Regionales,"Consumo de hogares e IPSFL, Región de Los Lagos, contribución porcentual respecto de igual periodo del año anterior, referencia 2018 (Porcentaje)",F035.CPRIPSFL.V12.R.CLP.2018.Z.Z.CONT.10.0.T,Consumo de hogares de IPSFL,T,10,Los Lagos,Z,Total regional (sin desglose sectorial),Cuentas Nacionales (PIB y Consumo),Porcentaje (%)
Regionales,"Consumo de hogares e IPSFL, Región de Aysén del General Carlos Ibáñez del Campo, contribución porcentual respecto de igual periodo del año anterior, referencia 2018 (Porcentaje)",F035.CPRIPSFL.V12.R.CLP.2018.Z.Z.BD.11.0.T,Bienes durables,T,11,Aysén,Z,Total regional (sin desglose sectorial),Cuentas Nacionales (PIB y Consumo),Porcentaje (%)
Regionales,"Consumo de hogares e IPSFL, Región de Aysén del General Carlos Ibáñez del Campo, contribución porcentual respecto de igual periodo del año anterior, referencia 2018 (Porcentaje)",F035.CPRIPSFL.V12.R.CLP.2018.Z.Z.BND.11.0.T,Bienes no durables,T,11,Aysén,Z,Total regional (sin desglose sectorial),Cuentas Nacionales (PIB y Consumo),Porcentaje (%)
Regionales,"Consumo de hogares e IPSFL, Región de Aysén del General Carlos Ibáñez del Campo, contribución porcentual respecto de igual periodo del año anterior, referencia 2018 (Porcentaje)",F035.CPRIPSFL.V12.R.CLP.2018.Z.Z.SER.11.0.T,Servicios,T,11,Aysén,Z,Total regional (sin desglose sectorial),Cuentas Nacionales (PIB y Consumo),Porcentaje (%)
Regionales,"Consumo de hogares e IPSFL, Región de Aysén del General Carlos Ibáñez del Campo, contribución porcentual respecto de igual periodo del año anterior, referencia 2018 (Porcentaje)",F035.CPRIPSFL.V12.R.CLP.2018.Z.Z.CONT.11.0.T,Consumo de hogares de IPSFL,T,11,Aysén,Z,Total regional (sin desglose sectorial),Cuentas Nacionales (PIB y Consumo),Porcentaje (%)
Regionales,"Consumo de hogares e IPSFL, Región de Magallanes y de la Antártica Chilena, contribución porcentual respecto de igual periodo del año anterior, referencia 2018 (Porcentaje)",F035.CPRIPSFL.V12.R.CLP.2018.Z.Z.BD.12.0.T,Bienes durables,T,12,Magallanes,Z,Total regional (sin desglose sectorial),Cuentas Nacionales (PIB y Consumo),Porcentaje (%)
Regionales,"Consumo de hogares e IPSFL, Región de Magallanes y de la Antártica Chilena, contribución porcentual respecto de igual periodo del año anterior, referencia 2018 (Porcentaje)",F035.CPRIPSFL.V12.R.CLP.2018.Z.Z.BND.12.0.T,Bienes no durables,T,12,Magallanes,Z,Total regional (sin desglose sectorial),Cuentas Nacionales (PIB y Consumo),Porcentaje (%)
Regionales,"Consumo de hogares e IPSFL, Región de Magallanes y de la Antártica Chilena, contribución porcentual respecto de igual periodo del año anterior, referencia 2018 (Porcentaje)",F035.CPRIPSFL.V12.R.CLP.2018.Z.Z.SER.12.0.T,Servicios,T,12,Magallanes,Z,Total regional (sin desglose sectorial),Cuentas Nacionales (PIB y Consumo),Porcentaje (%)
Regionales,"Consumo de hogares e IPSFL, Región de Magallanes y de la Antártica Chilena, contribución porcentual respecto de igual periodo del año anterior, referencia 2018 (Porcentaje)",F035.CPRIPSFL.V12.R.CLP.2018.Z.Z.CONT.12.0.T,Consumo de hogares de IPSFL,T,12,Magallanes,Z,Total regional (sin desglose sectorial),Cuentas Nacionales (PIB y Consumo),Porcentaje (%)
Regionales,"Consumo de hogares e IPSFL por región, precios corrientes, series empalmadas, referencia 2018 (miles de millones de pesos)",F035.CPRIPSFL.FLU.N.CLP.2018.Z.Z.Z.15.0.A,Región de Arica y Parinacota,A,15,Arica y Parinacota,Z,Total regional (sin desglose sectorial),Finanzas y Sistema Financiero Regional,Pesos Chilenos (CLP)
Regionales,"Consumo de hogares e IPSFL por región, precios corrientes, series empalmadas, referencia 2018 (miles de millones de pesos)",F035.CPRIPSFL.FLU.N.CLP.2018.Z.Z.Z.01.0.A,Región de Tarapacá,A,01,Tarapacá,Z,Total regional (sin desglose sectorial),Finanzas y Sistema Financiero Regional,Pesos Chilenos (CLP)
Regionales,"Consumo de hogares e IPSFL por región, precios corrientes, series empalmadas, referencia 2018 (miles de millones de pesos)",F035.CPRIPSFL.FLU.N.CLP.2018.Z.Z.Z.02.0.A,Región de Antofagasta,A,02,Antofagasta,Z,Total regional (sin desglose sectorial),Finanzas y Sistema Financiero Regional,Pesos Chilenos (CLP)
Regionales,"Consumo de hogares e IPSFL por región, precios corrientes, series empalmadas, referencia 2018 (miles de millones de pesos)",F035.CPRIPSFL.FLU.N.CLP.2018.Z.Z.Z.03.0.A,Región de Atacama,A,03,Atacama,Z,Total regional (sin desglose sectorial),Finanzas y Sistema Financiero Regional,Pesos Chilenos (CLP)
Regionales,"Consumo de hogares e IPSFL por región, precios corrientes, series empalmadas, referencia 2018 (miles de millones de pesos)",F035.CPRIPSFL.FLU.N.CLP.2018.Z.Z.Z.04.0.A,Región de Coquimbo,A,04,Coquimbo,Z,Total regional (sin desglose sectorial),Finanzas y Sistema Financiero Regional,Pesos Chilenos (CLP)
Regionales,"Consumo de hogares e IPSFL por región, precios corrientes, series empalmadas, referencia 2018 (miles de millones de pesos)",F035.CPRIPSFL.FLU.N.CLP.2018.Z.Z.Z.05.0.A,Región de Valparaíso,A,05,Valparaíso,Z,Total regional (sin desglose sectorial),Finanzas y Sistema Financiero Regional,Pesos Chilenos (CLP)
Regionales,"Consumo de hogares e IPSFL por región, precios corrientes, series empalmadas, referencia 2018 (miles de millones de pesos)",F035.CPRIPSFL.FLU.N.CLP.2018.Z.Z.Z.13.0.A,Región Metropolitana de Santiago,A,13,Metropolitana de Santiago,Z,Total regional (sin desglose sectorial),Finanzas y Sistema Financiero Regional,Pesos Chilenos (CLP)
Regionales,"Consumo de hogares e IPSFL por región, precios corrientes, series empalmadas, referencia 2018 (miles de millones de pesos)",F035.CPRIPSFL.FLU.N.CLP.2018.Z.Z.Z.06.0.A,Región del Libertador General Bernardo OHiggins,A,06,O'Higgins,Z,Total regional (sin desglose sectorial),Finanzas y Sistema Financiero Regional,Pesos Chilenos (CLP)
Regionales,"Consumo de hogares e IPSFL por región, precios corrientes, series empalmadas, referencia 2018 (miles de millones de pesos)",F035.CPRIPSFL.FLU.N.CLP.2018.Z.Z.Z.07.0.A,Región de Maule,A,07,Maule,Z,Total regional (sin desglose sectorial),Finanzas y Sistema Financiero Regional,Pesos Chilenos (CLP)
Regionales,"Consumo de hogares e IPSFL por región, precios corrientes, series empalmadas, referencia 2018 (miles de millones de pesos)",F035.CPRIPSFL.FLU.N.CLP.2018.Z.Z.Z.16.0.A,Región de Ñuble,A,16,Ñuble,Z,Total regional (sin desglose sectorial),Finanzas y Sistema Financiero Regional,Pesos Chilenos (CLP)
Regionales,"Consumo de hogares e IPSFL por región, precios corrientes, series empalmadas, referencia 2018 (miles de millones de pesos)",F035.CPRIPSFL.FLU.N.CLP.2018.Z.Z.Z.08.0.A,Región del Biobío,A,08,Biobío,Z,Total regional (sin desglose sectorial),Finanzas y Sistema Financiero Regional,Pesos Chilenos (CLP)
Regionales,"Consumo de hogares e IPSFL por región, precios corrientes, series empalmadas, referencia 2018 (miles de millones de pesos)",F035.CPRIPSFL.FLU.N.CLP.2018.Z.Z.Z.09.0.A,Región de La Araucanía,A,09,La Araucanía,Z,Total regional (sin desglose sectorial),Finanzas y Sistema Financiero Regional,Pesos Chilenos (CLP)
Regionales,"Consumo de hogares e IPSFL por región, precios corrientes, series empalmadas, referencia 2018 (miles de millones de pesos)",F035.CPRIPSFL.FLU.N.CLP.2018.Z.Z.Z.14.0.A,Región de Los Ríos,A,14,Los Ríos,Z,Total regional (sin desglose sectorial),Finanzas y Sistema Financiero Regional,Pesos Chilenos (CLP)
Regionales,"Consumo de hogares e IPSFL por región, precios corrientes, series empalmadas, referencia 2018 (miles de millones de pesos)",F035.CPRIPSFL.FLU.N.CLP.2018.Z.Z.Z.10.0.A,Región de Los Lagos,A,10,Los Lagos,Z,Total regional (sin desglose sectorial),Finanzas y Sistema Financiero Regional,Pesos Chilenos (CLP)
Regionales,"Consumo de hogares e IPSFL por región, precios corrientes, series empalmadas, referencia 2018 (miles de millones de pesos)",F035.CPRIPSFL.FLU.N.CLP.2018.Z.Z.Z.11.0.A,Región de Aysén del General Carlos Ibáñez del Campo,A,11,Aysén,Z,Total regional (sin desglose sectorial),Finanzas y Sistema Financiero Regional,Pesos Chilenos (CLP)
Regionales,"Consumo de hogares e IPSFL por región, precios corrientes, series empalmadas, referencia 2018 (miles de millones de pesos)",F035.CPRIPSFL.FLU.N.CLP.2018.Z.Z.Z.12.0.A,Región de Magallanes y de la Antártica Chilena,A,12,Magallanes,Z,Total regional (sin desglose sectorial),Finanzas y Sistema Financiero Regional,Pesos Chilenos (CLP)
Regionales,"Consumo de hogares e IPSFL por región, precios corrientes, series empalmadas, referencia 2018 (miles de millones de pesos)",F035.CPRIPSFL.FLU.N.CLP.2018.Z.Z.Z.98.0.A,Subtotal regionalizado,A,Nacional,Total Nacional,Z,Total regional (sin desglose sectorial),Finanzas y Sistema Financiero Regional,Pesos Chilenos (CLP)
Regionales,"Consumo de hogares e IPSFL por región, precios corrientes, series empalmadas, referencia 2018 (miles de millones de pesos)",F035.CPRIPSFL.FLU.N.CLP.2018.Z.Z.Z.99.0.A,Consumo extrarregional,A,Nacional,Total Nacional,Z,Total regional (sin desglose sectorial),Finanzas y Sistema Financiero Regional,Pesos Chilenos (CLP)
Regionales,"Consumo de hogares e IPSFL por región, precios corrientes, series empalmadas, referencia 2018 (miles de millones de pesos)",F033.CPR.FLU.N.CLP.EP18.0.T,Consumo de hogares e IPSFL,T,UNKNOWN,No Especificado,UNKNOWN,No Especificado,Finanzas y Sistema Financiero Regional,Pesos Chilenos (CLP)
Regionales,"Consumo de hogares e IPSFL por región, precios corrientes, series empalmadas, referencia 2018 (dólares per cápita)",F035.CPCP.FLU.R.USD.2018.Z.Z.Z.15.0.A,Región de Arica y Parinacota,A,15,Arica y Parinacota,Z,Total regional (sin desglose sectorial),Finanzas y Sistema Financiero Regional,No Especificada
Regionales,"Consumo de hogares e IPSFL por región, precios corrientes, series empalmadas, referencia 2018 (dólares per cápita)",F035.CPCP.FLU.R.USD.2018.Z.Z.Z.01.0.A,Región de Tarapacá,A,01,Tarapacá,Z,Total regional (sin desglose sectorial),Finanzas y Sistema Financiero Regional,No Especificada
Regionales,"Consumo de hogares e IPSFL por región, precios corrientes, series empalmadas, referencia 2018 (dólares per cápita)",F035.CPCP.FLU.R.USD.2018.Z.Z.Z.02.0.A,Región de Antofagasta,A,02,Antofagasta,Z,Total regional (sin desglose sectorial),Finanzas y Sistema Financiero Regional,No Especificada
Regionales,"Consumo de hogares e IPSFL por región, precios corrientes, series empalmadas, referencia 2018 (dólares per cápita)",F035.CPCP.FLU.R.USD.2018.Z.Z.Z.03.0.A,Región de Atacama,A,03,Atacama,Z,Total regional (sin desglose sectorial),Finanzas y Sistema Financiero Regional,No Especificada
Regionales,"Consumo de hogares e IPSFL por región, precios corrientes, series empalmadas, referencia 2018 (dólares per cápita)",F035.CPCP.FLU.R.USD.2018.Z.Z.Z.04.0.A,Región de Coquimbo,A,04,Coquimbo,Z,Total regional (sin desglose sectorial),Finanzas y Sistema Financiero Regional,No Especificada
Regionales,"Consumo de hogares e IPSFL por región, precios corrientes, series empalmadas, referencia 2018 (dólares per cápita)",F035.CPCP.FLU.R.USD.2018.Z.Z.Z.05.0.A,Región de Valparaíso,A,05,Valparaíso,Z,Total regional (sin desglose sectorial),Finanzas y Sistema Financiero Regional,No Especificada
Regionales,"Consumo de hogares e IPSFL por región, precios corrientes, series empalmadas, referencia 2018 (dólares per cápita)",F035.CPCP.FLU.R.USD.2018.Z.Z.Z.13.0.A,Región Metropolitana de Santiago,A,13,Metropolitana de Santiago,Z,Total regional (sin desglose sectorial),Finanzas y Sistema Financiero Regional,No Especificada
Regionales,"Consumo de hogares e IPSFL por región, precios corrientes, series empalmadas, referencia 2018 (dólares per cápita)",F035.CPCP.FLU.R.USD.2018.Z.Z.Z.06.0.A,Región del Libertador General Bernardo OHiggins,A,06,O'Higgins,Z,Total regional (sin desglose sectorial),Finanzas y Sistema Financiero Regional,No Especificada
Regionales,"Consumo de hogares e IPSFL por región, precios corrientes, series empalmadas, referencia 2018 (dólares per cápita)",F035.CPCP.FLU.R.USD.2018.Z.Z.Z.07.0.A,Región del Maule,A,07,Maule,Z,Total regional (sin desglose sectorial),Finanzas y Sistema Financiero Regional,No Especificada
Regionales,"Consumo de hogares e IPSFL por región, precios corrientes, series empalmadas, referencia 2018 (dólares per cápita)",F035.CPCP.FLU.R.USD.2018.Z.Z.Z.16.0.A,Región de Ñuble,A,16,Ñuble,Z,Total regional (sin desglose sectorial),Finanzas y Sistema Financiero Regional,No Especificada
Regionales,"Consumo de hogares e IPSFL por región, precios corrientes, series empalmadas, referencia 2018 (dólares per cápita)",F035.CPCP.FLU.R.USD.2018.Z.Z.Z.08.0.A,Región del Biobío,A,08,Biobío,Z,Total regional (sin desglose sectorial),Finanzas y Sistema Financiero Regional,No Especificada
Regionales,"Consumo de hogares e IPSFL por región, precios corrientes, series empalmadas, referencia 2018 (dólares per cápita)",F035.CPCP.FLU.R.USD.2018.Z.Z.Z.09.0.A,Región de La Araucanía,A,09,La Araucanía,Z,Total regional (sin desglose sectorial),Finanzas y Sistema Financiero Regional,No Especificada
Regionales,"Consumo de hogares e IPSFL por región, precios corrientes, series empalmadas, referencia 2018 (dólares per cápita)",F035.CPCP.FLU.R.USD.2018.Z.Z.Z.14.0.A,Región de Los Ríos,A,14,Los Ríos,Z,Total regional (sin desglose sectorial),Finanzas y Sistema Financiero Regional,No Especificada
Regionales,"Consumo de hogares e IPSFL por región, precios corrientes, series empalmadas, referencia 2018 (dólares per cápita)",F035.CPCP.FLU.R.USD.2018.Z.Z.Z.10.0.A,Región de Los Lagos,A,10,Los Lagos,Z,Total regional (sin desglose sectorial),Finanzas y Sistema Financiero Regional,No Especificada
Regionales,"Consumo de hogares e IPSFL por región, precios corrientes, series empalmadas, referencia 2018 (dólares per cápita)",F035.CPCP.FLU.R.USD.2018.Z.Z.Z.11.0.A,Región de Aysén del General Carlos Ibáñez del Campo,A,11,Aysén,Z,Total regional (sin desglose sectorial),Finanzas y Sistema Financiero Regional,No Especificada
Regionales,"Consumo de hogares e IPSFL por región, precios corrientes, series empalmadas, referencia 2018 (dólares per cápita)",F035.CPCP.FLU.R.USD.2018.Z.Z.Z.12.0.A,Región de Magallanes y de la Antártica Chilena,A,12,Magallanes,Z,Total regional (sin desglose sectorial),Finanzas y Sistema Financiero Regional,No Especificada
Regionales,"Consumo de hogares e IPSFL por región, contribución porcentual respecto de igual periodo del año anterior, referencia 2018 (Porcentaje)",F035.CPRIPSFL.V12.R.CLP.2018.Z.Z.Z.15.0.A,Región de Arica y Parinacota,A,15,Arica y Parinacota,Z,Total regional (sin desglose sectorial),Cuentas Nacionales (PIB y Consumo),Porcentaje (%)
Regionales,"Consumo de hogares e IPSFL por región, contribución porcentual respecto de igual periodo del año anterior, referencia 2018 (Porcentaje)",F035.CPRIPSFL.V12.R.CLP.2018.Z.Z.Z.01.0.A,Región de Tarapacá,A,01,Tarapacá,Z,Total regional (sin desglose sectorial),Cuentas Nacionales (PIB y Consumo),Porcentaje (%)
Regionales,"Consumo de hogares e IPSFL por región, contribución porcentual respecto de igual periodo del año anterior, referencia 2018 (Porcentaje)",F035.CPRIPSFL.V12.R.CLP.2018.Z.Z.Z.02.0.A,Región de Antofagasta,A,02,Antofagasta,Z,Total regional (sin desglose sectorial),Cuentas Nacionales (PIB y Consumo),Porcentaje (%)
Regionales,"Consumo de hogares e IPSFL por región, contribución porcentual respecto de igual periodo del año anterior, referencia 2018 (Porcentaje)",F035.CPRIPSFL.V12.R.CLP.2018.Z.Z.Z.03.0.A,Región de Atacama,A,03,Atacama,Z,Total regional (sin desglose sectorial),Cuentas Nacionales (PIB y Consumo),Porcentaje (%)
Regionales,"Consumo de hogares e IPSFL por región, contribución porcentual respecto de igual periodo del año anterior, referencia 2018 (Porcentaje)",F035.CPRIPSFL.V12.R.CLP.2018.Z.Z.Z.04.0.A,Región de Coquimbo,A,04,Coquimbo,Z,Total regional (sin desglose sectorial),Cuentas Nacionales (PIB y Consumo),Porcentaje (%)
Regionales,"Consumo de hogares e IPSFL por región, contribución porcentual respecto de igual periodo del año anterior, referencia 2018 (Porcentaje)",F035.CPRIPSFL.V12.R.CLP.2018.Z.Z.Z.05.0.A,Región de Valparaíso,A,05,Valparaíso,Z,Total regional (sin desglose sectorial),Cuentas Nacionales (PIB y Consumo),Porcentaje (%)
Regionales,"Consumo de hogares e IPSFL por región, contribución porcentual respecto de igual periodo del año anterior, referencia 2018 (Porcentaje)",F035.CPRIPSFL.V12.R.CLP.2018.Z.Z.Z.13.0.A,Región Metropolitana de Santiago,A,13,Metropolitana de Santiago,Z,Total regional (sin desglose sectorial),Cuentas Nacionales (PIB y Consumo),Porcentaje (%)
Regionales,"Consumo de hogares e IPSFL por región, contribución porcentual respecto de igual periodo del año anterior, referencia 2018 (Porcentaje)",F035.CPRIPSFL.V12.R.CLP.2018.Z.Z.Z.06.0.A,Región del Libertador General Bernardo OHiggins,A,06,O'Higgins,Z,Total regional (sin desglose sectorial),Cuentas Nacionales (PIB y Consumo),Porcentaje (%)
Regionales,"Consumo de hogares e IPSFL por región, contribución porcentual respecto de igual periodo del año anterior, referencia 2018 (Porcentaje)",F035.CPRIPSFL.V12.R.CLP.2018.Z.Z.Z.07.0.A,Región de Maule,A,07,Maule,Z,Total regional (sin desglose sectorial),Cuentas Nacionales (PIB y Consumo),Porcentaje (%)
Regionales,"Consumo de hogares e IPSFL por región, contribución porcentual respecto de igual periodo del año anterior, referencia 2018 (Porcentaje)",F035.CPRIPSFL.V12.R.CLP.2018.Z.Z.Z.16.0.A,Región de Ñuble,A,16,Ñuble,Z,Total regional (sin desglose sectorial),Cuentas Nacionales (PIB y Consumo),Porcentaje (%)
Regionales,"Consumo de hogares e IPSFL por región, contribución porcentual respecto de igual periodo del año anterior, referencia 2018 (Porcentaje)",F035.CPRIPSFL.V12.R.CLP.2018.Z.Z.Z.08.0.A,Región del Biobío,A,08,Biobío,Z,Total regional (sin desglose sectorial),Cuentas Nacionales (PIB y Consumo),Porcentaje (%)
Regionales,"Consumo de hogares e IPSFL por región, contribución porcentual respecto de igual periodo del año anterior, referencia 2018 (Porcentaje)",F035.CPRIPSFL.V12.R.CLP.2018.Z.Z.Z.09.0.A,Región de La Araucanía,A,09,La Araucanía,Z,Total regional (sin desglose sectorial),Cuentas Nacionales (PIB y Consumo),Porcentaje (%)
Regionales,"Consumo de hogares e IPSFL por región, contribución porcentual respecto de igual periodo del año anterior, referencia 2018 (Porcentaje)",F035.CPRIPSFL.V12.R.CLP.2018.Z.Z.Z.14.0.A,Región de Los Ríos,A,14,Los Ríos,Z,Total regional (sin desglose sectorial),Cuentas Nacionales (PIB y Consumo),Porcentaje (%)
Regionales,"Consumo de hogares e IPSFL por región, contribución porcentual respecto de igual periodo del año anterior, referencia 2018 (Porcentaje)",F035.CPRIPSFL.V12.R.CLP.2018.Z.Z.Z.10.0.A,Región de Los Lagos,A,10,Los Lagos,Z,Total regional (sin desglose sectorial),Cuentas Nacionales (PIB y Consumo),Porcentaje (%)
Regionales,"Consumo de hogares e IPSFL por región, contribución porcentual respecto de igual periodo del año anterior, referencia 2018 (Porcentaje)",F035.CPRIPSFL.V12.R.CLP.2018.Z.Z.Z.11.0.A,Región de Aysén del General Carlos Ibáñez del Campo,A,11,Aysén,Z,Total regional (sin desglose sectorial),Cuentas Nacionales (PIB y Consumo),Porcentaje (%)
Regionales,"Consumo de hogares e IPSFL por región, contribución porcentual respecto de igual periodo del año anterior, referencia 2018 (Porcentaje)",F035.CPRIPSFL.V12.R.CLP.2018.Z.Z.Z.12.0.A,Región de Magallanes y de la Antártica Chilena,A,12,Magallanes,Z,Total regional (sin desglose sectorial),Cuentas Nacionales (PIB y Consumo),Porcentaje (%)
Regionales,"Consumo de hogares e IPSFL por región, contribución porcentual respecto de igual periodo del año anterior, referencia 2018 (Porcentaje)",F035.CPRIPSFL.V12.R.CLP.2018.Z.Z.Z.98.0.A,Subtotal regionalizado,A,Nacional,Total Nacional,Z,Total regional (sin desglose sectorial),Cuentas Nacionales (PIB y Consumo),Porcentaje (%)
Regionales,"Consumo de hogares e IPSFL por región, contribución porcentual respecto de igual periodo del año anterior, referencia 2018 (Porcentaje)",F035.CPRIPSFL.V12.R.CLP.2018.Z.Z.Z.99.0.A,Consumo extrarregional,A,Nacional,Total Nacional,Z,Total regional (sin desglose sectorial),Cuentas Nacionales (PIB y Consumo),Porcentaje (%)
Regionales,"Consumo de hogares e IPSFL por región, contribución porcentual respecto de igual periodo del año anterior, referencia 2018 (Porcentaje)",F035.CPRIPSFL.V12.R.CLP.2018.Z.Z.Z.Z.0.A,Consumo de hogares e IPSFL,A,Nacional,Total Nacional,Z,Total regional (sin desglose sectorial),Cuentas Nacionales (PIB y Consumo),Porcentaje (%)
Regionales,"Consumo de hogares e IPSFL, Región de Arica y Parinacota, contribución porcentual respecto de igual periodo del año anterior, referencia 2018 (Porcentaje)",F035.CPRIPSFL.V12.R.CLP.2018.Z.Z.BD.15.0.A,Bienes durables,A,15,Arica y Parinacota,Z,Total regional (sin desglose sectorial),Cuentas Nacionales (PIB y Consumo),Porcentaje (%)
Regionales,"Consumo de hogares e IPSFL, Región de Arica y Parinacota, contribución porcentual respecto de igual periodo del año anterior, referencia 2018 (Porcentaje)",F035.CPRIPSFL.V12.R.CLP.2018.Z.Z.BND.15.0.A,Bienes no durables,A,15,Arica y Parinacota,Z,Total regional (sin desglose sectorial),Cuentas Nacionales (PIB y Consumo),Porcentaje (%)
Regionales,"Consumo de hogares e IPSFL, Región de Arica y Parinacota, contribución porcentual respecto de igual periodo del año anterior, referencia 2018 (Porcentaje)",F035.CPRIPSFL.V12.R.CLP.2018.Z.Z.SER.15.0.A,Servicios,A,15,Arica y Parinacota,Z,Total regional (sin desglose sectorial),Cuentas Nacionales (PIB y Consumo),Porcentaje (%)
Regionales,"Consumo de hogares e IPSFL, Región de Arica y Parinacota, contribución porcentual respecto de igual periodo del año anterior, referencia 2018 (Porcentaje)",F035.CPRIPSFL.V12.R.CLP.2018.Z.Z.CONT.15.0.A,Consumo de hogares de IPSFL,A,15,Arica y Parinacota,Z,Total regional (sin desglose sectorial),Cuentas Nacionales (PIB y Consumo),Porcentaje (%)
Regionales,"Consumo de hogares e IPSFL, Región de Tarapacá, contribución porcentual respecto de igual periodo del año anterior, referencia 2018 (Porcentaje)",F035.CPRIPSFL.V12.R.CLP.2018.Z.Z.BD.01.0.A,Bienes durables,A,01,Tarapacá,Z,Total regional (sin desglose sectorial),Cuentas Nacionales (PIB y Consumo),Porcentaje (%)
Regionales,"Consumo de hogares e IPSFL, Región de Tarapacá, contribución porcentual respecto de igual periodo del año anterior, referencia 2018 (Porcentaje)",F035.CPRIPSFL.V12.R.CLP.2018.Z.Z.BND.01.0.A,Bienes no durables,A,01,Tarapacá,Z,Total regional (sin desglose sectorial),Cuentas Nacionales (PIB y Consumo),Porcentaje (%)
Regionales,"Consumo de hogares e IPSFL, Región de Tarapacá, contribución porcentual respecto de igual periodo del año anterior, referencia 2018 (Porcentaje)",F035.CPRIPSFL.V12.R.CLP.2018.Z.Z.SER.01.0.A,Servicios,A,01,Tarapacá,Z,Total regional (sin desglose sectorial),Cuentas Nacionales (PIB y Consumo),Porcentaje (%)
Regionales,"Consumo de hogares e IPSFL, Región de Tarapacá, contribución porcentual respecto de igual periodo del año anterior, referencia 2018 (Porcentaje)",F035.CPRIPSFL.V12.R.CLP.2018.Z.Z.CONT.01.0.A,Consumo de hogares de IPSFL,A,01,Tarapacá,Z,Total regional (sin desglose sectorial),Cuentas Nacionales (PIB y Consumo),Porcentaje (%)
Regionales,"Consumo de hogares e IPSFL, Región de Antofagasta, contribución porcentual respecto de igual periodo del año anterior, referencia 2018 (Porcentaje)",F035.CPRIPSFL.V12.R.CLP.2018.Z.Z.BD.02.0.A,Bienes durables,A,02,Antofagasta,Z,Total regional (sin desglose sectorial),Cuentas Nacionales (PIB y Consumo),Porcentaje (%)
Regionales,"Consumo de hogares e IPSFL, Región de Antofagasta, contribución porcentual respecto de igual periodo del año anterior, referencia 2018 (Porcentaje)",F035.CPRIPSFL.V12.R.CLP.2018.Z.Z.BND.02.0.A,Bienes no durables,A,02,Antofagasta,Z,Total regional (sin desglose sectorial),Cuentas Nacionales (PIB y Consumo),Porcentaje (%)
Regionales,"Consumo de hogares e IPSFL, Región de Antofagasta, contribución porcentual respecto de igual periodo del año anterior, referencia 2018 (Porcentaje)",F035.CPRIPSFL.V12.R.CLP.2018.Z.Z.SER.02.0.A,Servicios,A,02,Antofagasta,Z,Total regional (sin desglose sectorial),Cuentas Nacionales (PIB y Consumo),Porcentaje (%)
Regionales,"Consumo de hogares e IPSFL, Región de Antofagasta, contribución porcentual respecto de igual periodo del año anterior, referencia 2018 (Porcentaje)",F035.CPRIPSFL.V12.R.CLP.2018.Z.Z.CONT.02.0.A,Consumo de hogares de IPSFL,A,02,Antofagasta,Z,Total regional (sin desglose sectorial),Cuentas Nacionales (PIB y Consumo),Porcentaje (%)
Regionales,"Consumo de hogares e IPSFL, Región de Atacama, contribución porcentual respecto de igual periodo del año anterior, referencia 2018 (Porcentaje)",F035.CPRIPSFL.V12.R.CLP.2018.Z.Z.BD.03.0.A,Bienes durables,A,03,Atacama,Z,Total regional (sin desglose sectorial),Cuentas Nacionales (PIB y Consumo),Porcentaje (%)
Regionales,"Consumo de hogares e IPSFL, Región de Atacama, contribución porcentual respecto de igual periodo del año anterior, referencia 2018 (Porcentaje)",F035.CPRIPSFL.V12.R.CLP.2018.Z.Z.BND.03.0.A,Bienes no durables,A,03,Atacama,Z,Total regional (sin desglose sectorial),Cuentas Nacionales (PIB y Consumo),Porcentaje (%)
Regionales,"Consumo de hogares e IPSFL, Región de Atacama, contribución porcentual respecto de igual periodo del año anterior, referencia 2018 (Porcentaje)",F035.CPRIPSFL.V12.R.CLP.2018.Z.Z.SER.03.0.A,Servicios,A,03,Atacama,Z,Total regional (sin desglose sectorial),Cuentas Nacionales (PIB y Consumo),Porcentaje (%)
Regionales,"Consumo de hogares e IPSFL, Región de Atacama, contribución porcentual respecto de igual periodo del año anterior, referencia 2018 (Porcentaje)",F035.CPRIPSFL.V12.R.CLP.2018.Z.Z.CONT.03.0.A,Consumo de hogares de IPSFL,A,03,Atacama,Z,Total regional (sin desglose sectorial),Cuentas Nacionales (PIB y Consumo),Porcentaje (%)
Regionales,"Consumo de hogares e IPSFL, Región de Coquimbo, contribución porcentual respecto de igual periodo del año anterior, referencia 2018 (Porcentaje)",F035.CPRIPSFL.V12.R.CLP.2018.Z.Z.BD.04.0.A,Bienes durables,A,04,Coquimbo,Z,Total regional (sin desglose sectorial),Cuentas Nacionales (PIB y Consumo),Porcentaje (%)
Regionales,"Consumo de hogares e IPSFL, Región de Coquimbo, contribución porcentual respecto de igual periodo del año anterior, referencia 2018 (Porcentaje)",F035.CPRIPSFL.V12.R.CLP.2018.Z.Z.BND.04.0.A,Bienes no durables,A,04,Coquimbo,Z,Total regional (sin desglose sectorial),Cuentas Nacionales (PIB y Consumo),Porcentaje (%)
Regionales,"Consumo de hogares e IPSFL, Región de Coquimbo, contribución porcentual respecto de igual periodo del año anterior, referencia 2018 (Porcentaje)",F035.CPRIPSFL.V12.R.CLP.2018.Z.Z.SER.04.0.A,Servicios,A,04,Coquimbo,Z,Total regional (sin desglose sectorial),Cuentas Nacionales (PIB y Consumo),Porcentaje (%)
Regionales,"Consumo de hogares e IPSFL, Región de Coquimbo, contribución porcentual respecto de igual periodo del año anterior, referencia 2018 (Porcentaje)",F035.CPRIPSFL.V12.R.CLP.2018.Z.Z.CONT.04.0.A,Consumo de hogares de IPSFL,A,04,Coquimbo,Z,Total regional (sin desglose sectorial),Cuentas Nacionales (PIB y Consumo),Porcentaje (%)
Regionales,"Consumo de hogares e IPSFL, Región de Valparaíso, contribución porcentual respecto de igual periodo del año anterior, referencia 2018 (Porcentaje)",F035.CPRIPSFL.V12.R.CLP.2018.Z.Z.BD.05.0.A,Bienes durables,A,05,Valparaíso,Z,Total regional (sin desglose sectorial),Cuentas Nacionales (PIB y Consumo),Porcentaje (%)
Regionales,"Consumo de hogares e IPSFL, Región de Valparaíso, contribución porcentual respecto de igual periodo del año anterior, referencia 2018 (Porcentaje)",F035.CPRIPSFL.V12.R.CLP.2018.Z.Z.BND.05.0.A,Bienes no durables,A,05,Valparaíso,Z,Total regional (sin desglose sectorial),Cuentas Nacionales (PIB y Consumo),Porcentaje (%)
Regionales,"Consumo de hogares e IPSFL, Región de Valparaíso, contribución porcentual respecto de igual periodo del año anterior, referencia 2018 (Porcentaje)",F035.CPRIPSFL.V12.R.CLP.2018.Z.Z.SER.05.0.A,Servicios,A,05,Valparaíso,Z,Total regional (sin desglose sectorial),Cuentas Nacionales (PIB y Consumo),Porcentaje (%)
Regionales,"Consumo de hogares e IPSFL, Región de Valparaíso, contribución porcentual respecto de igual periodo del año anterior, referencia 2018 (Porcentaje)",F035.CPRIPSFL.V12.R.CLP.2018.Z.Z.CONT.05.0.A,Consumo de hogares de IPSFL,A,05,Valparaíso,Z,Total regional (sin desglose sectorial),Cuentas Nacionales (PIB y Consumo),Porcentaje (%)
Regionales,"Consumo de hogares e IPSFL, Región Metropolitana de Santiago, contribución porcentual respecto de igual periodo del año anterior, referencia 2018 (Porcentaje)",F035.CPRIPSFL.V12.R.CLP.2018.Z.Z.BD.13.0.A,Bienes durables,A,13,Metropolitana de Santiago,Z,Total regional (sin desglose sectorial),Cuentas Nacionales (PIB y Consumo),Porcentaje (%)
Regionales,"Consumo de hogares e IPSFL, Región Metropolitana de Santiago, contribución porcentual respecto de igual periodo del año anterior, referencia 2018 (Porcentaje)",F035.CPRIPSFL.V12.R.CLP.2018.Z.Z.BND.13.0.A,Bienes no durables,A,13,Metropolitana de Santiago,Z,Total regional (sin desglose sectorial),Cuentas Nacionales (PIB y Consumo),Porcentaje (%)
Regionales,"Consumo de hogares e IPSFL, Región Metropolitana de Santiago, contribución porcentual respecto de igual periodo del año anterior, referencia 2018 (Porcentaje)",F035.CPRIPSFL.V12.R.CLP.2018.Z.Z.SER.13.0.A,Servicios,A,13,Metropolitana de Santiago,Z,Total regional (sin desglose sectorial),Cuentas Nacionales (PIB y Consumo),Porcentaje (%)
Regionales,"Consumo de hogares e IPSFL, Región Metropolitana de Santiago, contribución porcentual respecto de igual periodo del año anterior, referencia 2018 (Porcentaje)",F035.CPRIPSFL.V12.R.CLP.2018.Z.Z.CONT.13.0.A,Consumo de hogares de IPSFL,A,13,Metropolitana de Santiago,Z,Total regional (sin desglose sectorial),Cuentas Nacionales (PIB y Consumo),Porcentaje (%)
Regionales,"Consumo de hogares e IPSFL, Región de Libertador General Bernardo O`Higgins, contribución porcentual respecto de igual periodo del año anterior, referencia 2018 (Porcentaje)",F035.CPRIPSFL.V12.R.CLP.2018.Z.Z.BD.06.0.A,Bienes durables,A,06,O'Higgins,Z,Total regional (sin desglose sectorial),Cuentas Nacionales (PIB y Consumo),Porcentaje (%)
Regionales,"Consumo de hogares e IPSFL, Región de Libertador General Bernardo O`Higgins, contribución porcentual respecto de igual periodo del año anterior, referencia 2018 (Porcentaje)",F035.CPRIPSFL.V12.R.CLP.2018.Z.Z.BND.06.0.A,Bienes no durables,A,06,O'Higgins,Z,Total regional (sin desglose sectorial),Cuentas Nacionales (PIB y Consumo),Porcentaje (%)
Regionales,"Consumo de hogares e IPSFL, Región de Libertador General Bernardo O`Higgins, contribución porcentual respecto de igual periodo del año anterior, referencia 2018 (Porcentaje)",F035.CPRIPSFL.V12.R.CLP.2018.Z.Z.SER.06.0.A,Servicios,A,06,O'Higgins,Z,Total regional (sin desglose sectorial),Cuentas Nacionales (PIB y Consumo),Porcentaje (%)
Regionales,"Consumo de hogares e IPSFL, Región de Libertador General Bernardo O`Higgins, contribución porcentual respecto de igual periodo del año anterior, referencia 2018 (Porcentaje)",F035.CPRIPSFL.V12.R.CLP.2018.Z.Z.CONT.06.0.A,Consumo de hogares de IPSFL,A,06,O'Higgins,Z,Total regional (sin desglose sectorial),Cuentas Nacionales (PIB y Consumo),Porcentaje (%)
Regionales,"Consumo de hogares e IPSFL, Región del Maule, contribución porcentual respecto de igual periodo del año anterior, referencia 2018 (Porcentaje)",F035.CPRIPSFL.V12.R.CLP.2018.Z.Z.BD.07.0.A,Bienes durables,A,07,Maule,Z,Total regional (sin desglose sectorial),Cuentas Nacionales (PIB y Consumo),Porcentaje (%)
Regionales,"Consumo de hogares e IPSFL, Región del Maule, contribución porcentual respecto de igual periodo del año anterior, referencia 2018 (Porcentaje)",F035.CPRIPSFL.V12.R.CLP.2018.Z.Z.BND.07.0.A,Bienes no durables,A,07,Maule,Z,Total regional (sin desglose sectorial),Cuentas Nacionales (PIB y Consumo),Porcentaje (%)
Regionales,"Consumo de hogares e IPSFL, Región del Maule, contribución porcentual respecto de igual periodo del año anterior, referencia 2018 (Porcentaje)",F035.CPRIPSFL.V12.R.CLP.2018.Z.Z.SER.07.0.A,Servicios,A,07,Maule,Z,Total regional (sin desglose sectorial),Cuentas Nacionales (PIB y Consumo),Porcentaje (%)
Regionales,"Consumo de hogares e IPSFL, Región del Maule, contribución porcentual respecto de igual periodo del año anterior, referencia 2018 (Porcentaje)",F035.CPRIPSFL.V12.R.CLP.2018.Z.Z.CONT.07.0.A,Consumo de hogares de IPSFL,A,07,Maule,Z,Total regional (sin desglose sectorial),Cuentas Nacionales (PIB y Consumo),Porcentaje (%)
Regionales,"Consumo de hogares e IPSFL, Región de Ñuble, contribución porcentual respecto de igual periodo del año anterior, referencia 2018 (Porcentaje)",F035.CPRIPSFL.V12.R.CLP.2018.Z.Z.BD.16.0.A,Bienes durables,A,16,Ñuble,Z,Total regional (sin desglose sectorial),Cuentas Nacionales (PIB y Consumo),Porcentaje (%)
Regionales,"Consumo de hogares e IPSFL, Región de Ñuble, contribución porcentual respecto de igual periodo del año anterior, referencia 2018 (Porcentaje)",F035.CPRIPSFL.V12.R.CLP.2018.Z.Z.BND.16.0.A,Bienes no durables,A,16,Ñuble,Z,Total regional (sin desglose sectorial),Cuentas Nacionales (PIB y Consumo),Porcentaje (%)
Regionales,"Consumo de hogares e IPSFL, Región de Ñuble, contribución porcentual respecto de igual periodo del año anterior, referencia 2018 (Porcentaje)",F035.CPRIPSFL.V12.R.CLP.2018.Z.Z.SER.16.0.A,Servicios,A,16,Ñuble,Z,Total regional (sin desglose sectorial),Cuentas Nacionales (PIB y Consumo),Porcentaje (%)
Regionales,"Consumo de hogares e IPSFL, Región de Ñuble, contribución porcentual respecto de igual periodo del año anterior, referencia 2018 (Porcentaje)",F035.CPRIPSFL.V12.R.CLP.2018.Z.Z.CONT.16.0.A,Consumo de hogares de IPSFL,A,16,Ñuble,Z,Total regional (sin desglose sectorial),Cuentas Nacionales (PIB y Consumo),Porcentaje (%)
Regionales,"Consumo de hogares e IPSFL, Región del Biobío, contribución porcentual respecto de igual periodo del año anterior, referencia 2018 (Porcentaje)",F035.CPRIPSFL.V12.R.CLP.2018.Z.Z.BD.08.0.A,Bienes durables,A,08,Biobío,Z,Total regional (sin desglose sectorial),Cuentas Nacionales (PIB y Consumo),Porcentaje (%)
Regionales,"Consumo de hogares e IPSFL, Región del Biobío, contribución porcentual respecto de igual periodo del año anterior, referencia 2018 (Porcentaje)",F035.CPRIPSFL.V12.R.CLP.2018.Z.Z.BND.08.0.A,Bienes no durables,A,08,Biobío,Z,Total regional (sin desglose sectorial),Cuentas Nacionales (PIB y Consumo),Porcentaje (%)
Regionales,"Consumo de hogares e IPSFL, Región del Biobío, contribución porcentual respecto de igual periodo del año anterior, referencia 2018 (Porcentaje)",F035.CPRIPSFL.V12.R.CLP.2018.Z.Z.SER.08.0.A,Servicios,A,08,Biobío,Z,Total regional (sin desglose sectorial),Cuentas Nacionales (PIB y Consumo),Porcentaje (%)
Regionales,"Consumo de hogares e IPSFL, Región del Biobío, contribución porcentual respecto de igual periodo del año anterior, referencia 2018 (Porcentaje)",F035.CPRIPSFL.V12.R.CLP.2018.Z.Z.CONT.08.0.A,Consumo de hogares de IPSFL,A,08,Biobío,Z,Total regional (sin desglose sectorial),Cuentas Nacionales (PIB y Consumo),Porcentaje (%)
Regionales,"Consumo de hogares e IPSFL, Región de la Araucanía, contribución porcentual respecto de igual periodo del año anterior, referencia 2018 (Porcentaje)",F035.CPRIPSFL.V12.R.CLP.2018.Z.Z.BD.09.0.A,Bienes durables,A,09,La Araucanía,Z,Total regional (sin desglose sectorial),Cuentas Nacionales (PIB y Consumo),Porcentaje (%)
Regionales,"Consumo de hogares e IPSFL, Región de la Araucanía, contribución porcentual respecto de igual periodo del año anterior, referencia 2018 (Porcentaje)",F035.CPRIPSFL.V12.R.CLP.2018.Z.Z.BND.09.0.A,Bienes no durables,A,09,La Araucanía,Z,Total regional (sin desglose sectorial),Cuentas Nacionales (PIB y Consumo),Porcentaje (%)
Regionales,"Consumo de hogares e IPSFL, Región de la Araucanía, contribución porcentual respecto de igual periodo del año anterior, referencia 2018 (Porcentaje)",F035.CPRIPSFL.V12.R.CLP.2018.Z.Z.SER.09.0.A,Servicios,A,09,La Araucanía,Z,Total regional (sin desglose sectorial),Cuentas Nacionales (PIB y Consumo),Porcentaje (%)
Regionales,"Consumo de hogares e IPSFL, Región de la Araucanía, contribución porcentual respecto de igual periodo del año anterior, referencia 2018 (Porcentaje)",F035.CPRIPSFL.V12.R.CLP.2018.Z.Z.CONT.09.0.A,Consumo de hogares de IPSFL,A,09,La Araucanía,Z,Total regional (sin desglose sectorial),Cuentas Nacionales (PIB y Consumo),Porcentaje (%)
Regionales,"Consumo de hogares e IPSFL, Región de Los Ríos, contribución porcentual respecto de igual periodo del año anterior, referencia 2018 (Porcentaje)",F035.CPRIPSFL.V12.R.CLP.2018.Z.Z.BD.14.0.A,Bienes durables,A,14,Los Ríos,Z,Total regional (sin desglose sectorial),Cuentas Nacionales (PIB y Consumo),Porcentaje (%)
Regionales,"Consumo de hogares e IPSFL, Región de Los Ríos, contribución porcentual respecto de igual periodo del año anterior, referencia 2018 (Porcentaje)",F035.CPRIPSFL.V12.R.CLP.2018.Z.Z.BND.14.0.A,Bienes no durables,A,14,Los Ríos,Z,Total regional (sin desglose sectorial),Cuentas Nacionales (PIB y Consumo),Porcentaje (%)
Regionales,"Consumo de hogares e IPSFL, Región de Los Ríos, contribución porcentual respecto de igual periodo del año anterior, referencia 2018 (Porcentaje)",F035.CPRIPSFL.V12.R.CLP.2018.Z.Z.SER.14.0.A,Servicios,A,14,Los Ríos,Z,Total regional (sin desglose sectorial),Cuentas Nacionales (PIB y Consumo),Porcentaje (%)
Regionales,"Consumo de hogares e IPSFL, Región de Los Ríos, contribución porcentual respecto de igual periodo del año anterior, referencia 2018 (Porcentaje)",F035.CPRIPSFL.V12.R.CLP.2018.Z.Z.CONT.14.0.A,Consumo de hogares de IPSFL,A,14,Los Ríos,Z,Total regional (sin desglose sectorial),Cuentas Nacionales (PIB y Consumo),Porcentaje (%)
Regionales,"Consumo de hogares e IPSFL, Región de Los Lagos, contribución porcentual respecto de igual periodo del año anterior, referencia 2018 (Porcentaje)",F035.CPRIPSFL.V12.R.CLP.2018.Z.Z.BD.10.0.A,Bienes durables,A,10,Los Lagos,Z,Total regional (sin desglose sectorial),Cuentas Nacionales (PIB y Consumo),Porcentaje (%)
Regionales,"Consumo de hogares e IPSFL, Región de Los Lagos, contribución porcentual respecto de igual periodo del año anterior, referencia 2018 (Porcentaje)",F035.CPRIPSFL.V12.R.CLP.2018.Z.Z.BND.10.0.A,Bienes no durables,A,10,Los Lagos,Z,Total regional (sin desglose sectorial),Cuentas Nacionales (PIB y Consumo),Porcentaje (%)
Regionales,"Consumo de hogares e IPSFL, Región de Los Lagos, contribución porcentual respecto de igual periodo del año anterior, referencia 2018 (Porcentaje)",F035.CPRIPSFL.V12.R.CLP.2018.Z.Z.SER.10.0.A,Servicios,A,10,Los Lagos,Z,Total regional (sin desglose sectorial),Cuentas Nacionales (PIB y Consumo),Porcentaje (%)
Regionales,"Consumo de hogares e IPSFL, Región de Los Lagos, contribución porcentual respecto de igual periodo del año anterior, referencia 2018 (Porcentaje)",F035.CPRIPSFL.V12.R.CLP.2018.Z.Z.CONT.10.0.A,Consumo de hogares de IPSFL,A,10,Los Lagos,Z,Total regional (sin desglose sectorial),Cuentas Nacionales (PIB y Consumo),Porcentaje (%)
Regionales,"Consumo de hogares e IPSFL, Región de Aysén del General Carlos Ibáñez del Campo, contribución porcentual respecto de igual periodo del año anterior, referencia 2018 (Porcentaje)",F035.CPRIPSFL.V12.R.CLP.2018.Z.Z.BD.11.0.A,Bienes durables,A,11,Aysén,Z,Total regional (sin desglose sectorial),Cuentas Nacionales (PIB y Consumo),Porcentaje (%)
Regionales,"Consumo de hogares e IPSFL, Región de Aysén del General Carlos Ibáñez del Campo, contribución porcentual respecto de igual periodo del año anterior, referencia 2018 (Porcentaje)",F035.CPRIPSFL.V12.R.CLP.2018.Z.Z.BND.11.0.A,Bienes no durables,A,11,Aysén,Z,Total regional (sin desglose sectorial),Cuentas Nacionales (PIB y Consumo),Porcentaje (%)
Regionales,"Consumo de hogares e IPSFL, Región de Aysén del General Carlos Ibáñez del Campo, contribución porcentual respecto de igual periodo del año anterior, referencia 2018 (Porcentaje)",F035.CPRIPSFL.V12.R.CLP.2018.Z.Z.SER.11.0.A,Servicios,A,11,Aysén,Z,Total regional (sin desglose sectorial),Cuentas Nacionales (PIB y Consumo),Porcentaje (%)
Regionales,"Consumo de hogares e IPSFL, Región de Aysén del General Carlos Ibáñez del Campo, contribución porcentual respecto de igual periodo del año anterior, referencia 2018 (Porcentaje)",F035.CPRIPSFL.V12.R.CLP.2018.Z.Z.CONT.11.0.A,Consumo de hogares de IPSFL,A,11,Aysén,Z,Total regional (sin desglose sectorial),Cuentas Nacionales (PIB y Consumo),Porcentaje (%)
Regionales,"Consumo de hogares e IPSFL, Región de Magallanes y de la Antártica Chilena, contribución porcentual respecto de igual periodo del año anterior, referencia 2018 (Porcentaje)",F035.CPRIPSFL.V12.R.CLP.2018.Z.Z.BD.12.0.A,Bienes durables,A,12,Magallanes,Z,Total regional (sin desglose sectorial),Cuentas Nacionales (PIB y Consumo),Porcentaje (%)
Regionales,"Consumo de hogares e IPSFL, Región de Magallanes y de la Antártica Chilena, contribución porcentual respecto de igual periodo del año anterior, referencia 2018 (Porcentaje)",F035.CPRIPSFL.V12.R.CLP.2018.Z.Z.BND.12.0.A,Bienes no durables,A,12,Magallanes,Z,Total regional (sin desglose sectorial),Cuentas Nacionales (PIB y Consumo),Porcentaje (%)
Regionales,"Consumo de hogares e IPSFL, Región de Magallanes y de la Antártica Chilena, contribución porcentual respecto de igual periodo del año anterior, referencia 2018 (Porcentaje)",F035.CPRIPSFL.V12.R.CLP.2018.Z.Z.SER.12.0.A,Servicios,A,12,Magallanes,Z,Total regional (sin desglose sectorial),Cuentas Nacionales (PIB y Consumo),Porcentaje (%)
Regionales,"Consumo de hogares e IPSFL, Región de Magallanes y de la Antártica Chilena, contribución porcentual respecto de igual periodo del año anterior, referencia 2018 (Porcentaje)",F035.CPRIPSFL.V12.R.CLP.2018.Z.Z.CONT.12.0.A,Consumo de hogares de IPSFL,A,12,Magallanes,Z,Total regional (sin desglose sectorial),Cuentas Nacionales (PIB y Consumo),Porcentaje (%)
Regionales,"Exportación de bienes por región, trimestral, volumen a precios del año anterior encadenado, referencia 2018 (miles de millones de pesos encadenados)",F035.XBI.FLU.R.CLP.2018.Z.Z.Z.15.0.T,Región de Arica y Parinacota,T,15,Arica y Parinacota,Z,Total regional (sin desglose sectorial),Otros Indicadores Regionales,Pesos Chilenos (CLP)
Regionales,"Exportación de bienes por región, trimestral, volumen a precios del año anterior encadenado, referencia 2018 (miles de millones de pesos encadenados)",F035.XBI.FLU.R.CLP.2018.Z.Z.Z.01.0.T,Región de Tarapacá,T,01,Tarapacá,Z,Total regional (sin desglose sectorial),Otros Indicadores Regionales,Pesos Chilenos (CLP)
Regionales,"Exportación de bienes por región, trimestral, volumen a precios del año anterior encadenado, referencia 2018 (miles de millones de pesos encadenados)",F035.XBI.FLU.R.CLP.2018.Z.Z.Z.02.0.T,Región de Antofagasta,T,02,Antofagasta,Z,Total regional (sin desglose sectorial),Otros Indicadores Regionales,Pesos Chilenos (CLP)
Regionales,"Exportación de bienes por región, trimestral, volumen a precios del año anterior encadenado, referencia 2018 (miles de millones de pesos encadenados)",F035.XBI.FLU.R.CLP.2018.Z.Z.Z.03.0.T,Región de Atacama,T,03,Atacama,Z,Total regional (sin desglose sectorial),Otros Indicadores Regionales,Pesos Chilenos (CLP)
Regionales,"Exportación de bienes por región, trimestral, volumen a precios del año anterior encadenado, referencia 2018 (miles de millones de pesos encadenados)",F035.XBI.FLU.R.CLP.2018.Z.Z.Z.04.0.T,Región de Coquimbo,T,04,Coquimbo,Z,Total regional (sin desglose sectorial),Otros Indicadores Regionales,Pesos Chilenos (CLP)
Regionales,"Exportación de bienes por región, trimestral, volumen a precios del año anterior encadenado, referencia 2018 (miles de millones de pesos encadenados)",F035.XBI.FLU.R.CLP.2018.Z.Z.Z.05.0.T,Región de Valparaíso,T,05,Valparaíso,Z,Total regional (sin desglose sectorial),Otros Indicadores Regionales,Pesos Chilenos (CLP)
Regionales,"Exportación de bienes por región, trimestral, volumen a precios del año anterior encadenado, referencia 2018 (miles de millones de pesos encadenados)",F035.XBI.FLU.R.CLP.2018.Z.Z.Z.13.0.T,Región Metropolitana de Santiago,T,13,Metropolitana de Santiago,Z,Total regional (sin desglose sectorial),Otros Indicadores Regionales,Pesos Chilenos (CLP)
Regionales,"Exportación de bienes por región, trimestral, volumen a precios del año anterior encadenado, referencia 2018 (miles de millones de pesos encadenados)",F035.XBI.FLU.R.CLP.2018.Z.Z.Z.06.0.T,Región del Libertador General Bernardo OHiggins,T,06,O'Higgins,Z,Total regional (sin desglose sectorial),Otros Indicadores Regionales,Pesos Chilenos (CLP)
Regionales,"Exportación de bienes por región, trimestral, volumen a precios del año anterior encadenado, referencia 2018 (miles de millones de pesos encadenados)",F035.XBI.FLU.R.CLP.2018.Z.Z.Z.07.0.T,Región de Maule,T,07,Maule,Z,Total regional (sin desglose sectorial),Otros Indicadores Regionales,Pesos Chilenos (CLP)
Regionales,"Exportación de bienes por región, trimestral, volumen a precios del año anterior encadenado, referencia 2018 (miles de millones de pesos encadenados)",F035.XBI.FLU.R.CLP.2018.Z.Z.Z.16.0.T,Región de Ñuble,T,16,Ñuble,Z,Total regional (sin desglose sectorial),Otros Indicadores Regionales,Pesos Chilenos (CLP)
Regionales,"Exportación de bienes por región, trimestral, volumen a precios del año anterior encadenado, referencia 2018 (miles de millones de pesos encadenados)",F035.XBI.FLU.R.CLP.2018.Z.Z.Z.08.0.T,Región del Biobío,T,08,Biobío,Z,Total regional (sin desglose sectorial),Otros Indicadores Regionales,Pesos Chilenos (CLP)
Regionales,"Exportación de bienes por región, trimestral, volumen a precios del año anterior encadenado, referencia 2018 (miles de millones de pesos encadenados)",F035.XBI.FLU.R.CLP.2018.Z.Z.Z.09.0.T,Región de La Araucanía,T,09,La Araucanía,Z,Total regional (sin desglose sectorial),Otros Indicadores Regionales,Pesos Chilenos (CLP)
Regionales,"Exportación de bienes por región, trimestral, volumen a precios del año anterior encadenado, referencia 2018 (miles de millones de pesos encadenados)",F035.XBI.FLU.R.CLP.2018.Z.Z.Z.14.0.T,Región de Los Ríos,T,14,Los Ríos,Z,Total regional (sin desglose sectorial),Otros Indicadores Regionales,Pesos Chilenos (CLP)
Regionales,"Exportación de bienes por región, trimestral, volumen a precios del año anterior encadenado, referencia 2018 (miles de millones de pesos encadenados)",F035.XBI.FLU.R.CLP.2018.Z.Z.Z.10.0.T,Región de Los Lagos,T,10,Los Lagos,Z,Total regional (sin desglose sectorial),Otros Indicadores Regionales,Pesos Chilenos (CLP)
Regionales,"Exportación de bienes por región, trimestral, volumen a precios del año anterior encadenado, referencia 2018 (miles de millones de pesos encadenados)",F035.XBI.FLU.R.CLP.2018.Z.Z.Z.11.0.T,Región de Aysén del General Carlos Ibáñez del Campo,T,11,Aysén,Z,Total regional (sin desglose sectorial),Otros Indicadores Regionales,Pesos Chilenos (CLP)
Regionales,"Exportación de bienes por región, trimestral, volumen a precios del año anterior encadenado, referencia 2018 (miles de millones de pesos encadenados)",F035.XBI.FLU.R.CLP.2018.Z.Z.Z.12.0.T,Región de Magallanes y de la Antártica Chilena,T,12,Magallanes,Z,Total regional (sin desglose sectorial),Otros Indicadores Regionales,Pesos Chilenos (CLP)
Regionales,"Exportación de bienes por región, trimestral, volumen a precios del año anterior encadenado, referencia 2018 (miles de millones de pesos encadenados)",F035.XBI.FLU.R.CLP.2018.Z.Z.Z.98.0.T,Subtotal regionalizado,T,Nacional,Total Nacional,Z,Total regional (sin desglose sectorial),Otros Indicadores Regionales,Pesos Chilenos (CLP)
Regionales,"Exportación de bienes por región, trimestral, volumen a precios del año anterior encadenado, referencia 2018 (miles de millones de pesos encadenados)",F035.XBI.FLU.R.CLP.2018.Z.Z.Z.99.0.T,Extrarregional,T,Nacional,Total Nacional,Z,Total regional (sin desglose sectorial),Otros Indicadores Regionales,Pesos Chilenos (CLP)
Regionales,"Exportación de bienes por región, trimestral, volumen a precios del año anterior encadenado, referencia 2018 (miles de millones de pesos encadenados)",F035.XBI.FLU.R.CLP.2018.Z.Z.Z.Z.0.T,Exportación Bienes,T,Nacional,Total Nacional,Z,Total regional (sin desglose sectorial),Otros Indicadores Regionales,Pesos Chilenos (CLP)
Regionales,"Exportación de bienes por región, trimestral, contribución porcentual respecto de igual periodo del año anterior, referencia 2018",F035.XBI.V12.R.Z.2018.Z.Z.Z.15.0.T,Región de Arica y Parinacota,T,15,Arica y Parinacota,Z,Total regional (sin desglose sectorial),Otros Indicadores Regionales,No Especificada
Regionales,"Exportación de bienes por región, trimestral, contribución porcentual respecto de igual periodo del año anterior, referencia 2018",F035.XBI.V12.R.Z.2018.Z.Z.Z.01.0.T,Región de Tarapacá,T,01,Tarapacá,Z,Total regional (sin desglose sectorial),Otros Indicadores Regionales,No Especificada
Regionales,"Exportación de bienes por región, trimestral, contribución porcentual respecto de igual periodo del año anterior, referencia 2018",F035.XBI.V12.R.Z.2018.Z.Z.Z.02.0.T,Región de Antofagasta,T,02,Antofagasta,Z,Total regional (sin desglose sectorial),Otros Indicadores Regionales,No Especificada
Regionales,"Exportación de bienes por región, trimestral, contribución porcentual respecto de igual periodo del año anterior, referencia 2018",F035.XBI.V12.R.Z.2018.Z.Z.Z.03.0.T,Región de Atacama,T,03,Atacama,Z,Total regional (sin desglose sectorial),Otros Indicadores Regionales,No Especificada
Regionales,"Exportación de bienes por región, trimestral, contribución porcentual respecto de igual periodo del año anterior, referencia 2018",F035.XBI.V12.R.Z.2018.Z.Z.Z.04.0.T,Región de Coquimbo,T,04,Coquimbo,Z,Total regional (sin desglose sectorial),Otros Indicadores Regionales,No Especificada
Regionales,"Exportación de bienes por región, trimestral, contribución porcentual respecto de igual periodo del año anterior, referencia 2018",F035.XBI.V12.R.Z.2018.Z.Z.Z.05.0.T,Región de Valparaíso,T,05,Valparaíso,Z,Total regional (sin desglose sectorial),Otros Indicadores Regionales,No Especificada
Regionales,"Exportación de bienes por región, trimestral, contribución porcentual respecto de igual periodo del año anterior, referencia 2018",F035.XBI.V12.R.Z.2018.Z.Z.Z.13.0.T,Región Metropolitana de Santiago,T,13,Metropolitana de Santiago,Z,Total regional (sin desglose sectorial),Otros Indicadores Regionales,No Especificada
Regionales,"Exportación de bienes por región, trimestral, contribución porcentual respecto de igual periodo del año anterior, referencia 2018",F035.XBI.V12.R.Z.2018.Z.Z.Z.06.0.T,Región del Libertador General Bernardo OHiggins,T,06,O'Higgins,Z,Total regional (sin desglose sectorial),Otros Indicadores Regionales,No Especificada
Regionales,"Exportación de bienes por región, trimestral, contribución porcentual respecto de igual periodo del año anterior, referencia 2018",F035.XBI.V12.R.Z.2018.Z.Z.Z.07.0.T,Región de Maule,T,07,Maule,Z,Total regional (sin desglose sectorial),Otros Indicadores Regionales,No Especificada
Regionales,"Exportación de bienes por región, trimestral, contribución porcentual respecto de igual periodo del año anterior, referencia 2018",F035.XBI.V12.R.Z.2018.Z.Z.Z.16.0.T,Región de Ñuble,T,16,Ñuble,Z,Total regional (sin desglose sectorial),Otros Indicadores Regionales,No Especificada
Regionales,"Exportación de bienes por región, trimestral, contribución porcentual respecto de igual periodo del año anterior, referencia 2018",F035.XBI.V12.R.Z.2018.Z.Z.Z.08.0.T,Región del Biobío,T,08,Biobío,Z,Total regional (sin desglose sectorial),Otros Indicadores Regionales,No Especificada
Regionales,"Exportación de bienes por región, trimestral, contribución porcentual respecto de igual periodo del año anterior, referencia 2018",F035.XBI.V12.R.Z.2018.Z.Z.Z.09.0.T,Región de La Araucanía,T,09,La Araucanía,Z,Total regional (sin desglose sectorial),Otros Indicadores Regionales,No Especificada
Regionales,"Exportación de bienes por región, trimestral, contribución porcentual respecto de igual periodo del año anterior, referencia 2018",F035.XBI.V12.R.Z.2018.Z.Z.Z.14.0.T,Región de Los Ríos,T,14,Los Ríos,Z,Total regional (sin desglose sectorial),Otros Indicadores Regionales,No Especificada
Regionales,"Exportación de bienes por región, trimestral, contribución porcentual respecto de igual periodo del año anterior, referencia 2018",F035.XBI.V12.R.Z.2018.Z.Z.Z.10.0.T,Región de Los Lagos,T,10,Los Lagos,Z,Total regional (sin desglose sectorial),Otros Indicadores Regionales,No Especificada
Regionales,"Exportación de bienes por región, trimestral, contribución porcentual respecto de igual periodo del año anterior, referencia 2018",F035.XBI.V12.R.Z.2018.Z.Z.Z.11.0.T,Región de Aysén del General Carlos Ibáñez del Campo,T,11,Aysén,Z,Total regional (sin desglose sectorial),Otros Indicadores Regionales,No Especificada
Regionales,"Exportación de bienes por región, trimestral, contribución porcentual respecto de igual periodo del año anterior, referencia 2018",F035.XBI.V12.R.Z.2018.Z.Z.Z.12.0.T,Región de Magallanes y de la Antártica Chilena,T,12,Magallanes,Z,Total regional (sin desglose sectorial),Otros Indicadores Regionales,No Especificada
Regionales,"Exportación de bienes por región, trimestral, contribución porcentual respecto de igual periodo del año anterior, referencia 2018",F035.XBI.V12.R.Z.2018.Z.Z.Z.98.0.T,Subtotal regionalizado,T,Nacional,Total Nacional,Z,Total regional (sin desglose sectorial),Otros Indicadores Regionales,No Especificada
Regionales,"Exportación de bienes por región, trimestral, contribución porcentual respecto de igual periodo del año anterior, referencia 2018",F035.XBI.V12.R.Z.2018.Z.Z.Z.99.0.T,Extrarregional,T,Nacional,Total Nacional,Z,Total regional (sin desglose sectorial),Otros Indicadores Regionales,No Especificada
Regionales,"Exportación de bienes por región, trimestral, contribución porcentual respecto de igual periodo del año anterior, referencia 2018",F035.XBI.V12.R.Z.2018.Z.Z.Z.Z.0.T,Exportación Bienes,T,Nacional,Total Nacional,Z,Total regional (sin desglose sectorial),Otros Indicadores Regionales,No Especificada
Regionales,"Exportación de bienes y servicios, anual, a precios corrientes, referencia 2018 (miles de millones de pesos)",F035.XSE.FLU.N.CLP.2018.Z.Z.Z.15.0.A,Región de Arica y Parinacota,A,15,Arica y Parinacota,Z,Total regional (sin desglose sectorial),Finanzas y Sistema Financiero Regional,Pesos Chilenos (CLP)
Regionales,"Exportación de bienes y servicios, anual, a precios corrientes, referencia 2018 (miles de millones de pesos)",F035.XSE.FLU.N.CLP.2018.Z.Z.Z.01.0.A,Región de Tarapacá,A,01,Tarapacá,Z,Total regional (sin desglose sectorial),Finanzas y Sistema Financiero Regional,Pesos Chilenos (CLP)
Regionales,"Exportación de bienes y servicios, anual, a precios corrientes, referencia 2018 (miles de millones de pesos)",F035.XSE.FLU.N.CLP.2018.Z.Z.Z.02.0.A,Región de Antofagasta,A,02,Antofagasta,Z,Total regional (sin desglose sectorial),Finanzas y Sistema Financiero Regional,Pesos Chilenos (CLP)
Regionales,"Exportación de bienes y servicios, anual, a precios corrientes, referencia 2018 (miles de millones de pesos)",F035.XSE.FLU.N.CLP.2018.Z.Z.Z.03.0.A,Región de Atacama,A,03,Atacama,Z,Total regional (sin desglose sectorial),Finanzas y Sistema Financiero Regional,Pesos Chilenos (CLP)
Regionales,"Exportación de bienes y servicios, anual, a precios corrientes, referencia 2018 (miles de millones de pesos)",F035.XSE.FLU.N.CLP.2018.Z.Z.Z.04.0.A,Región de Coquimbo,A,04,Coquimbo,Z,Total regional (sin desglose sectorial),Finanzas y Sistema Financiero Regional,Pesos Chilenos (CLP)
Regionales,"Exportación de bienes y servicios, anual, a precios corrientes, referencia 2018 (miles de millones de pesos)",F035.XSE.FLU.N.CLP.2018.Z.Z.Z.05.0.A,Región de Valparaíso,A,05,Valparaíso,Z,Total regional (sin desglose sectorial),Finanzas y Sistema Financiero Regional,Pesos Chilenos (CLP)
Regionales,"Exportación de bienes y servicios, anual, a precios corrientes, referencia 2018 (miles de millones de pesos)",F035.XSE.FLU.N.CLP.2018.Z.Z.Z.13.0.A,Región Metropolitana de Santiago,A,13,Metropolitana de Santiago,Z,Total regional (sin desglose sectorial),Finanzas y Sistema Financiero Regional,Pesos Chilenos (CLP)
Regionales,"Exportación de bienes y servicios, anual, a precios corrientes, referencia 2018 (miles de millones de pesos)",F035.XSE.FLU.N.CLP.2018.Z.Z.Z.06.0.A,Región del Libertador General Bernardo OHiggins,A,06,O'Higgins,Z,Total regional (sin desglose sectorial),Finanzas y Sistema Financiero Regional,Pesos Chilenos (CLP)
Regionales,"Exportación de bienes y servicios, anual, a precios corrientes, referencia 2018 (miles de millones de pesos)",F035.XSE.FLU.N.CLP.2018.Z.Z.Z.07.0.A,Región de Maule,A,07,Maule,Z,Total regional (sin desglose sectorial),Finanzas y Sistema Financiero Regional,Pesos Chilenos (CLP)
Regionales,"Exportación de bienes y servicios, anual, a precios corrientes, referencia 2018 (miles de millones de pesos)",F035.XSE.FLU.N.CLP.2018.Z.Z.Z.16.0.A,Región de Ñuble,A,16,Ñuble,Z,Total regional (sin desglose sectorial),Finanzas y Sistema Financiero Regional,Pesos Chilenos (CLP)
Regionales,"Exportación de bienes y servicios, anual, a precios corrientes, referencia 2018 (miles de millones de pesos)",F035.XSE.FLU.N.CLP.2018.Z.Z.Z.08.0.A,Región del Biobío,A,08,Biobío,Z,Total regional (sin desglose sectorial),Finanzas y Sistema Financiero Regional,Pesos Chilenos (CLP)
Regionales,"Exportación de bienes y servicios, anual, a precios corrientes, referencia 2018 (miles de millones de pesos)",F035.XSE.FLU.N.CLP.2018.Z.Z.Z.09.0.A,Región de La Araucanía,A,09,La Araucanía,Z,Total regional (sin desglose sectorial),Finanzas y Sistema Financiero Regional,Pesos Chilenos (CLP)
Regionales,"Exportación de bienes y servicios, anual, a precios corrientes, referencia 2018 (miles de millones de pesos)",F035.XSE.FLU.N.CLP.2018.Z.Z.Z.14.0.A,Región de Los Ríos,A,14,Los Ríos,Z,Total regional (sin desglose sectorial),Finanzas y Sistema Financiero Regional,Pesos Chilenos (CLP)
Regionales,"Exportación de bienes y servicios, anual, a precios corrientes, referencia 2018 (miles de millones de pesos)",F035.XSE.FLU.N.CLP.2018.Z.Z.Z.10.0.A,Región de Los Lagos,A,10,Los Lagos,Z,Total regional (sin desglose sectorial),Finanzas y Sistema Financiero Regional,Pesos Chilenos (CLP)
Regionales,"Exportación de bienes y servicios, anual, a precios corrientes, referencia 2018 (miles de millones de pesos)",F035.XSE.FLU.N.CLP.2018.Z.Z.Z.11.0.A,Región de Aysén del General Carlos Ibáñez del Campo,A,11,Aysén,Z,Total regional (sin desglose sectorial),Finanzas y Sistema Financiero Regional,Pesos Chilenos (CLP)
Regionales,"Exportación de bienes y servicios, anual, a precios corrientes, referencia 2018 (miles de millones de pesos)",F035.XSE.FLU.N.CLP.2018.Z.Z.Z.12.0.A,Región de Magallanes y de la Antártica Chilena,A,12,Magallanes,Z,Total regional (sin desglose sectorial),Finanzas y Sistema Financiero Regional,Pesos Chilenos (CLP)
Regionales,"Exportación de bienes y servicios, anual, a precios corrientes, referencia 2018 (miles de millones de pesos)",F035.XSE.FLU.N.CLP.2018.Z.Z.Z.98.0.A,Subtotal regionalizado,A,Nacional,Total Nacional,Z,Total regional (sin desglose sectorial),Finanzas y Sistema Financiero Regional,Pesos Chilenos (CLP)
Regionales,"Exportación de bienes y servicios, anual, a precios corrientes, referencia 2018 (miles de millones de pesos)",F035.XSE.FLU.N.CLP.2018.Z.Z.Z.99.0.A,Extrarregional,A,Nacional,Total Nacional,Z,Total regional (sin desglose sectorial),Finanzas y Sistema Financiero Regional,Pesos Chilenos (CLP)
Regionales,"Exportación de bienes y servicios, anual, a precios corrientes, referencia 2018 (miles de millones de pesos)",F035.XSE.FLU.N.CLP.2018.Z.Z.Z.Z.0.A,Exportaciones de Bienes y Servicios,A,Nacional,Total Nacional,Z,Total regional (sin desglose sectorial),Finanzas y Sistema Financiero Regional,Pesos Chilenos (CLP)
Regionales,"Componentes de las exportaciones Región de Arica y Parinacota , anual, a precios corrientes, referencia 2018 (miles de millones de pesos)",F035.XSE.FLU.N.CLP.2018.XBI.Z.Z.15.0.A,Exportación Bienes,A,15,Arica y Parinacota,XBI,Exportaciones de bienes,Finanzas y Sistema Financiero Regional,Pesos Chilenos (CLP)
Regionales,"Componentes de las exportaciones Región de Arica y Parinacota , anual, a precios corrientes, referencia 2018 (miles de millones de pesos)",F035.XSE.FLU.N.CLP.2018.102.Z.Z.15.0.A,Agropecuario-Silvícola-Pesca,A,15,Arica y Parinacota,102,Agropecuario-silvícola-pesca,Finanzas y Sistema Financiero Regional,Pesos Chilenos (CLP)
Regionales,"Componentes de las exportaciones Región de Arica y Parinacota , anual, a precios corrientes, referencia 2018 (miles de millones de pesos)",F035.XSE.FLU.N.CLP.2018.03.Z.Z.15.0.A,Minería,A,15,Arica y Parinacota,03,Minería,Finanzas y Sistema Financiero Regional,Pesos Chilenos (CLP)
Regionales,"Componentes de las exportaciones Región de Arica y Parinacota , anual, a precios corrientes, referencia 2018 (miles de millones de pesos)",F035.XSE.FLU.N.CLP.2018.04.Z.Z.15.0.A,Industria,A,15,Arica y Parinacota,04,Industria,Finanzas y Sistema Financiero Regional,Pesos Chilenos (CLP)
Regionales,"Componentes de las exportaciones Región de Arica y Parinacota , anual, a precios corrientes, referencia 2018 (miles de millones de pesos)",F035.XSE.FLU.N.CLP.2018.XBS.Z.Z.15.0.A,Exportación Servicios,A,15,Arica y Parinacota,XBS,Exportaciones de servicios,Finanzas y Sistema Financiero Regional,Pesos Chilenos (CLP)
Regionales,"Componentes de las exportaciones Región de Tarapacá, anual, a precios corrientes, referencia 2018 (miles de millones de pesos)",F035.XSE.FLU.N.CLP.2018.XBI.Z.Z.01.0.A,Exportación Bienes,A,01,Tarapacá,XBI,Exportaciones de bienes,Finanzas y Sistema Financiero Regional,Pesos Chilenos (CLP)
Regionales,"Componentes de las exportaciones Región de Tarapacá, anual, a precios corrientes, referencia 2018 (miles de millones de pesos)",F035.XSE.FLU.N.CLP.2018.102.Z.Z.01.0.A,Agropecuario-Silvícola-Pesca,A,01,Tarapacá,102,Agropecuario-silvícola-pesca,Finanzas y Sistema Financiero Regional,Pesos Chilenos (CLP)
Regionales,"Componentes de las exportaciones Región de Tarapacá, anual, a precios corrientes, referencia 2018 (miles de millones de pesos)",F035.XSE.FLU.N.CLP.2018.03.Z.Z.01.0.A,Minería,A,01,Tarapacá,03,Minería,Finanzas y Sistema Financiero Regional,Pesos Chilenos (CLP)
Regionales,"Componentes de las exportaciones Región de Tarapacá, anual, a precios corrientes, referencia 2018 (miles de millones de pesos)",F035.XSE.FLU.N.CLP.2018.04.Z.Z.01.0.A,Industria,A,01,Tarapacá,04,Industria,Finanzas y Sistema Financiero Regional,Pesos Chilenos (CLP)
Regionales,"Componentes de las exportaciones Región de Tarapacá, anual, a precios corrientes, referencia 2018 (miles de millones de pesos)",F035.XSE.FLU.N.CLP.2018.XBS.Z.Z.01.0.A,Exportación Servicios,A,01,Tarapacá,XBS,Exportaciones de servicios,Finanzas y Sistema Financiero Regional,Pesos Chilenos (CLP)
Regionales,"Componentes de las exportaciones Región de Antofagasta, anual, a precios corrientes, referencia 2018 (miles de millones de pesos)",F035.XSE.FLU.N.CLP.2018.XBI.Z.Z.02.0.A,Exportación Bienes,A,02,Antofagasta,XBI,Exportaciones de bienes,Finanzas y Sistema Financiero Regional,Pesos Chilenos (CLP)
Regionales,"Componentes de las exportaciones Región de Antofagasta, anual, a precios corrientes, referencia 2018 (miles de millones de pesos)",F035.XSE.FLU.N.CLP.2018.102.Z.Z.02.0.A,Agropecuario-Silvícola-Pesca,A,02,Antofagasta,102,Agropecuario-silvícola-pesca,Finanzas y Sistema Financiero Regional,Pesos Chilenos (CLP)
Regionales,"Componentes de las exportaciones Región de Antofagasta, anual, a precios corrientes, referencia 2018 (miles de millones de pesos)",F035.XSE.FLU.N.CLP.2018.03.Z.Z.02.0.A,Minería,A,02,Antofagasta,03,Minería,Finanzas y Sistema Financiero Regional,Pesos Chilenos (CLP)
Regionales,"Componentes de las exportaciones Región de Antofagasta, anual, a precios corrientes, referencia 2018 (miles de millones de pesos)",F035.XSE.FLU.N.CLP.2018.04.Z.Z.02.0.A,Industria,A,02,Antofagasta,04,Industria,Finanzas y Sistema Financiero Regional,Pesos Chilenos (CLP)
Regionales,"Componentes de las exportaciones Región de Antofagasta, anual, a precios corrientes, referencia 2018 (miles de millones de pesos)",F035.XSE.FLU.N.CLP.2018.XBS.Z.Z.02.0.A,Exportación Servicios,A,02,Antofagasta,XBS,Exportaciones de servicios,Finanzas y Sistema Financiero Regional,Pesos Chilenos (CLP)
Regionales,"Componentes de las exportaciones Región de Atacama, anual, a precios corrientes, referencia 2018 (miles de millones de pesos)",F035.XSE.FLU.N.CLP.2018.XBI.Z.Z.03.0.A,Exportación Bienes,A,03,Atacama,XBI,Exportaciones de bienes,Finanzas y Sistema Financiero Regional,Pesos Chilenos (CLP)
Regionales,"Componentes de las exportaciones Región de Atacama, anual, a precios corrientes, referencia 2018 (miles de millones de pesos)",F035.XSE.FLU.N.CLP.2018.102.Z.Z.03.0.A,Agropecuario-Silvícola-Pesca,A,03,Atacama,102,Agropecuario-silvícola-pesca,Finanzas y Sistema Financiero Regional,Pesos Chilenos (CLP)
Regionales,"Componentes de las exportaciones Región de Atacama, anual, a precios corrientes, referencia 2018 (miles de millones de pesos)",F035.XSE.FLU.N.CLP.2018.03.Z.Z.03.0.A,Minería,A,03,Atacama,03,Minería,Finanzas y Sistema Financiero Regional,Pesos Chilenos (CLP)
Regionales,"Componentes de las exportaciones Región de Atacama, anual, a precios corrientes, referencia 2018 (miles de millones de pesos)",F035.XSE.FLU.N.CLP.2018.04.Z.Z.03.0.A,Industria,A,03,Atacama,04,Industria,Finanzas y Sistema Financiero Regional,Pesos Chilenos (CLP)
Regionales,"Componentes de las exportaciones Región de Atacama, anual, a precios corrientes, referencia 2018 (miles de millones de pesos)",F035.XSE.FLU.N.CLP.2018.XBS.Z.Z.03.0.A,Exportación Servicios,A,03,Atacama,XBS,Exportaciones de servicios,Finanzas y Sistema Financiero Regional,Pesos Chilenos (CLP)
Regionales,"Componentes de las exportaciones Región de Coquimbo, anual, a precios corrientes, referencia 2018 (miles de millones de pesos)",F035.XSE.FLU.N.CLP.2018.XBI.Z.Z.04.0.A,Exportación Bienes,A,04,Coquimbo,XBI,Exportaciones de bienes,Finanzas y Sistema Financiero Regional,Pesos Chilenos (CLP)
Regionales,"Componentes de las exportaciones Región de Coquimbo, anual, a precios corrientes, referencia 2018 (miles de millones de pesos)",F035.XSE.FLU.N.CLP.2018.102.Z.Z.04.0.A,Agropecuario-Silvícola-Pesca,A,04,Coquimbo,102,Agropecuario-silvícola-pesca,Finanzas y Sistema Financiero Regional,Pesos Chilenos (CLP)
Regionales,"Componentes de las exportaciones Región de Coquimbo, anual, a precios corrientes, referencia 2018 (miles de millones de pesos)",F035.XSE.FLU.N.CLP.2018.03.Z.Z.04.0.A,Minería,A,04,Coquimbo,03,Minería,Finanzas y Sistema Financiero Regional,Pesos Chilenos (CLP)
Regionales,"Componentes de las exportaciones Región de Coquimbo, anual, a precios corrientes, referencia 2018 (miles de millones de pesos)",F035.XSE.FLU.N.CLP.2018.04.Z.Z.04.0.A,Industria,A,04,Coquimbo,04,Industria,Finanzas y Sistema Financiero Regional,Pesos Chilenos (CLP)
Regionales,"Componentes de las exportaciones Región de Coquimbo, anual, a precios corrientes, referencia 2018 (miles de millones de pesos)",F035.XSE.FLU.N.CLP.2018.XBS.Z.Z.04.0.A,Exportación Servicios,A,04,Coquimbo,XBS,Exportaciones de servicios,Finanzas y Sistema Financiero Regional,Pesos Chilenos (CLP)
Regionales,"Componentes de las exportaciones Región de Valparaíso, anual, a precios corrientes, referencia 2018 (miles de millones de pesos)",F035.XSE.FLU.N.CLP.2018.XBI.Z.Z.05.0.A,Exportación Bienes,A,05,Valparaíso,XBI,Exportaciones de bienes,Finanzas y Sistema Financiero Regional,Pesos Chilenos (CLP)
Regionales,"Componentes de las exportaciones Región de Valparaíso, anual, a precios corrientes, referencia 2018 (miles de millones de pesos)",F035.XSE.FLU.N.CLP.2018.102.Z.Z.05.0.A,Agropecuario-Silvícola-Pesca,A,05,Valparaíso,102,Agropecuario-silvícola-pesca,Finanzas y Sistema Financiero Regional,Pesos Chilenos (CLP)
Regionales,"Componentes de las exportaciones Región de Valparaíso, anual, a precios corrientes, referencia 2018 (miles de millones de pesos)",F035.XSE.FLU.N.CLP.2018.03.Z.Z.05.0.A,Minería,A,05,Valparaíso,03,Minería,Finanzas y Sistema Financiero Regional,Pesos Chilenos (CLP)
Regionales,"Componentes de las exportaciones Región de Valparaíso, anual, a precios corrientes, referencia 2018 (miles de millones de pesos)",F035.XSE.FLU.N.CLP.2018.04.Z.Z.05.0.A,Industria,A,05,Valparaíso,04,Industria,Finanzas y Sistema Financiero Regional,Pesos Chilenos (CLP)
Regionales,"Componentes de las exportaciones Región de Valparaíso, anual, a precios corrientes, referencia 2018 (miles de millones de pesos)",F035.XSE.FLU.N.CLP.2018.XBS.Z.Z.05.0.A,Exportación Servicios,A,05,Valparaíso,XBS,Exportaciones de servicios,Finanzas y Sistema Financiero Regional,Pesos Chilenos (CLP)
Regionales,"Componentes de las exportaciones Región Metropolitana de Santiago, anual, a precios corrientes, referencia 2018 (miles de millones de pesos)",F035.XSE.FLU.N.CLP.2018.XBI.Z.Z.13.0.A,Exportación Bienes,A,13,Metropolitana de Santiago,XBI,Exportaciones de bienes,Finanzas y Sistema Financiero Regional,Pesos Chilenos (CLP)
Regionales,"Componentes de las exportaciones Región Metropolitana de Santiago, anual, a precios corrientes, referencia 2018 (miles de millones de pesos)",F035.XSE.FLU.N.CLP.2018.102.Z.Z.13.0.A,Agropecuario-Silvícola-Pesca,A,13,Metropolitana de Santiago,102,Agropecuario-silvícola-pesca,Finanzas y Sistema Financiero Regional,Pesos Chilenos (CLP)
Regionales,"Componentes de las exportaciones Región Metropolitana de Santiago, anual, a precios corrientes, referencia 2018 (miles de millones de pesos)",F035.XSE.FLU.N.CLP.2018.03.Z.Z.13.0.A,Minería,A,13,Metropolitana de Santiago,03,Minería,Finanzas y Sistema Financiero Regional,Pesos Chilenos (CLP)
Regionales,"Componentes de las exportaciones Región Metropolitana de Santiago, anual, a precios corrientes, referencia 2018 (miles de millones de pesos)",F035.XSE.FLU.N.CLP.2018.04.Z.Z.13.0.A,Industria,A,13,Metropolitana de Santiago,04,Industria,Finanzas y Sistema Financiero Regional,Pesos Chilenos (CLP)
Regionales,"Componentes de las exportaciones Región Metropolitana de Santiago, anual, a precios corrientes, referencia 2018 (miles de millones de pesos)",F035.XSE.FLU.N.CLP.2018.XBS.Z.Z.13.0.A,Exportación Servicios,A,13,Metropolitana de Santiago,XBS,Exportaciones de servicios,Finanzas y Sistema Financiero Regional,Pesos Chilenos (CLP)
Regionales,"Componentes de las exportaciones Región del Libertador General Bernardo OHiggins, anual, a precios corrientes, referencia 2018 (miles de millones de pesos)",F035.XSE.FLU.N.CLP.2018.XBI.Z.Z.06.0.A,Exportación Bienes,A,06,O'Higgins,XBI,Exportaciones de bienes,Finanzas y Sistema Financiero Regional,Pesos Chilenos (CLP)
Regionales,"Componentes de las exportaciones Región del Libertador General Bernardo OHiggins, anual, a precios corrientes, referencia 2018 (miles de millones de pesos)",F035.XSE.FLU.N.CLP.2018.102.Z.Z.06.0.A,Agropecuario-Silvícola-Pesca,A,06,O'Higgins,102,Agropecuario-silvícola-pesca,Finanzas y Sistema Financiero Regional,Pesos Chilenos (CLP)
Regionales,"Componentes de las exportaciones Región del Libertador General Bernardo OHiggins, anual, a precios corrientes, referencia 2018 (miles de millones de pesos)",F035.XSE.FLU.N.CLP.2018.03.Z.Z.06.0.A,Minería,A,06,O'Higgins,03,Minería,Finanzas y Sistema Financiero Regional,Pesos Chilenos (CLP)
Regionales,"Componentes de las exportaciones Región del Libertador General Bernardo OHiggins, anual, a precios corrientes, referencia 2018 (miles de millones de pesos)",F035.XSE.FLU.N.CLP.2018.04.Z.Z.06.0.A,Industria,A,06,O'Higgins,04,Industria,Finanzas y Sistema Financiero Regional,Pesos Chilenos (CLP)
Regionales,"Componentes de las exportaciones Región del Libertador General Bernardo OHiggins, anual, a precios corrientes, referencia 2018 (miles de millones de pesos)",F035.XSE.FLU.N.CLP.2018.XBS.Z.Z.06.0.A,Exportación Servicios,A,06,O'Higgins,XBS,Exportaciones de servicios,Finanzas y Sistema Financiero Regional,Pesos Chilenos (CLP)
Regionales,"Componentes de las exportaciones Región de Maule, anual, a precios corrientes, referencia 2018 (miles de millones de pesos)",F035.XSE.FLU.N.CLP.2018.XBI.Z.Z.07.0.A,Exportación Bienes,A,07,Maule,XBI,Exportaciones de bienes,Finanzas y Sistema Financiero Regional,Pesos Chilenos (CLP)
Regionales,"Componentes de las exportaciones Región de Maule, anual, a precios corrientes, referencia 2018 (miles de millones de pesos)",F035.XSE.FLU.N.CLP.2018.102.Z.Z.07.0.A,Agropecuario-Silvícola-Pesca,A,07,Maule,102,Agropecuario-silvícola-pesca,Finanzas y Sistema Financiero Regional,Pesos Chilenos (CLP)
Regionales,"Componentes de las exportaciones Región de Maule, anual, a precios corrientes, referencia 2018 (miles de millones de pesos)",F035.XSE.FLU.N.CLP.2018.03.Z.Z.07.0.A,Minería,A,07,Maule,03,Minería,Finanzas y Sistema Financiero Regional,Pesos Chilenos (CLP)
Regionales,"Componentes de las exportaciones Región de Maule, anual, a precios corrientes, referencia 2018 (miles de millones de pesos)",F035.XSE.FLU.N.CLP.2018.04.Z.Z.07.0.A,Industria,A,07,Maule,04,Industria,Finanzas y Sistema Financiero Regional,Pesos Chilenos (CLP)
Regionales,"Componentes de las exportaciones Región de Maule, anual, a precios corrientes, referencia 2018 (miles de millones de pesos)",F035.XSE.FLU.N.CLP.2018.XBS.Z.Z.07.0.A,Exportación Servicios,A,07,Maule,XBS,Exportaciones de servicios,Finanzas y Sistema Financiero Regional,Pesos Chilenos (CLP)
Regionales,"Componentes de las exportaciones Región de Ñuble, anual, a precios corrientes, referencia 2018 (miles de millones de pesos)",F035.XSE.FLU.N.CLP.2018.XBI.Z.Z.16.0.A,Exportación Bienes,A,16,Ñuble,XBI,Exportaciones de bienes,Finanzas y Sistema Financiero Regional,Pesos Chilenos (CLP)
Regionales,"Componentes de las exportaciones Región de Ñuble, anual, a precios corrientes, referencia 2018 (miles de millones de pesos)",F035.XSE.FLU.N.CLP.2018.102.Z.Z.16.0.A,Agropecuario-Silvícola-Pesca,A,16,Ñuble,102,Agropecuario-silvícola-pesca,Finanzas y Sistema Financiero Regional,Pesos Chilenos (CLP)
Regionales,"Componentes de las exportaciones Región de Ñuble, anual, a precios corrientes, referencia 2018 (miles de millones de pesos)",F035.XSE.FLU.N.CLP.2018.03.Z.Z.16.0.A,Minería,A,16,Ñuble,03,Minería,Finanzas y Sistema Financiero Regional,Pesos Chilenos (CLP)
Regionales,"Componentes de las exportaciones Región de Ñuble, anual, a precios corrientes, referencia 2018 (miles de millones de pesos)",F035.XSE.FLU.N.CLP.2018.04.Z.Z.16.0.A,Industria,A,16,Ñuble,04,Industria,Finanzas y Sistema Financiero Regional,Pesos Chilenos (CLP)
Regionales,"Componentes de las exportaciones Región de Ñuble, anual, a precios corrientes, referencia 2018 (miles de millones de pesos)",F035.XSE.FLU.N.CLP.2018.XBS.Z.Z.16.0.A,Exportación Servicios,A,16,Ñuble,XBS,Exportaciones de servicios,Finanzas y Sistema Financiero Regional,Pesos Chilenos (CLP)
Regionales,"Componentes de las exportaciones Región del Biobío, anual, a precios corrientes, referencia 2018 (miles de millones de pesos)",F035.XSE.FLU.N.CLP.2018.XBI.Z.Z.08.0.A,Exportación Bienes,A,08,Biobío,XBI,Exportaciones de bienes,Finanzas y Sistema Financiero Regional,Pesos Chilenos (CLP)
Regionales,"Componentes de las exportaciones Región del Biobío, anual, a precios corrientes, referencia 2018 (miles de millones de pesos)",F035.XSE.FLU.N.CLP.2018.102.Z.Z.08.0.A,Agropecuario-Silvícola-Pesca,A,08,Biobío,102,Agropecuario-silvícola-pesca,Finanzas y Sistema Financiero Regional,Pesos Chilenos (CLP)
Regionales,"Componentes de las exportaciones Región del Biobío, anual, a precios corrientes, referencia 2018 (miles de millones de pesos)",F035.XSE.FLU.N.CLP.2018.03.Z.Z.08.0.A,Minería,A,08,Biobío,03,Minería,Finanzas y Sistema Financiero Regional,Pesos Chilenos (CLP)
Regionales,"Componentes de las exportaciones Región del Biobío, anual, a precios corrientes, referencia 2018 (miles de millones de pesos)",F035.XSE.FLU.N.CLP.2018.04.Z.Z.08.0.A,Industria,A,08,Biobío,04,Industria,Finanzas y Sistema Financiero Regional,Pesos Chilenos (CLP)
Regionales,"Componentes de las exportaciones Región del Biobío, anual, a precios corrientes, referencia 2018 (miles de millones de pesos)",F035.XSE.FLU.N.CLP.2018.XBS.Z.Z.08.0.A,Exportación Servicios,A,08,Biobío,XBS,Exportaciones de servicios,Finanzas y Sistema Financiero Regional,Pesos Chilenos (CLP)
Regionales,"Componentes de las exportaciones Región de La Araucanía, anual, a precios corrientes, referencia 2018 (miles de millones de pesos)",F035.XSE.FLU.N.CLP.2018.XBI.Z.Z.09.0.A,Exportación Bienes,A,09,La Araucanía,XBI,Exportaciones de bienes,Finanzas y Sistema Financiero Regional,Pesos Chilenos (CLP)
Regionales,"Componentes de las exportaciones Región de La Araucanía, anual, a precios corrientes, referencia 2018 (miles de millones de pesos)",F035.XSE.FLU.N.CLP.2018.102.Z.Z.09.0.A,Agropecuario-Silvícola-Pesca,A,09,La Araucanía,102,Agropecuario-silvícola-pesca,Finanzas y Sistema Financiero Regional,Pesos Chilenos (CLP)
Regionales,"Componentes de las exportaciones Región de La Araucanía, anual, a precios corrientes, referencia 2018 (miles de millones de pesos)",F035.XSE.FLU.N.CLP.2018.03.Z.Z.09.0.A,Minería,A,09,La Araucanía,03,Minería,Finanzas y Sistema Financiero Regional,Pesos Chilenos (CLP)
Regionales,"Componentes de las exportaciones Región de La Araucanía, anual, a precios corrientes, referencia 2018 (miles de millones de pesos)",F035.XSE.FLU.N.CLP.2018.04.Z.Z.09.0.A,Industria,A,09,La Araucanía,04,Industria,Finanzas y Sistema Financiero Regional,Pesos Chilenos (CLP)
Regionales,"Componentes de las exportaciones Región de La Araucanía, anual, a precios corrientes, referencia 2018 (miles de millones de pesos)",F035.XSE.FLU.N.CLP.2018.XBS.Z.Z.09.0.A,Exportación Servicios,A,09,La Araucanía,XBS,Exportaciones de servicios,Finanzas y Sistema Financiero Regional,Pesos Chilenos (CLP)
Regionales,"Componentes de las exportaciones Región de Los Ríos, anual, a precios corrientes, referencia 2018 (miles de millones de pesos)",F035.XSE.FLU.N.CLP.2018.XBI.Z.Z.14.0.A,Exportación Bienes,A,14,Los Ríos,XBI,Exportaciones de bienes,Finanzas y Sistema Financiero Regional,Pesos Chilenos (CLP)
Regionales,"Componentes de las exportaciones Región de Los Ríos, anual, a precios corrientes, referencia 2018 (miles de millones de pesos)",F035.XSE.FLU.N.CLP.2018.102.Z.Z.14.0.A,Agropecuario-Silvícola-Pesca,A,14,Los Ríos,102,Agropecuario-silvícola-pesca,Finanzas y Sistema Financiero Regional,Pesos Chilenos (CLP)
Regionales,"Componentes de las exportaciones Región de Los Ríos, anual, a precios corrientes, referencia 2018 (miles de millones de pesos)",F035.XSE.FLU.N.CLP.2018.03.Z.Z.14.0.A,Minería,A,14,Los Ríos,03,Minería,Finanzas y Sistema Financiero Regional,Pesos Chilenos (CLP)
Regionales,"Componentes de las exportaciones Región de Los Ríos, anual, a precios corrientes, referencia 2018 (miles de millones de pesos)",F035.XSE.FLU.N.CLP.2018.04.Z.Z.14.0.A,Industria,A,14,Los Ríos,04,Industria,Finanzas y Sistema Financiero Regional,Pesos Chilenos (CLP)
Regionales,"Componentes de las exportaciones Región de Los Ríos, anual, a precios corrientes, referencia 2018 (miles de millones de pesos)",F035.XSE.FLU.N.CLP.2018.XBS.Z.Z.14.0.A,Exportación Servicios,A,14,Los Ríos,XBS,Exportaciones de servicios,Finanzas y Sistema Financiero Regional,Pesos Chilenos (CLP)
Regionales,"Componentes de las exportaciones Región de Los Lagos, anual, a precios corrientes, referencia 2018 (miles de millones de pesos)",F035.XSE.FLU.N.CLP.2018.XBI.Z.Z.10.0.A,Exportación Bienes,A,10,Los Lagos,XBI,Exportaciones de bienes,Finanzas y Sistema Financiero Regional,Pesos Chilenos (CLP)
Regionales,"Componentes de las exportaciones Región de Los Lagos, anual, a precios corrientes, referencia 2018 (miles de millones de pesos)",F035.XSE.FLU.N.CLP.2018.102.Z.Z.10.0.A,Agropecuario-Silvícola-Pesca,A,10,Los Lagos,102,Agropecuario-silvícola-pesca,Finanzas y Sistema Financiero Regional,Pesos Chilenos (CLP)
Regionales,"Componentes de las exportaciones Región de Los Lagos, anual, a precios corrientes, referencia 2018 (miles de millones de pesos)",F035.XSE.FLU.N.CLP.2018.03.Z.Z.10.0.A,Minería,A,10,Los Lagos,03,Minería,Finanzas y Sistema Financiero Regional,Pesos Chilenos (CLP)
Regionales,"Componentes de las exportaciones Región de Los Lagos, anual, a precios corrientes, referencia 2018 (miles de millones de pesos)",F035.XSE.FLU.N.CLP.2018.04.Z.Z.10.0.A,Industria,A,10,Los Lagos,04,Industria,Finanzas y Sistema Financiero Regional,Pesos Chilenos (CLP)
Regionales,"Componentes de las exportaciones Región de Los Lagos, anual, a precios corrientes, referencia 2018 (miles de millones de pesos)",F035.XSE.FLU.N.CLP.2018.XBS.Z.Z.10.0.A,Exportación Servicios,A,10,Los Lagos,XBS,Exportaciones de servicios,Finanzas y Sistema Financiero Regional,Pesos Chilenos (CLP)
Regionales,"Componentes de las exportaciones Región de Aysén del General Carlos Ibáñez del Campo, anual, a precios corrientes, referencia 2018 (miles de millones de pesos)",F035.XSE.FLU.N.CLP.2018.XBI.Z.Z.11.0.A,Exportación Bienes,A,11,Aysén,XBI,Exportaciones de bienes,Finanzas y Sistema Financiero Regional,Pesos Chilenos (CLP)
Regionales,"Componentes de las exportaciones Región de Aysén del General Carlos Ibáñez del Campo, anual, a precios corrientes, referencia 2018 (miles de millones de pesos)",F035.XSE.FLU.N.CLP.2018.102.Z.Z.11.0.A,Agropecuario-Silvícola-Pesca,A,11,Aysén,102,Agropecuario-silvícola-pesca,Finanzas y Sistema Financiero Regional,Pesos Chilenos (CLP)
Regionales,"Componentes de las exportaciones Región de Aysén del General Carlos Ibáñez del Campo, anual, a precios corrientes, referencia 2018 (miles de millones de pesos)",F035.XSE.FLU.N.CLP.2018.03.Z.Z.11.0.A,Minería,A,11,Aysén,03,Minería,Finanzas y Sistema Financiero Regional,Pesos Chilenos (CLP)
Regionales,"Componentes de las exportaciones Región de Aysén del General Carlos Ibáñez del Campo, anual, a precios corrientes, referencia 2018 (miles de millones de pesos)",F035.XSE.FLU.N.CLP.2018.04.Z.Z.11.0.A,Industria,A,11,Aysén,04,Industria,Finanzas y Sistema Financiero Regional,Pesos Chilenos (CLP)
Regionales,"Componentes de las exportaciones Región de Aysén del General Carlos Ibáñez del Campo, anual, a precios corrientes, referencia 2018 (miles de millones de pesos)",F035.XSE.FLU.N.CLP.2018.XBS.Z.Z.11.0.A,Exportación Servicios,A,11,Aysén,XBS,Exportaciones de servicios,Finanzas y Sistema Financiero Regional,Pesos Chilenos (CLP)
Regionales,"Componentes de las exportaciones Región de Magallanes y de la Antártica Chilena, anual, a precios corrientes, referencia 2018 (miles de millones de pesos)",F035.XSE.FLU.N.CLP.2018.XBI.Z.Z.12.0.A,Exportación Bienes,A,12,Magallanes,XBI,Exportaciones de bienes,Finanzas y Sistema Financiero Regional,Pesos Chilenos (CLP)
Regionales,"Componentes de las exportaciones Región de Magallanes y de la Antártica Chilena, anual, a precios corrientes, referencia 2018 (miles de millones de pesos)",F035.XSE.FLU.N.CLP.2018.102.Z.Z.12.0.A,Agropecuario-Silvícola-Pesca,A,12,Magallanes,102,Agropecuario-silvícola-pesca,Finanzas y Sistema Financiero Regional,Pesos Chilenos (CLP)
Regionales,"Componentes de las exportaciones Región de Magallanes y de la Antártica Chilena, anual, a precios corrientes, referencia 2018 (miles de millones de pesos)",F035.XSE.FLU.N.CLP.2018.03.Z.Z.12.0.A,Minería,A,12,Magallanes,03,Minería,Finanzas y Sistema Financiero Regional,Pesos Chilenos (CLP)
Regionales,"Componentes de las exportaciones Región de Magallanes y de la Antártica Chilena, anual, a precios corrientes, referencia 2018 (miles de millones de pesos)",F035.XSE.FLU.N.CLP.2018.04.Z.Z.12.0.A,Industria,A,12,Magallanes,04,Industria,Finanzas y Sistema Financiero Regional,Pesos Chilenos (CLP)
Regionales,"Componentes de las exportaciones Región de Magallanes y de la Antártica Chilena, anual, a precios corrientes, referencia 2018 (miles de millones de pesos)",F035.XSE.FLU.N.CLP.2018.XBS.Z.Z.12.0.A,Exportación Servicios,A,12,Magallanes,XBS,Exportaciones de servicios,Finanzas y Sistema Financiero Regional,Pesos Chilenos (CLP)
Regionales,"Exportación de bienes y servicios, anual, volumen a precios del año anterior encadenado, referencia 2018 (miles de millones de pesos encadenados)",F035.XSE.FLU.R.CLP.2018.Z.Z.Z.15.0.A,Región de Arica y Parinacota,A,15,Arica y Parinacota,Z,Total regional (sin desglose sectorial),Exportaciones Regionales,Pesos Chilenos (CLP)
Regionales,"Exportación de bienes y servicios, anual, volumen a precios del año anterior encadenado, referencia 2018 (miles de millones de pesos encadenados)",F035.XSE.FLU.R.CLP.2018.Z.Z.Z.01.0.A,Región de Tarapacá,A,01,Tarapacá,Z,Total regional (sin desglose sectorial),Exportaciones Regionales,Pesos Chilenos (CLP)
Regionales,"Exportación de bienes y servicios, anual, volumen a precios del año anterior encadenado, referencia 2018 (miles de millones de pesos encadenados)",F035.XSE.FLU.R.CLP.2018.Z.Z.Z.02.0.A,Región de Antofagasta,A,02,Antofagasta,Z,Total regional (sin desglose sectorial),Exportaciones Regionales,Pesos Chilenos (CLP)
Regionales,"Exportación de bienes y servicios, anual, volumen a precios del año anterior encadenado, referencia 2018 (miles de millones de pesos encadenados)",F035.XSE.FLU.R.CLP.2018.Z.Z.Z.03.0.A,Región de Atacama,A,03,Atacama,Z,Total regional (sin desglose sectorial),Exportaciones Regionales,Pesos Chilenos (CLP)
Regionales,"Exportación de bienes y servicios, anual, volumen a precios del año anterior encadenado, referencia 2018 (miles de millones de pesos encadenados)",F035.XSE.FLU.R.CLP.2018.Z.Z.Z.04.0.A,Región de Coquimbo,A,04,Coquimbo,Z,Total regional (sin desglose sectorial),Exportaciones Regionales,Pesos Chilenos (CLP)
Regionales,"Exportación de bienes y servicios, anual, volumen a precios del año anterior encadenado, referencia 2018 (miles de millones de pesos encadenados)",F035.XSE.FLU.R.CLP.2018.Z.Z.Z.05.0.A,Región de Valparaíso,A,05,Valparaíso,Z,Total regional (sin desglose sectorial),Exportaciones Regionales,Pesos Chilenos (CLP)
Regionales,"Exportación de bienes y servicios, anual, volumen a precios del año anterior encadenado, referencia 2018 (miles de millones de pesos encadenados)",F035.XSE.FLU.R.CLP.2018.Z.Z.Z.13.0.A,Región Metropolitana de Santiago,A,13,Metropolitana de Santiago,Z,Total regional (sin desglose sectorial),Exportaciones Regionales,Pesos Chilenos (CLP)
Regionales,"Exportación de bienes y servicios, anual, volumen a precios del año anterior encadenado, referencia 2018 (miles de millones de pesos encadenados)",F035.XSE.FLU.R.CLP.2018.Z.Z.Z.06.0.A,Región del Libertador General Bernardo OHiggins,A,06,O'Higgins,Z,Total regional (sin desglose sectorial),Exportaciones Regionales,Pesos Chilenos (CLP)
Regionales,"Exportación de bienes y servicios, anual, volumen a precios del año anterior encadenado, referencia 2018 (miles de millones de pesos encadenados)",F035.XSE.FLU.R.CLP.2018.Z.Z.Z.07.0.A,Región de Maule,A,07,Maule,Z,Total regional (sin desglose sectorial),Exportaciones Regionales,Pesos Chilenos (CLP)
Regionales,"Exportación de bienes y servicios, anual, volumen a precios del año anterior encadenado, referencia 2018 (miles de millones de pesos encadenados)",F035.XSE.FLU.R.CLP.2018.Z.Z.Z.16.0.A,Región de Ñuble,A,16,Ñuble,Z,Total regional (sin desglose sectorial),Exportaciones Regionales,Pesos Chilenos (CLP)
Regionales,"Exportación de bienes y servicios, anual, volumen a precios del año anterior encadenado, referencia 2018 (miles de millones de pesos encadenados)",F035.XSE.FLU.R.CLP.2018.Z.Z.Z.08.0.A,Región del Biobío,A,08,Biobío,Z,Total regional (sin desglose sectorial),Exportaciones Regionales,Pesos Chilenos (CLP)
Regionales,"Exportación de bienes y servicios, anual, volumen a precios del año anterior encadenado, referencia 2018 (miles de millones de pesos encadenados)",F035.XSE.FLU.R.CLP.2018.Z.Z.Z.09.0.A,Región de La Araucanía,A,09,La Araucanía,Z,Total regional (sin desglose sectorial),Exportaciones Regionales,Pesos Chilenos (CLP)
Regionales,"Exportación de bienes y servicios, anual, volumen a precios del año anterior encadenado, referencia 2018 (miles de millones de pesos encadenados)",F035.XSE.FLU.R.CLP.2018.Z.Z.Z.14.0.A,Región de Los Ríos,A,14,Los Ríos,Z,Total regional (sin desglose sectorial),Exportaciones Regionales,Pesos Chilenos (CLP)
Regionales,"Exportación de bienes y servicios, anual, volumen a precios del año anterior encadenado, referencia 2018 (miles de millones de pesos encadenados)",F035.XSE.FLU.R.CLP.2018.Z.Z.Z.10.0.A,Región de Los Lagos,A,10,Los Lagos,Z,Total regional (sin desglose sectorial),Exportaciones Regionales,Pesos Chilenos (CLP)
Regionales,"Exportación de bienes y servicios, anual, volumen a precios del año anterior encadenado, referencia 2018 (miles de millones de pesos encadenados)",F035.XSE.FLU.R.CLP.2018.Z.Z.Z.11.0.A,Región de Aysén del General Carlos Ibáñez del Campo,A,11,Aysén,Z,Total regional (sin desglose sectorial),Exportaciones Regionales,Pesos Chilenos (CLP)
Regionales,"Exportación de bienes y servicios, anual, volumen a precios del año anterior encadenado, referencia 2018 (miles de millones de pesos encadenados)",F035.XSE.FLU.R.CLP.2018.Z.Z.Z.12.0.A,Región de Magallanes y de la Antártica Chilena,A,12,Magallanes,Z,Total regional (sin desglose sectorial),Exportaciones Regionales,Pesos Chilenos (CLP)
Regionales,"Exportación de bienes y servicios, anual, volumen a precios del año anterior encadenado, referencia 2018 (miles de millones de pesos encadenados)",F035.XSE.FLU.R.CLP.2018.Z.Z.Z.98.0.A,Subtotal regionalizado,A,Nacional,Total Nacional,Z,Total regional (sin desglose sectorial),Exportaciones Regionales,Pesos Chilenos (CLP)
Regionales,"Exportación de bienes y servicios, anual, volumen a precios del año anterior encadenado, referencia 2018 (miles de millones de pesos encadenados)",F035.XSE.FLU.R.CLP.2018.Z.Z.Z.99.0.A,Extrarregional,A,Nacional,Total Nacional,Z,Total regional (sin desglose sectorial),Exportaciones Regionales,Pesos Chilenos (CLP)
Regionales,"Exportación de bienes y servicios, anual, volumen a precios del año anterior encadenado, referencia 2018 (miles de millones de pesos encadenados)",F035.XSE.FLU.R.CLP.2018.Z.Z.Z.Z.0.A,Exportaciones de Bienes y Servicios,A,Nacional,Total Nacional,Z,Total regional (sin desglose sectorial),Exportaciones Regionales,Pesos Chilenos (CLP)
Regionales,"Componentes de las exportaciones Región de Arica y Parinacota , anual, volumen a precios del año anterior encadenado, referencia 2018 (miles de millones de pesos encadenados)",F035.XSE.FLU.R.CLP.2018.XBI.Z.Z.15.0.A,Exportación Bienes,A,15,Arica y Parinacota,XBI,Exportaciones de bienes,Exportaciones Regionales,Pesos Chilenos (CLP)
Regionales,"Componentes de las exportaciones Región de Arica y Parinacota , anual, volumen a precios del año anterior encadenado, referencia 2018 (miles de millones de pesos encadenados)",F035.XSE.FLU.R.CLP.2018.102.Z.Z.15.0.A,Agropecuario-Silvícola-Pesca,A,15,Arica y Parinacota,102,Agropecuario-silvícola-pesca,Exportaciones Regionales,Pesos Chilenos (CLP)
Regionales,"Componentes de las exportaciones Región de Arica y Parinacota , anual, volumen a precios del año anterior encadenado, referencia 2018 (miles de millones de pesos encadenados)",F035.XSE.FLU.R.CLP.2018.03.Z.Z.15.0.A,Minería,A,15,Arica y Parinacota,03,Minería,Exportaciones Regionales,Pesos Chilenos (CLP)
Regionales,"Componentes de las exportaciones Región de Arica y Parinacota , anual, volumen a precios del año anterior encadenado, referencia 2018 (miles de millones de pesos encadenados)",F035.XSE.FLU.R.CLP.2018.04.Z.Z.15.0.A,Industria,A,15,Arica y Parinacota,04,Industria,Exportaciones Regionales,Pesos Chilenos (CLP)
Regionales,"Componentes de las exportaciones Región de Arica y Parinacota , anual, volumen a precios del año anterior encadenado, referencia 2018 (miles de millones de pesos encadenados)",F035.XSE.FLU.R.CLP.2018.XBS.Z.Z.15.0.A,Exportación Servicios,A,15,Arica y Parinacota,XBS,Exportaciones de servicios,Exportaciones Regionales,Pesos Chilenos (CLP)
Regionales,"Componentes de las exportaciones Región de Tarapacá, anual, volumen a precios del año anterior encadenado, referencia 2018 (miles de millones de pesos encadenados)",F035.XSE.FLU.R.CLP.2018.XBI.Z.Z.01.0.A,Exportación Bienes,A,01,Tarapacá,XBI,Exportaciones de bienes,Exportaciones Regionales,Pesos Chilenos (CLP)
Regionales,"Componentes de las exportaciones Región de Tarapacá, anual, volumen a precios del año anterior encadenado, referencia 2018 (miles de millones de pesos encadenados)",F035.XSE.FLU.R.CLP.2018.102.Z.Z.01.0.A,Agropecuario-Silvícola-Pesca,A,01,Tarapacá,102,Agropecuario-silvícola-pesca,Exportaciones Regionales,Pesos Chilenos (CLP)
Regionales,"Componentes de las exportaciones Región de Tarapacá, anual, volumen a precios del año anterior encadenado, referencia 2018 (miles de millones de pesos encadenados)",F035.XSE.FLU.R.CLP.2018.03.Z.Z.01.0.A,Minería,A,01,Tarapacá,03,Minería,Exportaciones Regionales,Pesos Chilenos (CLP)
Regionales,"Componentes de las exportaciones Región de Tarapacá, anual, volumen a precios del año anterior encadenado, referencia 2018 (miles de millones de pesos encadenados)",F035.XSE.FLU.R.CLP.2018.04.Z.Z.01.0.A,Industria,A,01,Tarapacá,04,Industria,Exportaciones Regionales,Pesos Chilenos (CLP)
Regionales,"Componentes de las exportaciones Región de Tarapacá, anual, volumen a precios del año anterior encadenado, referencia 2018 (miles de millones de pesos encadenados)",F035.XSE.FLU.R.CLP.2018.XBS.Z.Z.01.0.A,Exportación Servicios,A,01,Tarapacá,XBS,Exportaciones de servicios,Exportaciones Regionales,Pesos Chilenos (CLP)
Regionales,"Componentes de las exportaciones Región de Antofagasta, anual, volumen a precios del año anterior encadenado, referencia 2018 (miles de millones de pesos encadenados)",F035.XSE.FLU.R.CLP.2018.XBI.Z.Z.02.0.A,Exportación Bienes,A,02,Antofagasta,XBI,Exportaciones de bienes,Exportaciones Regionales,Pesos Chilenos (CLP)
Regionales,"Componentes de las exportaciones Región de Antofagasta, anual, volumen a precios del año anterior encadenado, referencia 2018 (miles de millones de pesos encadenados)",F035.XSE.FLU.R.CLP.2018.102.Z.Z.02.0.A,Agropecuario-Silvícola-Pesca,A,02,Antofagasta,102,Agropecuario-silvícola-pesca,Exportaciones Regionales,Pesos Chilenos (CLP)
Regionales,"Componentes de las exportaciones Región de Antofagasta, anual, volumen a precios del año anterior encadenado, referencia 2018 (miles de millones de pesos encadenados)",F035.XSE.FLU.R.CLP.2018.03.Z.Z.02.0.A,Minería,A,02,Antofagasta,03,Minería,Exportaciones Regionales,Pesos Chilenos (CLP)
Regionales,"Componentes de las exportaciones Región de Antofagasta, anual, volumen a precios del año anterior encadenado, referencia 2018 (miles de millones de pesos encadenados)",F035.XSE.FLU.R.CLP.2018.04.Z.Z.02.0.A,Industria,A,02,Antofagasta,04,Industria,Exportaciones Regionales,Pesos Chilenos (CLP)
Regionales,"Componentes de las exportaciones Región de Antofagasta, anual, volumen a precios del año anterior encadenado, referencia 2018 (miles de millones de pesos encadenados)",F035.XSE.FLU.R.CLP.2018.XBS.Z.Z.02.0.A,Exportación Servicios,A,02,Antofagasta,XBS,Exportaciones de servicios,Exportaciones Regionales,Pesos Chilenos (CLP)
Regionales,"Componentes de las exportaciones Región de Atacama, anual, volumen a precios del año anterior encadenado, referencia 2018 (miles de millones de pesos encadenados)",F035.XSE.FLU.R.CLP.2018.XBI.Z.Z.03.0.A,Exportación Bienes,A,03,Atacama,XBI,Exportaciones de bienes,Exportaciones Regionales,Pesos Chilenos (CLP)
Regionales,"Componentes de las exportaciones Región de Atacama, anual, volumen a precios del año anterior encadenado, referencia 2018 (miles de millones de pesos encadenados)",F035.XSE.FLU.R.CLP.2018.102.Z.Z.03.0.A,Agropecuario-Silvícola-Pesca,A,03,Atacama,102,Agropecuario-silvícola-pesca,Exportaciones Regionales,Pesos Chilenos (CLP)
Regionales,"Componentes de las exportaciones Región de Atacama, anual, volumen a precios del año anterior encadenado, referencia 2018 (miles de millones de pesos encadenados)",F035.XSE.FLU.R.CLP.2018.03.Z.Z.03.0.A,Minería,A,03,Atacama,03,Minería,Exportaciones Regionales,Pesos Chilenos (CLP)
Regionales,"Componentes de las exportaciones Región de Atacama, anual, volumen a precios del año anterior encadenado, referencia 2018 (miles de millones de pesos encadenados)",F035.XSE.FLU.R.CLP.2018.04.Z.Z.03.0.A,Industria,A,03,Atacama,04,Industria,Exportaciones Regionales,Pesos Chilenos (CLP)
Regionales,"Componentes de las exportaciones Región de Atacama, anual, volumen a precios del año anterior encadenado, referencia 2018 (miles de millones de pesos encadenados)",F035.XSE.FLU.R.CLP.2018.XBS.Z.Z.03.0.A,Exportación Servicios,A,03,Atacama,XBS,Exportaciones de servicios,Exportaciones Regionales,Pesos Chilenos (CLP)
Regionales,"Componentes de las exportaciones Región de Coquimbo, anual, volumen a precios del año anterior encadenado, referencia 2018 (miles de millones de pesos encadenados)",F035.XSE.FLU.R.CLP.2018.XBI.Z.Z.04.0.A,Exportación Bienes,A,04,Coquimbo,XBI,Exportaciones de bienes,Exportaciones Regionales,Pesos Chilenos (CLP)
Regionales,"Componentes de las exportaciones Región de Coquimbo, anual, volumen a precios del año anterior encadenado, referencia 2018 (miles de millones de pesos encadenados)",F035.XSE.FLU.R.CLP.2018.102.Z.Z.04.0.A,Agropecuario-Silvícola-Pesca,A,04,Coquimbo,102,Agropecuario-silvícola-pesca,Exportaciones Regionales,Pesos Chilenos (CLP)
Regionales,"Componentes de las exportaciones Región de Coquimbo, anual, volumen a precios del año anterior encadenado, referencia 2018 (miles de millones de pesos encadenados)",F035.XSE.FLU.R.CLP.2018.03.Z.Z.04.0.A,Minería,A,04,Coquimbo,03,Minería,Exportaciones Regionales,Pesos Chilenos (CLP)
Regionales,"Componentes de las exportaciones Región de Coquimbo, anual, volumen a precios del año anterior encadenado, referencia 2018 (miles de millones de pesos encadenados)",F035.XSE.FLU.R.CLP.2018.04.Z.Z.04.0.A,Industria,A,04,Coquimbo,04,Industria,Exportaciones Regionales,Pesos Chilenos (CLP)
Regionales,"Componentes de las exportaciones Región de Coquimbo, anual, volumen a precios del año anterior encadenado, referencia 2018 (miles de millones de pesos encadenados)",F035.XSE.FLU.R.CLP.2018.XBS.Z.Z.04.0.A,Exportación Servicios,A,04,Coquimbo,XBS,Exportaciones de servicios,Exportaciones Regionales,Pesos Chilenos (CLP)
Regionales,"Componentes de las exportaciones Región de Valparaíso, anual, volumen a precios del año anterior encadenado, referencia 2018 (miles de millones de pesos encadenados)",F035.XSE.FLU.R.CLP.2018.XBI.Z.Z.05.0.A,Exportación Bienes,A,05,Valparaíso,XBI,Exportaciones de bienes,Exportaciones Regionales,Pesos Chilenos (CLP)
Regionales,"Componentes de las exportaciones Región de Valparaíso, anual, volumen a precios del año anterior encadenado, referencia 2018 (miles de millones de pesos encadenados)",F035.XSE.FLU.R.CLP.2018.102.Z.Z.05.0.A,Agropecuario-Silvícola-Pesca,A,05,Valparaíso,102,Agropecuario-silvícola-pesca,Exportaciones Regionales,Pesos Chilenos (CLP)
Regionales,"Componentes de las exportaciones Región de Valparaíso, anual, volumen a precios del año anterior encadenado, referencia 2018 (miles de millones de pesos encadenados)",F035.XSE.FLU.R.CLP.2018.03.Z.Z.05.0.A,Minería,A,05,Valparaíso,03,Minería,Exportaciones Regionales,Pesos Chilenos (CLP)
Regionales,"Componentes de las exportaciones Región de Valparaíso, anual, volumen a precios del año anterior encadenado, referencia 2018 (miles de millones de pesos encadenados)",F035.XSE.FLU.R.CLP.2018.04.Z.Z.05.0.A,Industria,A,05,Valparaíso,04,Industria,Exportaciones Regionales,Pesos Chilenos (CLP)
Regionales,"Componentes de las exportaciones Región de Valparaíso, anual, volumen a precios del año anterior encadenado, referencia 2018 (miles de millones de pesos encadenados)",F035.XSE.FLU.R.CLP.2018.XBS.Z.Z.05.0.A,Exportación Servicios,A,05,Valparaíso,XBS,Exportaciones de servicios,Exportaciones Regionales,Pesos Chilenos (CLP)
Regionales,"Componentes de las exportaciones Región Metropolitana de Santiago, anual, volumen a precios del año anterior encadenado, referencia 2018 (miles de millones de pesos encadenados)",F035.XSE.FLU.R.CLP.2018.XBI.Z.Z.13.0.A,Exportación Bienes,A,13,Metropolitana de Santiago,XBI,Exportaciones de bienes,Exportaciones Regionales,Pesos Chilenos (CLP)
Regionales,"Componentes de las exportaciones Región Metropolitana de Santiago, anual, volumen a precios del año anterior encadenado, referencia 2018 (miles de millones de pesos encadenados)",F035.XSE.FLU.R.CLP.2018.102.Z.Z.13.0.A,Agropecuario-Silvícola-Pesca,A,13,Metropolitana de Santiago,102,Agropecuario-silvícola-pesca,Exportaciones Regionales,Pesos Chilenos (CLP)
Regionales,"Componentes de las exportaciones Región Metropolitana de Santiago, anual, volumen a precios del año anterior encadenado, referencia 2018 (miles de millones de pesos encadenados)",F035.XSE.FLU.R.CLP.2018.03.Z.Z.13.0.A,Minería,A,13,Metropolitana de Santiago,03,Minería,Exportaciones Regionales,Pesos Chilenos (CLP)
Regionales,"Componentes de las exportaciones Región Metropolitana de Santiago, anual, volumen a precios del año anterior encadenado, referencia 2018 (miles de millones de pesos encadenados)",F035.XSE.FLU.R.CLP.2018.04.Z.Z.13.0.A,Industria,A,13,Metropolitana de Santiago,04,Industria,Exportaciones Regionales,Pesos Chilenos (CLP)
Regionales,"Componentes de las exportaciones Región Metropolitana de Santiago, anual, volumen a precios del año anterior encadenado, referencia 2018 (miles de millones de pesos encadenados)",F035.XSE.FLU.R.CLP.2018.XBS.Z.Z.13.0.A,Exportación Servicios,A,13,Metropolitana de Santiago,XBS,Exportaciones de servicios,Exportaciones Regionales,Pesos Chilenos (CLP)
Regionales,"Componentes de las exportaciones Región del Libertador General Bernardo OHiggins, anual, volumen a precios del año anterior encadenado, referencia 2018 (miles de millones de pesos encadenados)",F035.XSE.FLU.R.CLP.2018.XBI.Z.Z.06.0.A,Exportación Bienes,A,06,O'Higgins,XBI,Exportaciones de bienes,Exportaciones Regionales,Pesos Chilenos (CLP)
Regionales,"Componentes de las exportaciones Región del Libertador General Bernardo OHiggins, anual, volumen a precios del año anterior encadenado, referencia 2018 (miles de millones de pesos encadenados)",F035.XSE.FLU.R.CLP.2018.102.Z.Z.06.0.A,Agropecuario-Silvícola-Pesca,A,06,O'Higgins,102,Agropecuario-silvícola-pesca,Exportaciones Regionales,Pesos Chilenos (CLP)
Regionales,"Componentes de las exportaciones Región del Libertador General Bernardo OHiggins, anual, volumen a precios del año anterior encadenado, referencia 2018 (miles de millones de pesos encadenados)",F035.XSE.FLU.R.CLP.2018.03.Z.Z.06.0.A,Minería,A,06,O'Higgins,03,Minería,Exportaciones Regionales,Pesos Chilenos (CLP)
Regionales,"Componentes de las exportaciones Región del Libertador General Bernardo OHiggins, anual, volumen a precios del año anterior encadenado, referencia 2018 (miles de millones de pesos encadenados)",F035.XSE.FLU.R.CLP.2018.04.Z.Z.06.0.A,Industria,A,06,O'Higgins,04,Industria,Exportaciones Regionales,Pesos Chilenos (CLP)
Regionales,"Componentes de las exportaciones Región del Libertador General Bernardo OHiggins, anual, volumen a precios del año anterior encadenado, referencia 2018 (miles de millones de pesos encadenados)",F035.XSE.FLU.R.CLP.2018.XBS.Z.Z.06.0.A,Exportación Servicios,A,06,O'Higgins,XBS,Exportaciones de servicios,Exportaciones Regionales,Pesos Chilenos (CLP)
Regionales,"Componentes de las exportaciones Región de Maule, anual, volumen a precios del año anterior encadenado, referencia 2018 (miles de millones de pesos encadenados)",F035.XSE.FLU.R.CLP.2018.XBI.Z.Z.07.0.A,Exportación Bienes,A,07,Maule,XBI,Exportaciones de bienes,Exportaciones Regionales,Pesos Chilenos (CLP)
Regionales,"Componentes de las exportaciones Región de Maule, anual, volumen a precios del año anterior encadenado, referencia 2018 (miles de millones de pesos encadenados)",F035.XSE.FLU.R.CLP.2018.102.Z.Z.07.0.A,Agropecuario-Silvícola-Pesca,A,07,Maule,102,Agropecuario-silvícola-pesca,Exportaciones Regionales,Pesos Chilenos (CLP)
Regionales,"Componentes de las exportaciones Región de Maule, anual, volumen a precios del año anterior encadenado, referencia 2018 (miles de millones de pesos encadenados)",F035.XSE.FLU.R.CLP.2018.03.Z.Z.07.0.A,Minería,A,07,Maule,03,Minería,Exportaciones Regionales,Pesos Chilenos (CLP)
Regionales,"Componentes de las exportaciones Región de Maule, anual, volumen a precios del año anterior encadenado, referencia 2018 (miles de millones de pesos encadenados)",F035.XSE.FLU.R.CLP.2018.04.Z.Z.07.0.A,Industria,A,07,Maule,04,Industria,Exportaciones Regionales,Pesos Chilenos (CLP)
Regionales,"Componentes de las exportaciones Región de Maule, anual, volumen a precios del año anterior encadenado, referencia 2018 (miles de millones de pesos encadenados)",F035.XSE.FLU.R.CLP.2018.XBS.Z.Z.07.0.A,Exportación Servicios,A,07,Maule,XBS,Exportaciones de servicios,Exportaciones Regionales,Pesos Chilenos (CLP)
Regionales,"Componentes de las exportaciones Región de Ñuble, anual, volumen a precios del año anterior encadenado, referencia 2018 (miles de millones de pesos encadenados)",F035.XSE.FLU.R.CLP.2018.XBI.Z.Z.16.0.A,Exportación Bienes,A,16,Ñuble,XBI,Exportaciones de bienes,Exportaciones Regionales,Pesos Chilenos (CLP)
Regionales,"Componentes de las exportaciones Región de Ñuble, anual, volumen a precios del año anterior encadenado, referencia 2018 (miles de millones de pesos encadenados)",F035.XSE.FLU.R.CLP.2018.102.Z.Z.16.0.A,Agropecuario-Silvícola-Pesca,A,16,Ñuble,102,Agropecuario-silvícola-pesca,Exportaciones Regionales,Pesos Chilenos (CLP)
Regionales,"Componentes de las exportaciones Región de Ñuble, anual, volumen a precios del año anterior encadenado, referencia 2018 (miles de millones de pesos encadenados)",F035.XSE.FLU.R.CLP.2018.03.Z.Z.16.0.A,Minería,A,16,Ñuble,03,Minería,Exportaciones Regionales,Pesos Chilenos (CLP)
Regionales,"Componentes de las exportaciones Región de Ñuble, anual, volumen a precios del año anterior encadenado, referencia 2018 (miles de millones de pesos encadenados)",F035.XSE.FLU.R.CLP.2018.04.Z.Z.16.0.A,Industria,A,16,Ñuble,04,Industria,Exportaciones Regionales,Pesos Chilenos (CLP)
Regionales,"Componentes de las exportaciones Región de Ñuble, anual, volumen a precios del año anterior encadenado, referencia 2018 (miles de millones de pesos encadenados)",F035.XSE.FLU.R.CLP.2018.XBS.Z.Z.16.0.A,Exportación Servicios,A,16,Ñuble,XBS,Exportaciones de servicios,Exportaciones Regionales,Pesos Chilenos (CLP)
Regionales,"Componentes de las exportaciones Región del Biobío, anual, volumen a precios del año anterior encadenado, referencia 2018 (miles de millones de pesos encadenados)",F035.XSE.FLU.R.CLP.2018.XBI.Z.Z.08.0.A,Exportación Bienes,A,08,Biobío,XBI,Exportaciones de bienes,Exportaciones Regionales,Pesos Chilenos (CLP)
Regionales,"Componentes de las exportaciones Región del Biobío, anual, volumen a precios del año anterior encadenado, referencia 2018 (miles de millones de pesos encadenados)",F035.XSE.FLU.R.CLP.2018.102.Z.Z.08.0.A,Agropecuario-Silvícola-Pesca,A,08,Biobío,102,Agropecuario-silvícola-pesca,Exportaciones Regionales,Pesos Chilenos (CLP)
Regionales,"Componentes de las exportaciones Región del Biobío, anual, volumen a precios del año anterior encadenado, referencia 2018 (miles de millones de pesos encadenados)",F035.XSE.FLU.R.CLP.2018.03.Z.Z.08.0.A,Minería,A,08,Biobío,03,Minería,Exportaciones Regionales,Pesos Chilenos (CLP)
Regionales,"Componentes de las exportaciones Región del Biobío, anual, volumen a precios del año anterior encadenado, referencia 2018 (miles de millones de pesos encadenados)",F035.XSE.FLU.R.CLP.2018.04.Z.Z.08.0.A,Industria,A,08,Biobío,04,Industria,Exportaciones Regionales,Pesos Chilenos (CLP)
Regionales,"Componentes de las exportaciones Región del Biobío, anual, volumen a precios del año anterior encadenado, referencia 2018 (miles de millones de pesos encadenados)",F035.XSE.FLU.R.CLP.2018.XBS.Z.Z.08.0.A,Exportación Servicios,A,08,Biobío,XBS,Exportaciones de servicios,Exportaciones Regionales,Pesos Chilenos (CLP)
Regionales,"Componentes de las exportaciones Región de La Araucanía, anual, volumen a precios del año anterior encadenado, referencia 2018 (miles de millones de pesos encadenados)",F035.XSE.FLU.R.CLP.2018.XBI.Z.Z.09.0.A,Exportación Bienes,A,09,La Araucanía,XBI,Exportaciones de bienes,Exportaciones Regionales,Pesos Chilenos (CLP)
Regionales,"Componentes de las exportaciones Región de La Araucanía, anual, volumen a precios del año anterior encadenado, referencia 2018 (miles de millones de pesos encadenados)",F035.XSE.FLU.R.CLP.2018.102.Z.Z.09.0.A,Agropecuario-Silvícola-Pesca,A,09,La Araucanía,102,Agropecuario-silvícola-pesca,Exportaciones Regionales,Pesos Chilenos (CLP)
Regionales,"Componentes de las exportaciones Región de La Araucanía, anual, volumen a precios del año anterior encadenado, referencia 2018 (miles de millones de pesos encadenados)",F035.XSE.FLU.R.CLP.2018.03.Z.Z.09.0.A,Minería,A,09,La Araucanía,03,Minería,Exportaciones Regionales,Pesos Chilenos (CLP)
Regionales,"Componentes de las exportaciones Región de La Araucanía, anual, volumen a precios del año anterior encadenado, referencia 2018 (miles de millones de pesos encadenados)",F035.XSE.FLU.R.CLP.2018.04.Z.Z.09.0.A,Industria,A,09,La Araucanía,04,Industria,Exportaciones Regionales,Pesos Chilenos (CLP)
Regionales,"Componentes de las exportaciones Región de La Araucanía, anual, volumen a precios del año anterior encadenado, referencia 2018 (miles de millones de pesos encadenados)",F035.XSE.FLU.R.CLP.2018.XBS.Z.Z.09.0.A,Exportación Servicios,A,09,La Araucanía,XBS,Exportaciones de servicios,Exportaciones Regionales,Pesos Chilenos (CLP)
Regionales,"Componentes de las exportaciones Región de Los Ríos, anual, volumen a precios del año anterior encadenado, referencia 2018 (miles de millones de pesos encadenados)",F035.XSE.FLU.R.CLP.2018.XBI.Z.Z.14.0.A,Exportación Bienes,A,14,Los Ríos,XBI,Exportaciones de bienes,Exportaciones Regionales,Pesos Chilenos (CLP)
Regionales,"Componentes de las exportaciones Región de Los Ríos, anual, volumen a precios del año anterior encadenado, referencia 2018 (miles de millones de pesos encadenados)",F035.XSE.FLU.R.CLP.2018.102.Z.Z.14.0.A,Agropecuario-Silvícola-Pesca,A,14,Los Ríos,102,Agropecuario-silvícola-pesca,Exportaciones Regionales,Pesos Chilenos (CLP)
Regionales,"Componentes de las exportaciones Región de Los Ríos, anual, volumen a precios del año anterior encadenado, referencia 2018 (miles de millones de pesos encadenados)",F035.XSE.FLU.R.CLP.2018.03.Z.Z.14.0.A,Minería,A,14,Los Ríos,03,Minería,Exportaciones Regionales,Pesos Chilenos (CLP)
Regionales,"Componentes de las exportaciones Región de Los Ríos, anual, volumen a precios del año anterior encadenado, referencia 2018 (miles de millones de pesos encadenados)",F035.XSE.FLU.R.CLP.2018.04.Z.Z.14.0.A,Industria,A,14,Los Ríos,04,Industria,Exportaciones Regionales,Pesos Chilenos (CLP)
Regionales,"Componentes de las exportaciones Región de Los Ríos, anual, volumen a precios del año anterior encadenado, referencia 2018 (miles de millones de pesos encadenados)",F035.XSE.FLU.R.CLP.2018.XBS.Z.Z.14.0.A,Exportación Servicios,A,14,Los Ríos,XBS,Exportaciones de servicios,Exportaciones Regionales,Pesos Chilenos (CLP)
Regionales,"Componentes de las exportaciones Región de Los Lagos, anual, volumen a precios del año anterior encadenado, referencia 2018 (miles de millones de pesos encadenados)",F035.XSE.FLU.R.CLP.2018.XBI.Z.Z.10.0.A,Exportación Bienes,A,10,Los Lagos,XBI,Exportaciones de bienes,Exportaciones Regionales,Pesos Chilenos (CLP)
Regionales,"Componentes de las exportaciones Región de Los Lagos, anual, volumen a precios del año anterior encadenado, referencia 2018 (miles de millones de pesos encadenados)",F035.XSE.FLU.R.CLP.2018.102.Z.Z.10.0.A,Agropecuario-Silvícola-Pesca,A,10,Los Lagos,102,Agropecuario-silvícola-pesca,Exportaciones Regionales,Pesos Chilenos (CLP)
Regionales,"Componentes de las exportaciones Región de Los Lagos, anual, volumen a precios del año anterior encadenado, referencia 2018 (miles de millones de pesos encadenados)",F035.XSE.FLU.R.CLP.2018.03.Z.Z.10.0.A,Minería,A,10,Los Lagos,03,Minería,Exportaciones Regionales,Pesos Chilenos (CLP)
Regionales,"Componentes de las exportaciones Región de Los Lagos, anual, volumen a precios del año anterior encadenado, referencia 2018 (miles de millones de pesos encadenados)",F035.XSE.FLU.R.CLP.2018.04.Z.Z.10.0.A,Industria,A,10,Los Lagos,04,Industria,Exportaciones Regionales,Pesos Chilenos (CLP)
Regionales,"Componentes de las exportaciones Región de Los Lagos, anual, volumen a precios del año anterior encadenado, referencia 2018 (miles de millones de pesos encadenados)",F035.XSE.FLU.R.CLP.2018.XBS.Z.Z.10.0.A,Exportación Servicios,A,10,Los Lagos,XBS,Exportaciones de servicios,Exportaciones Regionales,Pesos Chilenos (CLP)
Regionales,"Componentes de las exportaciones Región de Aysén del General Carlos Ibáñez del Campo, anual, volumen a precios del año anterior encadenado, referencia 2018 (miles de millones de pesos encadenados)",F035.XSE.FLU.R.CLP.2018.XBI.Z.Z.11.0.A,Exportación Bienes,A,11,Aysén,XBI,Exportaciones de bienes,Exportaciones Regionales,Pesos Chilenos (CLP)
Regionales,"Componentes de las exportaciones Región de Aysén del General Carlos Ibáñez del Campo, anual, volumen a precios del año anterior encadenado, referencia 2018 (miles de millones de pesos encadenados)",F035.XSE.FLU.R.CLP.2018.102.Z.Z.11.0.A,Agropecuario-Silvícola-Pesca,A,11,Aysén,102,Agropecuario-silvícola-pesca,Exportaciones Regionales,Pesos Chilenos (CLP)
Regionales,"Componentes de las exportaciones Región de Aysén del General Carlos Ibáñez del Campo, anual, volumen a precios del año anterior encadenado, referencia 2018 (miles de millones de pesos encadenados)",F035.XSE.FLU.R.CLP.2018.03.Z.Z.11.0.A,Minería,A,11,Aysén,03,Minería,Exportaciones Regionales,Pesos Chilenos (CLP)
Regionales,"Componentes de las exportaciones Región de Aysén del General Carlos Ibáñez del Campo, anual, volumen a precios del año anterior encadenado, referencia 2018 (miles de millones de pesos encadenados)",F035.XSE.FLU.R.CLP.2018.04.Z.Z.11.0.A,Industria,A,11,Aysén,04,Industria,Exportaciones Regionales,Pesos Chilenos (CLP)
Regionales,"Componentes de las exportaciones Región de Aysén del General Carlos Ibáñez del Campo, anual, volumen a precios del año anterior encadenado, referencia 2018 (miles de millones de pesos encadenados)",F035.XSE.FLU.R.CLP.2018.XBS.Z.Z.11.0.A,Exportación Servicios,A,11,Aysén,XBS,Exportaciones de servicios,Exportaciones Regionales,Pesos Chilenos (CLP)
Regionales,"Componentes de las exportaciones Región de Magallanes y de la Antártica Chilena, anual, volumen a precios del año anterior encadenado, referencia 2018 (miles de millones de pesos encadenados)",F035.XSE.FLU.R.CLP.2018.XBI.Z.Z.12.0.A,Exportación Bienes,A,12,Magallanes,XBI,Exportaciones de bienes,Exportaciones Regionales,Pesos Chilenos (CLP)
Regionales,"Componentes de las exportaciones Región de Magallanes y de la Antártica Chilena, anual, volumen a precios del año anterior encadenado, referencia 2018 (miles de millones de pesos encadenados)",F035.XSE.FLU.R.CLP.2018.102.Z.Z.12.0.A,Agropecuario-Silvícola-Pesca,A,12,Magallanes,102,Agropecuario-silvícola-pesca,Exportaciones Regionales,Pesos Chilenos (CLP)
Regionales,"Componentes de las exportaciones Región de Magallanes y de la Antártica Chilena, anual, volumen a precios del año anterior encadenado, referencia 2018 (miles de millones de pesos encadenados)",F035.XSE.FLU.R.CLP.2018.03.Z.Z.12.0.A,Minería,A,12,Magallanes,03,Minería,Exportaciones Regionales,Pesos Chilenos (CLP)
Regionales,"Componentes de las exportaciones Región de Magallanes y de la Antártica Chilena, anual, volumen a precios del año anterior encadenado, referencia 2018 (miles de millones de pesos encadenados)",F035.XSE.FLU.R.CLP.2018.04.Z.Z.12.0.A,Industria,A,12,Magallanes,04,Industria,Exportaciones Regionales,Pesos Chilenos (CLP)
Regionales,"Componentes de las exportaciones Región de Magallanes y de la Antártica Chilena, anual, volumen a precios del año anterior encadenado, referencia 2018 (miles de millones de pesos encadenados)",F035.XSE.FLU.R.CLP.2018.XBS.Z.Z.12.0.A,Exportación Servicios,A,12,Magallanes,XBS,Exportaciones de servicios,Exportaciones Regionales,Pesos Chilenos (CLP)
Regionales,"Exportación de bienes y servicios regional, anual, contribución porcentual respecto de igual periodo del año anterior, referencia 2018",F035.XSE.V12.R.Z.2018.Z.Z.Z.15.0.A,Región de Arica y Parinacota,A,15,Arica y Parinacota,Z,Total regional (sin desglose sectorial),Exportaciones Regionales,No Especificada
Regionales,"Exportación de bienes y servicios regional, anual, contribución porcentual respecto de igual periodo del año anterior, referencia 2018",F035.XSE.V12.R.Z.2018.Z.Z.Z.01.0.A,Región de Tarapacá,A,01,Tarapacá,Z,Total regional (sin desglose sectorial),Exportaciones Regionales,No Especificada
Regionales,"Exportación de bienes y servicios regional, anual, contribución porcentual respecto de igual periodo del año anterior, referencia 2018",F035.XSE.V12.R.Z.2018.Z.Z.Z.02.0.A,Región de Antofagasta,A,02,Antofagasta,Z,Total regional (sin desglose sectorial),Exportaciones Regionales,No Especificada
Regionales,"Exportación de bienes y servicios regional, anual, contribución porcentual respecto de igual periodo del año anterior, referencia 2018",F035.XSE.V12.R.Z.2018.Z.Z.Z.03.0.A,Región de Atacama,A,03,Atacama,Z,Total regional (sin desglose sectorial),Exportaciones Regionales,No Especificada
Regionales,"Exportación de bienes y servicios regional, anual, contribución porcentual respecto de igual periodo del año anterior, referencia 2018",F035.XSE.V12.R.Z.2018.Z.Z.Z.04.0.A,Región de Coquimbo,A,04,Coquimbo,Z,Total regional (sin desglose sectorial),Exportaciones Regionales,No Especificada
Regionales,"Exportación de bienes y servicios regional, anual, contribución porcentual respecto de igual periodo del año anterior, referencia 2018",F035.XSE.V12.R.Z.2018.Z.Z.Z.05.0.A,Región de Valparaíso,A,05,Valparaíso,Z,Total regional (sin desglose sectorial),Exportaciones Regionales,No Especificada
Regionales,"Exportación de bienes y servicios regional, anual, contribución porcentual respecto de igual periodo del año anterior, referencia 2018",F035.XSE.V12.R.Z.2018.Z.Z.Z.13.0.A,Región Metropolitana de Santiago,A,13,Metropolitana de Santiago,Z,Total regional (sin desglose sectorial),Exportaciones Regionales,No Especificada
Regionales,"Exportación de bienes y servicios regional, anual, contribución porcentual respecto de igual periodo del año anterior, referencia 2018",F035.XSE.V12.R.Z.2018.Z.Z.Z.06.0.A,Región del Libertador General Bernardo OHiggins,A,06,O'Higgins,Z,Total regional (sin desglose sectorial),Exportaciones Regionales,No Especificada
Regionales,"Exportación de bienes y servicios regional, anual, contribución porcentual respecto de igual periodo del año anterior, referencia 2018",F035.XSE.V12.R.Z.2018.Z.Z.Z.07.0.A,Región de Maule,A,07,Maule,Z,Total regional (sin desglose sectorial),Exportaciones Regionales,No Especificada
Regionales,"Exportación de bienes y servicios regional, anual, contribución porcentual respecto de igual periodo del año anterior, referencia 2018",F035.XSE.V12.R.Z.2018.Z.Z.Z.16.0.A,Región de Ñuble,A,16,Ñuble,Z,Total regional (sin desglose sectorial),Exportaciones Regionales,No Especificada
Regionales,"Exportación de bienes y servicios regional, anual, contribución porcentual respecto de igual periodo del año anterior, referencia 2018",F035.XSE.V12.R.Z.2018.Z.Z.Z.08.0.A,Región del Biobío,A,08,Biobío,Z,Total regional (sin desglose sectorial),Exportaciones Regionales,No Especificada
Regionales,"Exportación de bienes y servicios regional, anual, contribución porcentual respecto de igual periodo del año anterior, referencia 2018",F035.XSE.V12.R.Z.2018.Z.Z.Z.09.0.A,Región de La Araucanía,A,09,La Araucanía,Z,Total regional (sin desglose sectorial),Exportaciones Regionales,No Especificada
Regionales,"Exportación de bienes y servicios regional, anual, contribución porcentual respecto de igual periodo del año anterior, referencia 2018",F035.XSE.V12.R.Z.2018.Z.Z.Z.14.0.A,Región de Los Ríos,A,14,Los Ríos,Z,Total regional (sin desglose sectorial),Exportaciones Regionales,No Especificada
Regionales,"Exportación de bienes y servicios regional, anual, contribución porcentual respecto de igual periodo del año anterior, referencia 2018",F035.XSE.V12.R.Z.2018.Z.Z.Z.10.0.A,Región de Los Lagos,A,10,Los Lagos,Z,Total regional (sin desglose sectorial),Exportaciones Regionales,No Especificada
Regionales,"Exportación de bienes y servicios regional, anual, contribución porcentual respecto de igual periodo del año anterior, referencia 2018",F035.XSE.V12.R.Z.2018.Z.Z.Z.11.0.A,Región de Aysén del General Carlos Ibáñez del Campo,A,11,Aysén,Z,Total regional (sin desglose sectorial),Exportaciones Regionales,No Especificada
Regionales,"Exportación de bienes y servicios regional, anual, contribución porcentual respecto de igual periodo del año anterior, referencia 2018",F035.XSE.V12.R.Z.2018.Z.Z.Z.12.0.A,Región de Magallanes y de la Antártica Chilena,A,12,Magallanes,Z,Total regional (sin desglose sectorial),Exportaciones Regionales,No Especificada
Regionales,"Exportación de bienes y servicios regional, anual, contribución porcentual respecto de igual periodo del año anterior, referencia 2018",F035.XSE.V12.R.Z.2018.Z.Z.Z.98.0.A,Subtotal regionalizado,A,Nacional,Total Nacional,Z,Total regional (sin desglose sectorial),Exportaciones Regionales,No Especificada
Regionales,"Exportación de bienes y servicios regional, anual, contribución porcentual respecto de igual periodo del año anterior, referencia 2018",F035.XSE.V12.R.Z.2018.Z.Z.Z.99.0.A,Extrarregional,A,Nacional,Total Nacional,Z,Total regional (sin desglose sectorial),Exportaciones Regionales,No Especificada
Regionales,"Exportación de bienes y servicios regional, anual, contribución porcentual respecto de igual periodo del año anterior, referencia 2018",F035.XSE.V12.R.Z.2018.Z.Z.Z.Z.0.A,Exportaciones de Bienes y Servicios,A,Nacional,Total Nacional,Z,Total regional (sin desglose sectorial),Exportaciones Regionales,No Especificada
Regionales,"Exportación de bienes y servicios Región de Arica y Parinacota, anual, contribución porcentual respecto de igual periodo del año anterior, referencia 2018",F035.XSE.V12.R.Z.2018.XBI.Z.Z.15.0.A,Exportación Bienes,A,15,Arica y Parinacota,XBI,Exportaciones de bienes,Exportaciones Regionales,No Especificada
Regionales,"Exportación de bienes y servicios Región de Arica y Parinacota, anual, contribución porcentual respecto de igual periodo del año anterior, referencia 2018",F035.XSE.V12.R.Z.2018.102.Z.Z.15.0.A,Agropecuario-Silvícola-Pesca,A,15,Arica y Parinacota,102,Agropecuario-silvícola-pesca,Exportaciones Regionales,No Especificada
Regionales,"Exportación de bienes y servicios Región de Arica y Parinacota, anual, contribución porcentual respecto de igual periodo del año anterior, referencia 2018",F035.XSE.V12.R.Z.2018.03.Z.Z.15.0.A,Minería,A,15,Arica y Parinacota,03,Minería,Exportaciones Regionales,No Especificada
Regionales,"Exportación de bienes y servicios Región de Arica y Parinacota, anual, contribución porcentual respecto de igual periodo del año anterior, referencia 2018",F035.XSE.V12.R.Z.2018.04.Z.Z.15.0.A,Industria,A,15,Arica y Parinacota,04,Industria,Exportaciones Regionales,No Especificada
Regionales,"Exportación de bienes y servicios Región de Arica y Parinacota, anual, contribución porcentual respecto de igual periodo del año anterior, referencia 2018",F035.XSE.V12.R.Z.2018.XBS.Z.Z.15.0.A,Exportación Servicios,A,15,Arica y Parinacota,XBS,Exportaciones de servicios,Exportaciones Regionales,No Especificada
Regionales,"Exportación de bienes y servicios Región de Arica y Parinacota, anual, contribución porcentual respecto de igual periodo del año anterior, referencia 2018",F035.XSE.V12.R.Z.2018.XBSSR.Z.Z.15.0.A,Exportaciones de Bienes y Servicios,A,15,Arica y Parinacota,XBSSR,Exportaciones de bienes y servicios,Exportaciones Regionales,No Especificada
Regionales,"Exportación de bienes y servicios Región de Tarapacá, anual, contribución porcentual respecto de igual periodo del año anterior, referencia 2018",F035.XSE.V12.R.Z.2018.XBI.Z.Z.01.0.A,Exportación Bienes,A,01,Tarapacá,XBI,Exportaciones de bienes,Exportaciones Regionales,No Especificada
Regionales,"Exportación de bienes y servicios Región de Tarapacá, anual, contribución porcentual respecto de igual periodo del año anterior, referencia 2018",F035.XSE.V12.R.Z.2018.102.Z.Z.01.0.A,Agropecuario-Silvícola-Pesca,A,01,Tarapacá,102,Agropecuario-silvícola-pesca,Exportaciones Regionales,No Especificada
Regionales,"Exportación de bienes y servicios Región de Tarapacá, anual, contribución porcentual respecto de igual periodo del año anterior, referencia 2018",F035.XSE.V12.R.Z.2018.03.Z.Z.01.0.A,Minería,A,01,Tarapacá,03,Minería,Exportaciones Regionales,No Especificada
Regionales,"Exportación de bienes y servicios Región de Tarapacá, anual, contribución porcentual respecto de igual periodo del año anterior, referencia 2018",F035.XSE.V12.R.Z.2018.04.Z.Z.01.0.A,Industria,A,01,Tarapacá,04,Industria,Exportaciones Regionales,No Especificada
Regionales,"Exportación de bienes y servicios Región de Tarapacá, anual, contribución porcentual respecto de igual periodo del año anterior, referencia 2018",F035.XSE.V12.R.Z.2018.XBS.Z.Z.01.0.A,Exportación Servicios,A,01,Tarapacá,XBS,Exportaciones de servicios,Exportaciones Regionales,No Especificada
Regionales,"Exportación de bienes y servicios Región de Tarapacá, anual, contribución porcentual respecto de igual periodo del año anterior, referencia 2018",F035.XSE.V12.R.Z.2018.XBSSR.Z.Z.01.0.A,Exportaciones de Bienes y Servicios,A,01,Tarapacá,XBSSR,Exportaciones de bienes y servicios,Exportaciones Regionales,No Especificada
Regionales,"Exportación de bienes y servicios Región de Antofagasta, anual, contribución porcentual respecto de igual periodo del año anterior, referencia 2018",F035.XSE.V12.R.Z.2018.XBI.Z.Z.02.0.A,Exportación Bienes,A,02,Antofagasta,XBI,Exportaciones de bienes,Exportaciones Regionales,No Especificada
Regionales,"Exportación de bienes y servicios Región de Antofagasta, anual, contribución porcentual respecto de igual periodo del año anterior, referencia 2018",F035.XSE.V12.R.Z.2018.102.Z.Z.02.0.A,Agropecuario-Silvícola-Pesca,A,02,Antofagasta,102,Agropecuario-silvícola-pesca,Exportaciones Regionales,No Especificada
Regionales,"Exportación de bienes y servicios Región de Antofagasta, anual, contribución porcentual respecto de igual periodo del año anterior, referencia 2018",F035.XSE.V12.R.Z.2018.03.Z.Z.02.0.A,Minería,A,02,Antofagasta,03,Minería,Exportaciones Regionales,No Especificada
Regionales,"Exportación de bienes y servicios Región de Antofagasta, anual, contribución porcentual respecto de igual periodo del año anterior, referencia 2018",F035.XSE.V12.R.Z.2018.04.Z.Z.02.0.A,Industria,A,02,Antofagasta,04,Industria,Exportaciones Regionales,No Especificada
Regionales,"Exportación de bienes y servicios Región de Antofagasta, anual, contribución porcentual respecto de igual periodo del año anterior, referencia 2018",F035.XSE.V12.R.Z.2018.XBS.Z.Z.02.0.A,Exportación Servicios,A,02,Antofagasta,XBS,Exportaciones de servicios,Exportaciones Regionales,No Especificada
Regionales,"Exportación de bienes y servicios Región de Antofagasta, anual, contribución porcentual respecto de igual periodo del año anterior, referencia 2018",F035.XSE.V12.R.Z.2018.XBSSR.Z.Z.02.0.A,Exportaciones de Bienes y Servicios,A,02,Antofagasta,XBSSR,Exportaciones de bienes y servicios,Exportaciones Regionales,No Especificada
Regionales,"Exportación de bienes y servicios Región de Atacama, anual, contribución porcentual respecto de igual periodo del año anterior, referencia 2018",F035.XSE.V12.R.Z.2018.XBI.Z.Z.03.0.A,Exportación Bienes,A,03,Atacama,XBI,Exportaciones de bienes,Exportaciones Regionales,No Especificada
Regionales,"Exportación de bienes y servicios Región de Atacama, anual, contribución porcentual respecto de igual periodo del año anterior, referencia 2018",F035.XSE.V12.R.Z.2018.102.Z.Z.03.0.A,Agropecuario-Silvícola-Pesca,A,03,Atacama,102,Agropecuario-silvícola-pesca,Exportaciones Regionales,No Especificada
Regionales,"Exportación de bienes y servicios Región de Atacama, anual, contribución porcentual respecto de igual periodo del año anterior, referencia 2018",F035.XSE.V12.R.Z.2018.03.Z.Z.03.0.A,Minería,A,03,Atacama,03,Minería,Exportaciones Regionales,No Especificada
Regionales,"Exportación de bienes y servicios Región de Atacama, anual, contribución porcentual respecto de igual periodo del año anterior, referencia 2018",F035.XSE.V12.R.Z.2018.04.Z.Z.03.0.A,Industria,A,03,Atacama,04,Industria,Exportaciones Regionales,No Especificada
Regionales,"Exportación de bienes y servicios Región de Atacama, anual, contribución porcentual respecto de igual periodo del año anterior, referencia 2018",F035.XSE.V12.R.Z.2018.XBS.Z.Z.03.0.A,Exportación Servicios,A,03,Atacama,XBS,Exportaciones de servicios,Exportaciones Regionales,No Especificada
Regionales,"Exportación de bienes y servicios Región de Atacama, anual, contribución porcentual respecto de igual periodo del año anterior, referencia 2018",F035.XSE.V12.R.Z.2018.XBSSR.Z.Z.03.0.A,Exportaciones de Bienes y Servicios,A,03,Atacama,XBSSR,Exportaciones de bienes y servicios,Exportaciones Regionales,No Especificada
Regionales,"Exportación de bienes y servicios Región de Coquimbo, anual, contribución porcentual respecto de igual periodo del año anterior, referencia 2018",F035.XSE.V12.R.Z.2018.XBI.Z.Z.04.0.A,Exportación Bienes,A,04,Coquimbo,XBI,Exportaciones de bienes,Exportaciones Regionales,No Especificada
Regionales,"Exportación de bienes y servicios Región de Coquimbo, anual, contribución porcentual respecto de igual periodo del año anterior, referencia 2018",F035.XSE.V12.R.Z.2018.102.Z.Z.04.0.A,Agropecuario-Silvícola-Pesca,A,04,Coquimbo,102,Agropecuario-silvícola-pesca,Exportaciones Regionales,No Especificada
Regionales,"Exportación de bienes y servicios Región de Coquimbo, anual, contribución porcentual respecto de igual periodo del año anterior, referencia 2018",F035.XSE.V12.R.Z.2018.03.Z.Z.04.0.A,Minería,A,04,Coquimbo,03,Minería,Exportaciones Regionales,No Especificada
Regionales,"Exportación de bienes y servicios Región de Coquimbo, anual, contribución porcentual respecto de igual periodo del año anterior, referencia 2018",F035.XSE.V12.R.Z.2018.04.Z.Z.04.0.A,Industria,A,04,Coquimbo,04,Industria,Exportaciones Regionales,No Especificada
Regionales,"Exportación de bienes y servicios Región de Coquimbo, anual, contribución porcentual respecto de igual periodo del año anterior, referencia 2018",F035.XSE.V12.R.Z.2018.XBS.Z.Z.04.0.A,Exportación Servicios,A,04,Coquimbo,XBS,Exportaciones de servicios,Exportaciones Regionales,No Especificada
Regionales,"Exportación de bienes y servicios Región de Coquimbo, anual, contribución porcentual respecto de igual periodo del año anterior, referencia 2018",F035.XSE.V12.R.Z.2018.XBSSR.Z.Z.04.0.A,Exportaciones de Bienes y Servicios,A,04,Coquimbo,XBSSR,Exportaciones de bienes y servicios,Exportaciones Regionales,No Especificada
Regionales,"Exportación de bienes y servicios Región de Valparaíso, anual, contribución porcentual respecto de igual periodo del año anterior, referencia 2018",F035.XSE.V12.R.Z.2018.XBI.Z.Z.05.0.A,Exportación Bienes,A,05,Valparaíso,XBI,Exportaciones de bienes,Exportaciones Regionales,No Especificada
Regionales,"Exportación de bienes y servicios Región de Valparaíso, anual, contribución porcentual respecto de igual periodo del año anterior, referencia 2018",F035.XSE.V12.R.Z.2018.102.Z.Z.05.0.A,Agropecuario-Silvícola-Pesca,A,05,Valparaíso,102,Agropecuario-silvícola-pesca,Exportaciones Regionales,No Especificada
Regionales,"Exportación de bienes y servicios Región de Valparaíso, anual, contribución porcentual respecto de igual periodo del año anterior, referencia 2018",F035.XSE.V12.R.Z.2018.03.Z.Z.05.0.A,Minería,A,05,Valparaíso,03,Minería,Exportaciones Regionales,No Especificada
Regionales,"Exportación de bienes y servicios Región de Valparaíso, anual, contribución porcentual respecto de igual periodo del año anterior, referencia 2018",F035.XSE.V12.R.Z.2018.04.Z.Z.05.0.A,Industria,A,05,Valparaíso,04,Industria,Exportaciones Regionales,No Especificada
Regionales,"Exportación de bienes y servicios Región de Valparaíso, anual, contribución porcentual respecto de igual periodo del año anterior, referencia 2018",F035.XSE.V12.R.Z.2018.XBS.Z.Z.05.0.A,Exportación Servicios,A,05,Valparaíso,XBS,Exportaciones de servicios,Exportaciones Regionales,No Especificada
Regionales,"Exportación de bienes y servicios Región de Valparaíso, anual, contribución porcentual respecto de igual periodo del año anterior, referencia 2018",F035.XSE.V12.R.Z.2018.XBSSR.Z.Z.05.0.A,Exportaciones de Bienes y Servicios,A,05,Valparaíso,XBSSR,Exportaciones de bienes y servicios,Exportaciones Regionales,No Especificada
Regionales,"Exportación de bienes y servicios Región Metropolitana de Santiago, anual, contribución porcentual respecto de igual periodo del año anterior, referencia 2018",F035.XSE.V12.R.Z.2018.XBI.Z.Z.13.0.A,Exportación Bienes,A,13,Metropolitana de Santiago,XBI,Exportaciones de bienes,Exportaciones Regionales,No Especificada
Regionales,"Exportación de bienes y servicios Región Metropolitana de Santiago, anual, contribución porcentual respecto de igual periodo del año anterior, referencia 2018",F035.XSE.V12.R.Z.2018.102.Z.Z.13.0.A,Agropecuario-Silvícola-Pesca,A,13,Metropolitana de Santiago,102,Agropecuario-silvícola-pesca,Exportaciones Regionales,No Especificada
Regionales,"Exportación de bienes y servicios Región Metropolitana de Santiago, anual, contribución porcentual respecto de igual periodo del año anterior, referencia 2018",F035.XSE.V12.R.Z.2018.03.Z.Z.13.0.A,Minería,A,13,Metropolitana de Santiago,03,Minería,Exportaciones Regionales,No Especificada
Regionales,"Exportación de bienes y servicios Región Metropolitana de Santiago, anual, contribución porcentual respecto de igual periodo del año anterior, referencia 2018",F035.XSE.V12.R.Z.2018.04.Z.Z.13.0.A,Industria,A,13,Metropolitana de Santiago,04,Industria,Exportaciones Regionales,No Especificada
Regionales,"Exportación de bienes y servicios Región Metropolitana de Santiago, anual, contribución porcentual respecto de igual periodo del año anterior, referencia 2018",F035.XSE.V12.R.Z.2018.XBS.Z.Z.13.0.A,Exportación Servicios,A,13,Metropolitana de Santiago,XBS,Exportaciones de servicios,Exportaciones Regionales,No Especificada
Regionales,"Exportación de bienes y servicios Región Metropolitana de Santiago, anual, contribución porcentual respecto de igual periodo del año anterior, referencia 2018",F035.XSE.V12.R.Z.2018.XBSSR.Z.Z.13.0.A,Exportaciones de Bienes y Servicios,A,13,Metropolitana de Santiago,XBSSR,Exportaciones de bienes y servicios,Exportaciones Regionales,No Especificada
Regionales,"Exportación de bienes y servicios Región del Libertador General Bernardo OHiggins, anual, contribución porcentual respecto de igual periodo del año anterior, referencia 2018",F035.XSE.V12.R.Z.2018.XBI.Z.Z.06.0.A,Exportación Bienes,A,06,O'Higgins,XBI,Exportaciones de bienes,Exportaciones Regionales,No Especificada
Regionales,"Exportación de bienes y servicios Región del Libertador General Bernardo OHiggins, anual, contribución porcentual respecto de igual periodo del año anterior, referencia 2018",F035.XSE.V12.R.Z.2018.102.Z.Z.06.0.A,Agropecuario-Silvícola-Pesca,A,06,O'Higgins,102,Agropecuario-silvícola-pesca,Exportaciones Regionales,No Especificada
Regionales,"Exportación de bienes y servicios Región del Libertador General Bernardo OHiggins, anual, contribución porcentual respecto de igual periodo del año anterior, referencia 2018",F035.XSE.V12.R.Z.2018.03.Z.Z.06.0.A,Minería,A,06,O'Higgins,03,Minería,Exportaciones Regionales,No Especificada
Regionales,"Exportación de bienes y servicios Región del Libertador General Bernardo OHiggins, anual, contribución porcentual respecto de igual periodo del año anterior, referencia 2018",F035.XSE.V12.R.Z.2018.04.Z.Z.06.0.A,Industria,A,06,O'Higgins,04,Industria,Exportaciones Regionales,No Especificada
Regionales,"Exportación de bienes y servicios Región del Libertador General Bernardo OHiggins, anual, contribución porcentual respecto de igual periodo del año anterior, referencia 2018",F035.XSE.V12.R.Z.2018.XBS.Z.Z.06.0.A,Exportación Servicios,A,06,O'Higgins,XBS,Exportaciones de servicios,Exportaciones Regionales,No Especificada
Regionales,"Exportación de bienes y servicios Región del Libertador General Bernardo OHiggins, anual, contribución porcentual respecto de igual periodo del año anterior, referencia 2018",F035.XSE.V12.R.Z.2018.XBSSR.Z.Z.06.0.A,Exportaciones de Bienes y Servicios,A,06,O'Higgins,XBSSR,Exportaciones de bienes y servicios,Exportaciones Regionales,No Especificada
Regionales,"Exportación de bienes y servicios Región de Maule, anual, contribución porcentual respecto de igual periodo del año anterior, referencia 2018",F035.XSE.V12.R.Z.2018.XBI.Z.Z.07.0.A,Exportación Bienes,A,07,Maule,XBI,Exportaciones de bienes,Exportaciones Regionales,No Especificada
Regionales,"Exportación de bienes y servicios Región de Maule, anual, contribución porcentual respecto de igual periodo del año anterior, referencia 2018",F035.XSE.V12.R.Z.2018.102.Z.Z.07.0.A,Agropecuario-Silvícola-Pesca,A,07,Maule,102,Agropecuario-silvícola-pesca,Exportaciones Regionales,No Especificada
Regionales,"Exportación de bienes y servicios Región de Maule, anual, contribución porcentual respecto de igual periodo del año anterior, referencia 2018",F035.XSE.V12.R.Z.2018.03.Z.Z.07.0.A,Minería,A,07,Maule,03,Minería,Exportaciones Regionales,No Especificada
Regionales,"Exportación de bienes y servicios Región de Maule, anual, contribución porcentual respecto de igual periodo del año anterior, referencia 2018",F035.XSE.V12.R.Z.2018.04.Z.Z.07.0.A,Industria,A,07,Maule,04,Industria,Exportaciones Regionales,No Especificada
Regionales,"Exportación de bienes y servicios Región de Maule, anual, contribución porcentual respecto de igual periodo del año anterior, referencia 2018",F035.XSE.V12.R.Z.2018.XBS.Z.Z.07.0.A,Exportación Servicios,A,07,Maule,XBS,Exportaciones de servicios,Exportaciones Regionales,No Especificada
Regionales,"Exportación de bienes y servicios Región de Maule, anual, contribución porcentual respecto de igual periodo del año anterior, referencia 2018",F035.XSE.V12.R.Z.2018.XBSSR.Z.Z.07.0.A,Exportaciones de Bienes y Servicios,A,07,Maule,XBSSR,Exportaciones de bienes y servicios,Exportaciones Regionales,No Especificada
Regionales,"Exportación de bienes y servicios Región de Ñuble, anual, contribución porcentual respecto de igual periodo del año anterior, referencia 2018",F035.XSE.V12.R.Z.2018.XBI.Z.Z.16.0.A,Exportación Bienes,A,16,Ñuble,XBI,Exportaciones de bienes,Exportaciones Regionales,No Especificada
Regionales,"Exportación de bienes y servicios Región de Ñuble, anual, contribución porcentual respecto de igual periodo del año anterior, referencia 2018",F035.XSE.V12.R.Z.2018.102.Z.Z.16.0.A,Agropecuario-Silvícola-Pesca,A,16,Ñuble,102,Agropecuario-silvícola-pesca,Exportaciones Regionales,No Especificada
Regionales,"Exportación de bienes y servicios Región de Ñuble, anual, contribución porcentual respecto de igual periodo del año anterior, referencia 2018",F035.XSE.V12.R.Z.2018.03.Z.Z.16.0.A,Minería,A,16,Ñuble,03,Minería,Exportaciones Regionales,No Especificada
Regionales,"Exportación de bienes y servicios Región de Ñuble, anual, contribución porcentual respecto de igual periodo del año anterior, referencia 2018",F035.XSE.V12.R.Z.2018.04.Z.Z.16.0.A,Industria,A,16,Ñuble,04,Industria,Exportaciones Regionales,No Especificada
Regionales,"Exportación de bienes y servicios Región de Ñuble, anual, contribución porcentual respecto de igual periodo del año anterior, referencia 2018",F035.XSE.V12.R.Z.2018.XBS.Z.Z.16.0.A,Exportación Servicios,A,16,Ñuble,XBS,Exportaciones de servicios,Exportaciones Regionales,No Especificada
Regionales,"Exportación de bienes y servicios Región de Ñuble, anual, contribución porcentual respecto de igual periodo del año anterior, referencia 2018",F035.XSE.V12.R.Z.2018.XBSSR.Z.Z.16.0.A,Exportaciones de Bienes y Servicios,A,16,Ñuble,XBSSR,Exportaciones de bienes y servicios,Exportaciones Regionales,No Especificada
Regionales,"Exportación de bienes y servicios Región del Biobío, anual, contribución porcentual respecto de igual periodo del año anterior, referencia 2018",F035.XSE.V12.R.Z.2018.XBI.Z.Z.08.0.A,Exportación Bienes,A,08,Biobío,XBI,Exportaciones de bienes,Exportaciones Regionales,No Especificada
Regionales,"Exportación de bienes y servicios Región del Biobío, anual, contribución porcentual respecto de igual periodo del año anterior, referencia 2018",F035.XSE.V12.R.Z.2018.102.Z.Z.08.0.A,Agropecuario-Silvícola-Pesca,A,08,Biobío,102,Agropecuario-silvícola-pesca,Exportaciones Regionales,No Especificada
Regionales,"Exportación de bienes y servicios Región del Biobío, anual, contribución porcentual respecto de igual periodo del año anterior, referencia 2018",F035.XSE.V12.R.Z.2018.03.Z.Z.08.0.A,Minería,A,08,Biobío,03,Minería,Exportaciones Regionales,No Especificada
Regionales,"Exportación de bienes y servicios Región del Biobío, anual, contribución porcentual respecto de igual periodo del año anterior, referencia 2018",F035.XSE.V12.R.Z.2018.04.Z.Z.08.0.A,Industria,A,08,Biobío,04,Industria,Exportaciones Regionales,No Especificada
Regionales,"Exportación de bienes y servicios Región del Biobío, anual, contribución porcentual respecto de igual periodo del año anterior, referencia 2018",F035.XSE.V12.R.Z.2018.XBS.Z.Z.08.0.A,Exportación Servicios,A,08,Biobío,XBS,Exportaciones de servicios,Exportaciones Regionales,No Especificada
Regionales,"Exportación de bienes y servicios Región del Biobío, anual, contribución porcentual respecto de igual periodo del año anterior, referencia 2018",F035.XSE.V12.R.Z.2018.XBSSR.Z.Z.08.0.A,Exportaciones de Bienes y Servicios,A,08,Biobío,XBSSR,Exportaciones de bienes y servicios,Exportaciones Regionales,No Especificada
Regionales,"Exportación de bienes y servicios Región de La Araucanía, anual, contribución porcentual respecto de igual periodo del año anterior, referencia 2018",F035.XSE.V12.R.Z.2018.XBI.Z.Z.09.0.A,Exportación Bienes,A,09,La Araucanía,XBI,Exportaciones de bienes,Exportaciones Regionales,No Especificada
Regionales,"Exportación de bienes y servicios Región de La Araucanía, anual, contribución porcentual respecto de igual periodo del año anterior, referencia 2018",F035.XSE.V12.R.Z.2018.102.Z.Z.09.0.A,Agropecuario-Silvícola-Pesca,A,09,La Araucanía,102,Agropecuario-silvícola-pesca,Exportaciones Regionales,No Especificada
Regionales,"Exportación de bienes y servicios Región de La Araucanía, anual, contribución porcentual respecto de igual periodo del año anterior, referencia 2018",F035.XSE.V12.R.Z.2018.03.Z.Z.09.0.A,Minería,A,09,La Araucanía,03,Minería,Exportaciones Regionales,No Especificada
Regionales,"Exportación de bienes y servicios Región de La Araucanía, anual, contribución porcentual respecto de igual periodo del año anterior, referencia 2018",F035.XSE.V12.R.Z.2018.04.Z.Z.09.0.A,Industria,A,09,La Araucanía,04,Industria,Exportaciones Regionales,No Especificada
Regionales,"Exportación de bienes y servicios Región de La Araucanía, anual, contribución porcentual respecto de igual periodo del año anterior, referencia 2018",F035.XSE.V12.R.Z.2018.XBS.Z.Z.09.0.A,Exportación Servicios,A,09,La Araucanía,XBS,Exportaciones de servicios,Exportaciones Regionales,No Especificada
Regionales,"Exportación de bienes y servicios Región de La Araucanía, anual, contribución porcentual respecto de igual periodo del año anterior, referencia 2018",F035.XSE.V12.R.Z.2018.XBSSR.Z.Z.09.0.A,Exportaciones de Bienes y Servicios,A,09,La Araucanía,XBSSR,Exportaciones de bienes y servicios,Exportaciones Regionales,No Especificada
Regionales,"Exportación de bienes y servicios Región de Los Ríos, anual, contribución porcentual respecto de igual periodo del año anterior, referencia 2018",F035.XSE.V12.R.Z.2018.XBI.Z.Z.14.0.A,Exportación Bienes,A,14,Los Ríos,XBI,Exportaciones de bienes,Exportaciones Regionales,No Especificada
Regionales,"Exportación de bienes y servicios Región de Los Ríos, anual, contribución porcentual respecto de igual periodo del año anterior, referencia 2018",F035.XSE.V12.R.Z.2018.102.Z.Z.14.0.A,Agropecuario-Silvícola-Pesca,A,14,Los Ríos,102,Agropecuario-silvícola-pesca,Exportaciones Regionales,No Especificada
Regionales,"Exportación de bienes y servicios Región de Los Ríos, anual, contribución porcentual respecto de igual periodo del año anterior, referencia 2018",F035.XSE.V12.R.Z.2018.03.Z.Z.14.0.A,Minería,A,14,Los Ríos,03,Minería,Exportaciones Regionales,No Especificada
Regionales,"Exportación de bienes y servicios Región de Los Ríos, anual, contribución porcentual respecto de igual periodo del año anterior, referencia 2018",F035.XSE.V12.R.Z.2018.04.Z.Z.14.0.A,Industria,A,14,Los Ríos,04,Industria,Exportaciones Regionales,No Especificada
Regionales,"Exportación de bienes y servicios Región de Los Ríos, anual, contribución porcentual respecto de igual periodo del año anterior, referencia 2018",F035.XSE.V12.R.Z.2018.XBS.Z.Z.14.0.A,Exportación Servicios,A,14,Los Ríos,XBS,Exportaciones de servicios,Exportaciones Regionales,No Especificada
Regionales,"Exportación de bienes y servicios Región de Los Ríos, anual, contribución porcentual respecto de igual periodo del año anterior, referencia 2018",F035.XSE.V12.R.Z.2018.XBSSR.Z.Z.14.0.A,Exportaciones de Bienes y Servicios,A,14,Los Ríos,XBSSR,Exportaciones de bienes y servicios,Exportaciones Regionales,No Especificada
Regionales,"Exportación de bienes y servicios Región de Los Lagos, anual, contribución porcentual respecto de igual periodo del año anterior, referencia 2018",F035.XSE.V12.R.Z.2018.XBI.Z.Z.10.0.A,Exportación Bienes,A,10,Los Lagos,XBI,Exportaciones de bienes,Exportaciones Regionales,No Especificada
Regionales,"Exportación de bienes y servicios Región de Los Lagos, anual, contribución porcentual respecto de igual periodo del año anterior, referencia 2018",F035.XSE.V12.R.Z.2018.102.Z.Z.10.0.A,Agropecuario-Silvícola-Pesca,A,10,Los Lagos,102,Agropecuario-silvícola-pesca,Exportaciones Regionales,No Especificada
Regionales,"Exportación de bienes y servicios Región de Los Lagos, anual, contribución porcentual respecto de igual periodo del año anterior, referencia 2018",F035.XSE.V12.R.Z.2018.03.Z.Z.10.0.A,Minería,A,10,Los Lagos,03,Minería,Exportaciones Regionales,No Especificada
Regionales,"Exportación de bienes y servicios Región de Los Lagos, anual, contribución porcentual respecto de igual periodo del año anterior, referencia 2018",F035.XSE.V12.R.Z.2018.04.Z.Z.10.0.A,Industria,A,10,Los Lagos,04,Industria,Exportaciones Regionales,No Especificada
Regionales,"Exportación de bienes y servicios Región de Los Lagos, anual, contribución porcentual respecto de igual periodo del año anterior, referencia 2018",F035.XSE.V12.R.Z.2018.XBS.Z.Z.10.0.A,Exportación Servicios,A,10,Los Lagos,XBS,Exportaciones de servicios,Exportaciones Regionales,No Especificada
Regionales,"Exportación de bienes y servicios Región de Los Lagos, anual, contribución porcentual respecto de igual periodo del año anterior, referencia 2018",F035.XSE.V12.R.Z.2018.XBSSR.Z.Z.10.0.A,Exportaciones de Bienes y Servicios,A,10,Los Lagos,XBSSR,Exportaciones de bienes y servicios,Exportaciones Regionales,No Especificada
Regionales,"Exportación de bienes y servicios Región de Aysén del General Carlos Ibáñez del Campo, anual, contribución porcentual respecto de igual periodo del año anterior, referencia 2018",F035.XSE.V12.R.Z.2018.XBI.Z.Z.11.0.A,Exportación Bienes,A,11,Aysén,XBI,Exportaciones de bienes,Exportaciones Regionales,No Especificada
Regionales,"Exportación de bienes y servicios Región de Aysén del General Carlos Ibáñez del Campo, anual, contribución porcentual respecto de igual periodo del año anterior, referencia 2018",F035.XSE.V12.R.Z.2018.102.Z.Z.11.0.A,Agropecuario-Silvícola-Pesca,A,11,Aysén,102,Agropecuario-silvícola-pesca,Exportaciones Regionales,No Especificada
Regionales,"Exportación de bienes y servicios Región de Aysén del General Carlos Ibáñez del Campo, anual, contribución porcentual respecto de igual periodo del año anterior, referencia 2018",F035.XSE.V12.R.Z.2018.03.Z.Z.11.0.A,Minería,A,11,Aysén,03,Minería,Exportaciones Regionales,No Especificada
Regionales,"Exportación de bienes y servicios Región de Aysén del General Carlos Ibáñez del Campo, anual, contribución porcentual respecto de igual periodo del año anterior, referencia 2018",F035.XSE.V12.R.Z.2018.04.Z.Z.11.0.A,Industria,A,11,Aysén,04,Industria,Exportaciones Regionales,No Especificada
Regionales,"Exportación de bienes y servicios Región de Aysén del General Carlos Ibáñez del Campo, anual, contribución porcentual respecto de igual periodo del año anterior, referencia 2018",F035.XSE.V12.R.Z.2018.XBS.Z.Z.11.0.A,Exportación Servicios,A,11,Aysén,XBS,Exportaciones de servicios,Exportaciones Regionales,No Especificada
Regionales,"Exportación de bienes y servicios Región de Aysén del General Carlos Ibáñez del Campo, anual, contribución porcentual respecto de igual periodo del año anterior, referencia 2018",F035.XSE.V12.R.Z.2018.XBSSR.Z.Z.11.0.A,Exportaciones de Bienes y Servicios,A,11,Aysén,XBSSR,Exportaciones de bienes y servicios,Exportaciones Regionales,No Especificada
Regionales,"Exportación de bienes y servicios Región de Magallanes y de la Antártica Chilena, anual, contribución porcentual respecto de igual periodo del año anterior, referencia 2018",F035.XSE.V12.R.Z.2018.XBI.Z.Z.12.0.A,Exportación Bienes,A,12,Magallanes,XBI,Exportaciones de bienes,Exportaciones Regionales,No Especificada
Regionales,"Exportación de bienes y servicios Región de Magallanes y de la Antártica Chilena, anual, contribución porcentual respecto de igual periodo del año anterior, referencia 2018",F035.XSE.V12.R.Z.2018.102.Z.Z.12.0.A,Agropecuario-Silvícola-Pesca,A,12,Magallanes,102,Agropecuario-silvícola-pesca,Exportaciones Regionales,No Especificada
Regionales,"Exportación de bienes y servicios Región de Magallanes y de la Antártica Chilena, anual, contribución porcentual respecto de igual periodo del año anterior, referencia 2018",F035.XSE.V12.R.Z.2018.03.Z.Z.12.0.A,Minería,A,12,Magallanes,03,Minería,Exportaciones Regionales,No Especificada
Regionales,"Exportación de bienes y servicios Región de Magallanes y de la Antártica Chilena, anual, contribución porcentual respecto de igual periodo del año anterior, referencia 2018",F035.XSE.V12.R.Z.2018.04.Z.Z.12.0.A,Industria,A,12,Magallanes,04,Industria,Exportaciones Regionales,No Especificada
Regionales,"Exportación de bienes y servicios Región de Magallanes y de la Antártica Chilena, anual, contribución porcentual respecto de igual periodo del año anterior, referencia 2018",F035.XSE.V12.R.Z.2018.XBS.Z.Z.12.0.A,Exportación Servicios,A,12,Magallanes,XBS,Exportaciones de servicios,Exportaciones Regionales,No Especificada
Regionales,"Exportación de bienes y servicios Región de Magallanes y de la Antártica Chilena, anual, contribución porcentual respecto de igual periodo del año anterior, referencia 2018",F035.XSE.V12.R.Z.2018.XBSSR.Z.Z.12.0.A,Exportaciones de Bienes y Servicios,A,12,Magallanes,XBSSR,Exportaciones de bienes y servicios,Exportaciones Regionales,No Especificada
Regionales,"Fuerza de trabajo, ocupados y tasa de desocupación, Región de Arica y Parinacota",F049.FTR.STO.INE9.RAP.M,Fuerza de trabajo (Miles de personas),M,15,Arica y Parinacota,UNKNOWN,No Especificado,Mercado Laboral,Unidades (Miles o Personas)
Regionales,"Fuerza de trabajo, ocupados y tasa de desocupación, Región de Arica y Parinacota",F049.OCU.PMT.INE9.25.M,Ocupados (Miles de personas),M,15,Arica y Parinacota,UNKNOWN,No Especificado,Mercado Laboral,Unidades (Miles o Personas)
Regionales,"Fuerza de trabajo, ocupados y tasa de desocupación, Región de Arica y Parinacota",F049.DES.TAS.INE9.25.M,Tasa de desocupación (%),M,15,Arica y Parinacota,UNKNOWN,No Especificado,Mercado Laboral,Porcentaje (%)
Regionales,"Fuerza de trabajo, ocupados y tasa de desocupación, Región de Tarapacá",F049.FTR.STO.INE9.RTA.M,Fuerza de trabajo (Miles de personas),M,01,Tarapacá,UNKNOWN,No Especificado,Mercado Laboral,Unidades (Miles o Personas)
Regionales,"Fuerza de trabajo, ocupados y tasa de desocupación, Región de Tarapacá",F049.OCU.PMT.INE9.11.M,Ocupados (Miles de personas),M,01,Tarapacá,UNKNOWN,No Especificado,Mercado Laboral,Unidades (Miles o Personas)
Regionales,"Fuerza de trabajo, ocupados y tasa de desocupación, Región de Tarapacá",F049.DES.TAS.INE9.11.M,Tasa de desocupación (%),M,01,Tarapacá,UNKNOWN,No Especificado,Mercado Laboral,Porcentaje (%)
Regionales,"Fuerza de trabajo, ocupados y tasa de desocupación, Región de Antofagasta",F049.FTR.STO.INE9.RAN.M,Fuerza de trabajo (Miles de personas),M,02,Antofagasta,05,"Electricidad, gas, agua y gestión de desechos",Mercado Laboral,Unidades (Miles o Personas)
Regionales,"Fuerza de trabajo, ocupados y tasa de desocupación, Región de Antofagasta",F049.OCU.PMT.INE9.12.M,Ocupados (Miles de personas),M,02,Antofagasta,05,"Electricidad, gas, agua y gestión de desechos",Mercado Laboral,Unidades (Miles o Personas)
Regionales,"Fuerza de trabajo, ocupados y tasa de desocupación, Región de Antofagasta",F049.DES.TAS.INE9.12.M,Tasa de desocupación (%),M,02,Antofagasta,05,"Electricidad, gas, agua y gestión de desechos",Mercado Laboral,Porcentaje (%)
Regionales,"Fuerza de trabajo, ocupados y tasa de desocupación, Región de Atacama",F049.FTR.STO.INE9.RAT.M,Fuerza de trabajo (Miles de personas),M,03,Atacama,UNKNOWN,No Especificado,Mercado Laboral,Unidades (Miles o Personas)
Regionales,"Fuerza de trabajo, ocupados y tasa de desocupación, Región de Atacama",F049.OCU.PMT.INE9.13.M,Ocupados (Miles de personas),M,03,Atacama,UNKNOWN,No Especificado,Mercado Laboral,Unidades (Miles o Personas)
Regionales,"Fuerza de trabajo, ocupados y tasa de desocupación, Región de Atacama",F049.DES.TAS.INE9.13.M,Tasa de desocupación (%),M,03,Atacama,UNKNOWN,No Especificado,Mercado Laboral,Porcentaje (%)
Regionales,"Fuerza de trabajo, ocupados y tasa de desocupación, Región de Coquimbo",F049.FTR.STO.INE9.RCO.M,Fuerza de trabajo (Miles de personas),M,04,Coquimbo,UNKNOWN,No Especificado,Mercado Laboral,Unidades (Miles o Personas)
Regionales,"Fuerza de trabajo, ocupados y tasa de desocupación, Región de Coquimbo",F049.OCU.PMT.INE9.14.M,Ocupados (Miles de personas),M,04,Coquimbo,UNKNOWN,No Especificado,Mercado Laboral,Unidades (Miles o Personas)
Regionales,"Fuerza de trabajo, ocupados y tasa de desocupación, Región de Coquimbo",F049.DES.TAS.INE9.14.M,Tasa de desocupación (%),M,04,Coquimbo,UNKNOWN,No Especificado,Mercado Laboral,Porcentaje (%)
Regionales,"Fuerza de trabajo, ocupados y tasa de desocupación, Región de Valparaíso",F049.FTR.STO.INE9.RVA.M,Fuerza de trabajo (Miles de personas),M,05,Valparaíso,UNKNOWN,No Especificado,Mercado Laboral,Unidades (Miles o Personas)
Regionales,"Fuerza de trabajo, ocupados y tasa de desocupación, Región de Valparaíso",F049.OCU.PMT.INE9.15.M,Ocupados (Miles de personas),M,05,Valparaíso,UNKNOWN,No Especificado,Mercado Laboral,Unidades (Miles o Personas)
Regionales,"Fuerza de trabajo, ocupados y tasa de desocupación, Región de Valparaíso",F049.DES.TAS.INE9.15.M,Tasa de desocupación (%),M,05,Valparaíso,UNKNOWN,No Especificado,Mercado Laboral,Porcentaje (%)
Regionales,"Fuerza de trabajo, ocupados y tasa de desocupación, Región Metropolitana de Santiago",F049.FTR.STO.INE9.RRM.M,Fuerza de trabajo (Miles de personas),M,13,Metropolitana de Santiago,UNKNOWN,No Especificado,Mercado Laboral,Unidades (Miles o Personas)
Regionales,"Fuerza de trabajo, ocupados y tasa de desocupación, Región Metropolitana de Santiago",F049.OCU.PMT.INE9.23.M,Ocupados (Miles de personas),M,13,Metropolitana de Santiago,UNKNOWN,No Especificado,Mercado Laboral,Unidades (Miles o Personas)
Regionales,"Fuerza de trabajo, ocupados y tasa de desocupación, Región Metropolitana de Santiago",F049.DES.TAS.INE9.23.M,Tasa de desocupación (%),M,13,Metropolitana de Santiago,UNKNOWN,No Especificado,Mercado Laboral,Porcentaje (%)
Regionales,"Fuerza de trabajo, ocupados y tasa de desocupación, Región del Libertador General Bernardo O'Higgins",F049.FTR.STO.INE9.RLI.M,Fuerza de trabajo (Miles de personas),M,06,O'Higgins,UNKNOWN,No Especificado,Mercado Laboral,Unidades (Miles o Personas)
Regionales,"Fuerza de trabajo, ocupados y tasa de desocupación, Región del Libertador General Bernardo O'Higgins",F049.OCU.PMT.INE9.16.M,Ocupados (Miles de personas),M,06,O'Higgins,UNKNOWN,No Especificado,Mercado Laboral,Unidades (Miles o Personas)
Regionales,"Fuerza de trabajo, ocupados y tasa de desocupación, Región del Libertador General Bernardo O'Higgins",F049.DES.TAS.INE9.16.M,Tasa de desocupación (%),M,06,O'Higgins,UNKNOWN,No Especificado,Mercado Laboral,Porcentaje (%)
Regionales,"Fuerza de trabajo, ocupados y tasa de desocupación, Región del Maule",F049.FTR.STO.INE9.RML.M,Fuerza de trabajo (Miles de personas),M,07,Maule,UNKNOWN,No Especificado,Mercado Laboral,Unidades (Miles o Personas)
Regionales,"Fuerza de trabajo, ocupados y tasa de desocupación, Región del Maule",F049.OCU.PMT.INE9.17.M,Ocupados (Miles de personas),M,07,Maule,UNKNOWN,No Especificado,Mercado Laboral,Unidades (Miles o Personas)
Regionales,"Fuerza de trabajo, ocupados y tasa de desocupación, Región del Maule",F049.DES.TAS.INE9.17.M,Tasa de desocupación (%),M,07,Maule,UNKNOWN,No Especificado,Mercado Laboral,Porcentaje (%)
Regionales,"Fuerza de trabajo, ocupados y tasa de desocupación, Región del Biobío",F049.FTR.STO.INE9.RBI.M,Fuerza de trabajo (Miles de personas),M,08,Biobío,UNKNOWN,No Especificado,Mercado Laboral,Unidades (Miles o Personas)
Regionales,"Fuerza de trabajo, ocupados y tasa de desocupación, Región del Biobío",F049.OCU.PMT.INE9.18N.M,Ocupados (Miles de personas),M,08,Biobío,UNKNOWN,No Especificado,Mercado Laboral,Unidades (Miles o Personas)
Regionales,"Fuerza de trabajo, ocupados y tasa de desocupación, Región del Biobío",F049.DES.TAS.INE9.18N.M,Tasa de desocupación (%),M,08,Biobío,UNKNOWN,No Especificado,Mercado Laboral,Porcentaje (%)
Regionales,"Fuerza de trabajo, ocupados y tasa de desocupación, Región de Ñuble",F049.FTR.STO.INE9.RNB.M,Fuerza de trabajo (Miles de personas),M,16,Ñuble,UNKNOWN,No Especificado,Mercado Laboral,Unidades (Miles o Personas)
Regionales,"Fuerza de trabajo, ocupados y tasa de desocupación, Región de Ñuble",F049.OCU.PMT.INE9.26.M,Ocupados (Miles de personas),M,16,Ñuble,UNKNOWN,No Especificado,Mercado Laboral,Unidades (Miles o Personas)
Regionales,"Fuerza de trabajo, ocupados y tasa de desocupación, Región de Ñuble",F049.DES.TAS.INE9.26.M,Tasa de desocupación (%),M,16,Ñuble,UNKNOWN,No Especificado,Mercado Laboral,Porcentaje (%)
Regionales,"Fuerza de trabajo, ocupados y tasa de desocupación, Región de La Araucanía",F049.FTR.STO.INE9.RAR.M,Fuerza de trabajo (Miles de personas),M,09,La Araucanía,UNKNOWN,No Especificado,Mercado Laboral,Unidades (Miles o Personas)
Regionales,"Fuerza de trabajo, ocupados y tasa de desocupación, Región de La Araucanía",F049.OCU.PMT.INE9.19.M,Ocupados (Miles de personas),M,09,La Araucanía,UNKNOWN,No Especificado,Mercado Laboral,Unidades (Miles o Personas)
Regionales,"Fuerza de trabajo, ocupados y tasa de desocupación, Región de La Araucanía",F049.DES.TAS.INE9.19.M,Tasa de desocupación (%),M,09,La Araucanía,UNKNOWN,No Especificado,Mercado Laboral,Porcentaje (%)
Regionales,"Fuerza de trabajo, ocupados y tasa de desocupación, Región de Los Ríos",F049.FTR.STO.INE9.RLR.M,Fuerza de trabajo (Miles de personas),M,14,Los Ríos,UNKNOWN,No Especificado,Mercado Laboral,Unidades (Miles o Personas)
Regionales,"Fuerza de trabajo, ocupados y tasa de desocupación, Región de Los Ríos",F049.OCU.PMT.INE9.24.M,Ocupados (Miles de personas),M,14,Los Ríos,UNKNOWN,No Especificado,Mercado Laboral,Unidades (Miles o Personas)
Regionales,"Fuerza de trabajo, ocupados y tasa de desocupación, Región de Los Ríos",F049.DES.TAS.INE9.24.M,Tasa de desocupación (%),M,14,Los Ríos,UNKNOWN,No Especificado,Mercado Laboral,Porcentaje (%)
Regionales,"Fuerza de trabajo, ocupados y tasa de desocupación, Región de Los Lagos",F049.FTR.STO.INE9.RLL.M,Fuerza de trabajo (Miles de personas),M,10,Los Lagos,UNKNOWN,No Especificado,Mercado Laboral,Unidades (Miles o Personas)
Regionales,"Fuerza de trabajo, ocupados y tasa de desocupación, Región de Los Lagos",F049.OCU.PMT.INE9.20.M,Ocupados (Miles de personas),M,10,Los Lagos,UNKNOWN,No Especificado,Mercado Laboral,Unidades (Miles o Personas)
Regionales,"Fuerza de trabajo, ocupados y tasa de desocupación, Región de Los Lagos",F049.DES.TAS.INE9.20.M,Tasa de desocupación (%),M,10,Los Lagos,UNKNOWN,No Especificado,Mercado Laboral,Porcentaje (%)
Regionales,"Fuerza de trabajo, ocupados y tasa de desocupación, Región de Aysén del General Carlos Ibáñez del Campo",F049.FTR.STO.INE9.RAI.M,Fuerza de trabajo (Miles de personas),M,11,Aysén,UNKNOWN,No Especificado,Mercado Laboral,Unidades (Miles o Personas)
Regionales,"Fuerza de trabajo, ocupados y tasa de desocupación, Región de Aysén del General Carlos Ibáñez del Campo",F049.OCU.PMT.INE9.21.M,Ocupados (Miles de personas),M,11,Aysén,UNKNOWN,No Especificado,Mercado Laboral,Unidades (Miles o Personas)
Regionales,"Fuerza de trabajo, ocupados y tasa de desocupación, Región de Aysén del General Carlos Ibáñez del Campo",F049.DES.TAS.INE9.21.M,Tasa de desocupación (%),M,11,Aysén,UNKNOWN,No Especificado,Mercado Laboral,Porcentaje (%)
Regionales,"Fuerza de trabajo, ocupados y tasa de desocupación, Región de Magallanes y de la Antártica Chilena",F049.FTR.STO.INE9.RMA.M,Fuerza de trabajo (Miles de personas),M,12,Magallanes,UNKNOWN,No Especificado,Mercado Laboral,Unidades (Miles o Personas)
Regionales,"Fuerza de trabajo, ocupados y tasa de desocupación, Región de Magallanes y de la Antártica Chilena",F049.OCU.PMT.INE9.22.M,Ocupados (Miles de personas),M,12,Magallanes,UNKNOWN,No Especificado,Mercado Laboral,Unidades (Miles o Personas)
Regionales,"Fuerza de trabajo, ocupados y tasa de desocupación, Región de Magallanes y de la Antártica Chilena",F049.DES.TAS.INE9.22.M,Tasa de desocupación (%),M,12,Magallanes,UNKNOWN,No Especificado,Mercado Laboral,Porcentaje (%)
Regionales,Compraventas regionales según región de venta y de compra. Región de Arica y Parinacota (monto en miles de millones de pesos y facturas en miles de unidades),F035.CVRV.FLU.Z.CLP.Z.Z.Z.Z.15.0.M,Venta regional (monto),M,15,Arica y Parinacota,Z,Total regional (sin desglose sectorial),Transacciones y Ventas Locales,Pesos Chilenos (CLP)
Regionales,Compraventas regionales según región de venta y de compra. Región de Arica y Parinacota (monto en miles de millones de pesos y facturas en miles de unidades),F035.CVRVITE.FLU.Z.CLP.Z.Z.Z.Z.15.0.M,Inter-regional,M,15,Arica y Parinacota,Z,Total regional (sin desglose sectorial),Transacciones y Ventas Locales,Pesos Chilenos (CLP)
Regionales,Compraventas regionales según región de venta y de compra. Región de Arica y Parinacota (monto en miles de millones de pesos y facturas en miles de unidades),F035.CVRVITA.FLU.Z.CLP.Z.Z.Z.Z.15.0.M,Intra-regional,M,15,Arica y Parinacota,Z,Total regional (sin desglose sectorial),Transacciones y Ventas Locales,Pesos Chilenos (CLP)
Regionales,Compraventas regionales según región de venta y de compra. Región de Arica y Parinacota (monto en miles de millones de pesos y facturas en miles de unidades),F035.CVRC.FLU.Z.CLP.Z.Z.Z.Z.15.0.M,Compra regional (monto),M,15,Arica y Parinacota,Z,Total regional (sin desglose sectorial),Transacciones y Ventas Locales,Pesos Chilenos (CLP)
Regionales,Compraventas regionales según región de venta y de compra. Región de Arica y Parinacota (monto en miles de millones de pesos y facturas en miles de unidades),F035.CVRCITE.FLU.Z.CLP.Z.Z.Z.Z.15.0.M,Inter-regional,M,15,Arica y Parinacota,Z,Total regional (sin desglose sectorial),Transacciones y Ventas Locales,Pesos Chilenos (CLP)
Regionales,Compraventas regionales según región de venta y de compra. Región de Arica y Parinacota (monto en miles de millones de pesos y facturas en miles de unidades),F035.CVRCITA.FLU.Z.CLP.Z.Z.Z.Z.15.0.M,Intra-regional,M,15,Arica y Parinacota,Z,Total regional (sin desglose sectorial),Transacciones y Ventas Locales,Pesos Chilenos (CLP)
Regionales,Compraventas regionales según región de venta y de compra. Región de Arica y Parinacota (monto en miles de millones de pesos y facturas en miles de unidades),F035.NFRV.FLU.Z.N.Z.Z.Z.Z.15.0.M,Venta regional (cantidad de facturas emitidas),M,15,Arica y Parinacota,Z,Total regional (sin desglose sectorial),Transacciones y Ventas Locales,Pesos Chilenos (CLP)
Regionales,Compraventas regionales según región de venta y de compra. Región de Arica y Parinacota (monto en miles de millones de pesos y facturas en miles de unidades),F035.NFRVITE.FLU.Z.N.Z.Z.Z.Z.15.0.M,Inter-regional,M,15,Arica y Parinacota,Z,Total regional (sin desglose sectorial),Transacciones y Ventas Locales,Pesos Chilenos (CLP)
Regionales,Compraventas regionales según región de venta y de compra. Región de Arica y Parinacota (monto en miles de millones de pesos y facturas en miles de unidades),F035.NFRVITA.FLU.Z.N.Z.Z.Z.Z.15.0.M,Intra-regional,M,15,Arica y Parinacota,Z,Total regional (sin desglose sectorial),Transacciones y Ventas Locales,Pesos Chilenos (CLP)
Regionales,Compraventas regionales según región de venta y de compra. Región de Arica y Parinacota (monto en miles de millones de pesos y facturas en miles de unidades),F035.NFRC.FLU.Z.N.Z.Z.Z.Z.15.0.M,Compra región (cantidad de facturas recibidas),M,15,Arica y Parinacota,Z,Total regional (sin desglose sectorial),Transacciones y Ventas Locales,Pesos Chilenos (CLP)
Regionales,Compraventas regionales según región de venta y de compra. Región de Arica y Parinacota (monto en miles de millones de pesos y facturas en miles de unidades),F035.NFRCITE.FLU.Z.N.Z.Z.Z.Z.15.0.M,Inter-regional,M,15,Arica y Parinacota,Z,Total regional (sin desglose sectorial),Transacciones y Ventas Locales,Pesos Chilenos (CLP)
Regionales,Compraventas regionales según región de venta y de compra. Región de Arica y Parinacota (monto en miles de millones de pesos y facturas en miles de unidades),F035.NFRCITA.FLU.Z.N.Z.Z.Z.Z.15.0.M,Intra-regional,M,15,Arica y Parinacota,Z,Total regional (sin desglose sectorial),Transacciones y Ventas Locales,Pesos Chilenos (CLP)
Regionales,Compraventas regionales según región de venta y de compra. Región de Tarapacá (monto en miles de millones de pesos y facturas en miles de unidades),F035.CVRV.FLU.Z.CLP.Z.Z.Z.Z.01.0.M,Venta regional (monto),M,01,Tarapacá,Z,Total regional (sin desglose sectorial),Transacciones y Ventas Locales,Pesos Chilenos (CLP)
Regionales,Compraventas regionales según región de venta y de compra. Región de Tarapacá (monto en miles de millones de pesos y facturas en miles de unidades),F035.CVRVITE.FLU.Z.CLP.Z.Z.Z.Z.01.0.M,Inter-regional,M,01,Tarapacá,Z,Total regional (sin desglose sectorial),Transacciones y Ventas Locales,Pesos Chilenos (CLP)
Regionales,Compraventas regionales según región de venta y de compra. Región de Tarapacá (monto en miles de millones de pesos y facturas en miles de unidades),F035.CVRVITA.FLU.Z.CLP.Z.Z.Z.Z.01.0.M,Intra-regional,M,01,Tarapacá,Z,Total regional (sin desglose sectorial),Transacciones y Ventas Locales,Pesos Chilenos (CLP)
Regionales,Compraventas regionales según región de venta y de compra. Región de Tarapacá (monto en miles de millones de pesos y facturas en miles de unidades),F035.CVRC.FLU.Z.CLP.Z.Z.Z.Z.01.0.M,Compra regional (monto),M,01,Tarapacá,Z,Total regional (sin desglose sectorial),Transacciones y Ventas Locales,Pesos Chilenos (CLP)
Regionales,Compraventas regionales según región de venta y de compra. Región de Tarapacá (monto en miles de millones de pesos y facturas en miles de unidades),F035.CVRCITE.FLU.Z.CLP.Z.Z.Z.Z.01.0.M,Inter-regional,M,01,Tarapacá,Z,Total regional (sin desglose sectorial),Transacciones y Ventas Locales,Pesos Chilenos (CLP)
Regionales,Compraventas regionales según región de venta y de compra. Región de Tarapacá (monto en miles de millones de pesos y facturas en miles de unidades),F035.CVRCITA.FLU.Z.CLP.Z.Z.Z.Z.01.0.M,Intra-regional,M,01,Tarapacá,Z,Total regional (sin desglose sectorial),Transacciones y Ventas Locales,Pesos Chilenos (CLP)
Regionales,Compraventas regionales según región de venta y de compra. Región de Tarapacá (monto en miles de millones de pesos y facturas en miles de unidades),F035.NFRV.FLU.Z.N.Z.Z.Z.Z.01.0.M,Venta regional (cantidad de facturas emitidas),M,01,Tarapacá,Z,Total regional (sin desglose sectorial),Transacciones y Ventas Locales,Pesos Chilenos (CLP)
Regionales,Compraventas regionales según región de venta y de compra. Región de Tarapacá (monto en miles de millones de pesos y facturas en miles de unidades),F035.NFRVITE.FLU.Z.N.Z.Z.Z.Z.01.0.M,Inter-regional,M,01,Tarapacá,Z,Total regional (sin desglose sectorial),Transacciones y Ventas Locales,Pesos Chilenos (CLP)
Regionales,Compraventas regionales según región de venta y de compra. Región de Tarapacá (monto en miles de millones de pesos y facturas en miles de unidades),F035.NFRVITA.FLU.Z.N.Z.Z.Z.Z.01.0.M,Intra-regional,M,01,Tarapacá,Z,Total regional (sin desglose sectorial),Transacciones y Ventas Locales,Pesos Chilenos (CLP)
Regionales,Compraventas regionales según región de venta y de compra. Región de Tarapacá (monto en miles de millones de pesos y facturas en miles de unidades),F035.NFRC.FLU.Z.N.Z.Z.Z.Z.01.0.M,Compra región (cantidad de facturas recibidas),M,01,Tarapacá,Z,Total regional (sin desglose sectorial),Transacciones y Ventas Locales,Pesos Chilenos (CLP)
Regionales,Compraventas regionales según región de venta y de compra. Región de Tarapacá (monto en miles de millones de pesos y facturas en miles de unidades),F035.NFRCITE.FLU.Z.N.Z.Z.Z.Z.01.0.M,Inter-regional,M,01,Tarapacá,Z,Total regional (sin desglose sectorial),Transacciones y Ventas Locales,Pesos Chilenos (CLP)
Regionales,Compraventas regionales según región de venta y de compra. Región de Tarapacá (monto en miles de millones de pesos y facturas en miles de unidades),F035.NFRCITA.FLU.Z.N.Z.Z.Z.Z.01.0.M,Intra-regional,M,01,Tarapacá,Z,Total regional (sin desglose sectorial),Transacciones y Ventas Locales,Pesos Chilenos (CLP)
Regionales,Compraventas regionales según región de venta y de compra. Región de Antofagasta (monto en miles de millones de pesos y facturas en miles de unidades),F035.CVRV.FLU.Z.CLP.Z.Z.Z.Z.02.0.M,Venta regional (monto),M,02,Antofagasta,Z,Total regional (sin desglose sectorial),Transacciones y Ventas Locales,Pesos Chilenos (CLP)
Regionales,Compraventas regionales según región de venta y de compra. Región de Antofagasta (monto en miles de millones de pesos y facturas en miles de unidades),F035.CVRVITE.FLU.Z.CLP.Z.Z.Z.Z.02.0.M,Inter-regional,M,02,Antofagasta,Z,Total regional (sin desglose sectorial),Transacciones y Ventas Locales,Pesos Chilenos (CLP)
Regionales,Compraventas regionales según región de venta y de compra. Región de Antofagasta (monto en miles de millones de pesos y facturas en miles de unidades),F035.CVRVITA.FLU.Z.CLP.Z.Z.Z.Z.02.0.M,Intra-regional,M,02,Antofagasta,Z,Total regional (sin desglose sectorial),Transacciones y Ventas Locales,Pesos Chilenos (CLP)
Regionales,Compraventas regionales según región de venta y de compra. Región de Antofagasta (monto en miles de millones de pesos y facturas en miles de unidades),F035.CVRC.FLU.Z.CLP.Z.Z.Z.Z.02.0.M,Compra regional (monto),M,02,Antofagasta,Z,Total regional (sin desglose sectorial),Transacciones y Ventas Locales,Pesos Chilenos (CLP)
Regionales,Compraventas regionales según región de venta y de compra. Región de Antofagasta (monto en miles de millones de pesos y facturas en miles de unidades),F035.CVRCITE.FLU.Z.CLP.Z.Z.Z.Z.02.0.M,Inter-regional,M,02,Antofagasta,Z,Total regional (sin desglose sectorial),Transacciones y Ventas Locales,Pesos Chilenos (CLP)
Regionales,Compraventas regionales según región de venta y de compra. Región de Antofagasta (monto en miles de millones de pesos y facturas en miles de unidades),F035.CVRCITA.FLU.Z.CLP.Z.Z.Z.Z.02.0.M,Intra-regional,M,02,Antofagasta,Z,Total regional (sin desglose sectorial),Transacciones y Ventas Locales,Pesos Chilenos (CLP)
Regionales,Compraventas regionales según región de venta y de compra. Región de Antofagasta (monto en miles de millones de pesos y facturas en miles de unidades),F035.NFRV.FLU.Z.N.Z.Z.Z.Z.02.0.M,Venta regional (cantidad de facturas emitidas),M,02,Antofagasta,Z,Total regional (sin desglose sectorial),Transacciones y Ventas Locales,Pesos Chilenos (CLP)
Regionales,Compraventas regionales según región de venta y de compra. Región de Antofagasta (monto en miles de millones de pesos y facturas en miles de unidades),F035.NFRVITE.FLU.Z.N.Z.Z.Z.Z.02.0.M,Inter-regional,M,02,Antofagasta,Z,Total regional (sin desglose sectorial),Transacciones y Ventas Locales,Pesos Chilenos (CLP)
Regionales,Compraventas regionales según región de venta y de compra. Región de Antofagasta (monto en miles de millones de pesos y facturas en miles de unidades),F035.NFRVITA.FLU.Z.N.Z.Z.Z.Z.02.0.M,Intra-regional,M,02,Antofagasta,Z,Total regional (sin desglose sectorial),Transacciones y Ventas Locales,Pesos Chilenos (CLP)
Regionales,Compraventas regionales según región de venta y de compra. Región de Antofagasta (monto en miles de millones de pesos y facturas en miles de unidades),F035.NFRC.FLU.Z.N.Z.Z.Z.Z.02.0.M,Compra región (cantidad de facturas recibidas),M,02,Antofagasta,Z,Total regional (sin desglose sectorial),Transacciones y Ventas Locales,Pesos Chilenos (CLP)
Regionales,Compraventas regionales según región de venta y de compra. Región de Antofagasta (monto en miles de millones de pesos y facturas en miles de unidades),F035.NFRCITE.FLU.Z.N.Z.Z.Z.Z.02.0.M,Inter-regional,M,02,Antofagasta,Z,Total regional (sin desglose sectorial),Transacciones y Ventas Locales,Pesos Chilenos (CLP)
Regionales,Compraventas regionales según región de venta y de compra. Región de Antofagasta (monto en miles de millones de pesos y facturas en miles de unidades),F035.NFRCITA.FLU.Z.N.Z.Z.Z.Z.02.0.M,Intra-regional,M,02,Antofagasta,Z,Total regional (sin desglose sectorial),Transacciones y Ventas Locales,Pesos Chilenos (CLP)
Regionales,Compraventas regionales según región de venta y de compra. Región de Atacama (monto en miles de millones de pesos y facturas en miles de unidades),F035.CVRV.FLU.Z.CLP.Z.Z.Z.Z.03.0.M,Venta regional (monto),M,03,Atacama,Z,Total regional (sin desglose sectorial),Transacciones y Ventas Locales,Pesos Chilenos (CLP)
Regionales,Compraventas regionales según región de venta y de compra. Región de Atacama (monto en miles de millones de pesos y facturas en miles de unidades),F035.CVRVITE.FLU.Z.CLP.Z.Z.Z.Z.03.0.M,Inter-regional,M,03,Atacama,Z,Total regional (sin desglose sectorial),Transacciones y Ventas Locales,Pesos Chilenos (CLP)
Regionales,Compraventas regionales según región de venta y de compra. Región de Atacama (monto en miles de millones de pesos y facturas en miles de unidades),F035.CVRVITA.FLU.Z.CLP.Z.Z.Z.Z.03.0.M,Intra-regional,M,03,Atacama,Z,Total regional (sin desglose sectorial),Transacciones y Ventas Locales,Pesos Chilenos (CLP)
Regionales,Compraventas regionales según región de venta y de compra. Región de Atacama (monto en miles de millones de pesos y facturas en miles de unidades),F035.CVRC.FLU.Z.CLP.Z.Z.Z.Z.03.0.M,Compra regional (monto),M,03,Atacama,Z,Total regional (sin desglose sectorial),Transacciones y Ventas Locales,Pesos Chilenos (CLP)
Regionales,Compraventas regionales según región de venta y de compra. Región de Atacama (monto en miles de millones de pesos y facturas en miles de unidades),F035.CVRCITE.FLU.Z.CLP.Z.Z.Z.Z.03.0.M,Inter-regional,M,03,Atacama,Z,Total regional (sin desglose sectorial),Transacciones y Ventas Locales,Pesos Chilenos (CLP)
Regionales,Compraventas regionales según región de venta y de compra. Región de Atacama (monto en miles de millones de pesos y facturas en miles de unidades),F035.CVRCITA.FLU.Z.CLP.Z.Z.Z.Z.03.0.M,Intra-regional,M,03,Atacama,Z,Total regional (sin desglose sectorial),Transacciones y Ventas Locales,Pesos Chilenos (CLP)
Regionales,Compraventas regionales según región de venta y de compra. Región de Atacama (monto en miles de millones de pesos y facturas en miles de unidades),F035.NFRV.FLU.Z.N.Z.Z.Z.Z.03.0.M,Venta regional (cantidad de facturas emitidas),M,03,Atacama,Z,Total regional (sin desglose sectorial),Transacciones y Ventas Locales,Pesos Chilenos (CLP)
Regionales,Compraventas regionales según región de venta y de compra. Región de Atacama (monto en miles de millones de pesos y facturas en miles de unidades),F035.NFRVITE.FLU.Z.N.Z.Z.Z.Z.03.0.M,Inter-regional,M,03,Atacama,Z,Total regional (sin desglose sectorial),Transacciones y Ventas Locales,Pesos Chilenos (CLP)
Regionales,Compraventas regionales según región de venta y de compra. Región de Atacama (monto en miles de millones de pesos y facturas en miles de unidades),F035.NFRVITA.FLU.Z.N.Z.Z.Z.Z.03.0.M,Intra-regional,M,03,Atacama,Z,Total regional (sin desglose sectorial),Transacciones y Ventas Locales,Pesos Chilenos (CLP)
Regionales,Compraventas regionales según región de venta y de compra. Región de Atacama (monto en miles de millones de pesos y facturas en miles de unidades),F035.NFRC.FLU.Z.N.Z.Z.Z.Z.03.0.M,Compra región (cantidad de facturas recibidas),M,03,Atacama,Z,Total regional (sin desglose sectorial),Transacciones y Ventas Locales,Pesos Chilenos (CLP)
Regionales,Compraventas regionales según región de venta y de compra. Región de Atacama (monto en miles de millones de pesos y facturas en miles de unidades),F035.NFRCITE.FLU.Z.N.Z.Z.Z.Z.03.0.M,Inter-regional,M,03,Atacama,Z,Total regional (sin desglose sectorial),Transacciones y Ventas Locales,Pesos Chilenos (CLP)
Regionales,Compraventas regionales según región de venta y de compra. Región de Atacama (monto en miles de millones de pesos y facturas en miles de unidades),F035.NFRCITA.FLU.Z.N.Z.Z.Z.Z.03.0.M,Intra-regional,M,03,Atacama,Z,Total regional (sin desglose sectorial),Transacciones y Ventas Locales,Pesos Chilenos (CLP)
Regionales,Compraventas regionales según región de venta y de compra. Región de Coquimbo (monto en miles de millones de pesos y facturas en miles de unidades),F035.CVRV.FLU.Z.CLP.Z.Z.Z.Z.04.0.M,Venta regional (monto),M,04,Coquimbo,Z,Total regional (sin desglose sectorial),Transacciones y Ventas Locales,Pesos Chilenos (CLP)
Regionales,Compraventas regionales según región de venta y de compra. Región de Coquimbo (monto en miles de millones de pesos y facturas en miles de unidades),F035.CVRVITE.FLU.Z.CLP.Z.Z.Z.Z.04.0.M,Inter-regional,M,04,Coquimbo,Z,Total regional (sin desglose sectorial),Transacciones y Ventas Locales,Pesos Chilenos (CLP)
Regionales,Compraventas regionales según región de venta y de compra. Región de Coquimbo (monto en miles de millones de pesos y facturas en miles de unidades),F035.CVRVITA.FLU.Z.CLP.Z.Z.Z.Z.04.0.M,Intra-regional,M,04,Coquimbo,Z,Total regional (sin desglose sectorial),Transacciones y Ventas Locales,Pesos Chilenos (CLP)
Regionales,Compraventas regionales según región de venta y de compra. Región de Coquimbo (monto en miles de millones de pesos y facturas en miles de unidades),F035.CVRC.FLU.Z.CLP.Z.Z.Z.Z.04.0.M,Compra regional (monto),M,04,Coquimbo,Z,Total regional (sin desglose sectorial),Transacciones y Ventas Locales,Pesos Chilenos (CLP)
Regionales,Compraventas regionales según región de venta y de compra. Región de Coquimbo (monto en miles de millones de pesos y facturas en miles de unidades),F035.CVRCITE.FLU.Z.CLP.Z.Z.Z.Z.04.0.M,Inter-regional,M,04,Coquimbo,Z,Total regional (sin desglose sectorial),Transacciones y Ventas Locales,Pesos Chilenos (CLP)
Regionales,Compraventas regionales según región de venta y de compra. Región de Coquimbo (monto en miles de millones de pesos y facturas en miles de unidades),F035.CVRCITA.FLU.Z.CLP.Z.Z.Z.Z.04.0.M,Intra-regional,M,04,Coquimbo,Z,Total regional (sin desglose sectorial),Transacciones y Ventas Locales,Pesos Chilenos (CLP)
Regionales,Compraventas regionales según región de venta y de compra. Región de Coquimbo (monto en miles de millones de pesos y facturas en miles de unidades),F035.NFRV.FLU.Z.N.Z.Z.Z.Z.04.0.M,Venta regional (cantidad de facturas emitidas),M,04,Coquimbo,Z,Total regional (sin desglose sectorial),Transacciones y Ventas Locales,Pesos Chilenos (CLP)
Regionales,Compraventas regionales según región de venta y de compra. Región de Coquimbo (monto en miles de millones de pesos y facturas en miles de unidades),F035.NFRVITE.FLU.Z.N.Z.Z.Z.Z.04.0.M,Inter-regional,M,04,Coquimbo,Z,Total regional (sin desglose sectorial),Transacciones y Ventas Locales,Pesos Chilenos (CLP)
Regionales,Compraventas regionales según región de venta y de compra. Región de Coquimbo (monto en miles de millones de pesos y facturas en miles de unidades),F035.NFRVITA.FLU.Z.N.Z.Z.Z.Z.04.0.M,Intra-regional,M,04,Coquimbo,Z,Total regional (sin desglose sectorial),Transacciones y Ventas Locales,Pesos Chilenos (CLP)
Regionales,Compraventas regionales según región de venta y de compra. Región de Coquimbo (monto en miles de millones de pesos y facturas en miles de unidades),F035.NFRC.FLU.Z.N.Z.Z.Z.Z.04.0.M,Compra región (cantidad de facturas recibidas),M,04,Coquimbo,Z,Total regional (sin desglose sectorial),Transacciones y Ventas Locales,Pesos Chilenos (CLP)
Regionales,Compraventas regionales según región de venta y de compra. Región de Coquimbo (monto en miles de millones de pesos y facturas en miles de unidades),F035.NFRCITE.FLU.Z.N.Z.Z.Z.Z.04.0.M,Inter-regional,M,04,Coquimbo,Z,Total regional (sin desglose sectorial),Transacciones y Ventas Locales,Pesos Chilenos (CLP)
Regionales,Compraventas regionales según región de venta y de compra. Región de Coquimbo (monto en miles de millones de pesos y facturas en miles de unidades),F035.NFRCITA.FLU.Z.N.Z.Z.Z.Z.04.0.M,Intra-regional,M,04,Coquimbo,Z,Total regional (sin desglose sectorial),Transacciones y Ventas Locales,Pesos Chilenos (CLP)
Regionales,Compraventas regionales según región de venta y de compra. Región de Valparaíso (monto en miles de millones de pesos y facturas en miles de unidades),F035.CVRV.FLU.Z.CLP.Z.Z.Z.Z.05.0.M,Venta regional (monto),M,05,Valparaíso,Z,Total regional (sin desglose sectorial),Transacciones y Ventas Locales,Pesos Chilenos (CLP)
Regionales,Compraventas regionales según región de venta y de compra. Región de Valparaíso (monto en miles de millones de pesos y facturas en miles de unidades),F035.CVRVITE.FLU.Z.CLP.Z.Z.Z.Z.05.0.M,Inter-regional,M,05,Valparaíso,Z,Total regional (sin desglose sectorial),Transacciones y Ventas Locales,Pesos Chilenos (CLP)
Regionales,Compraventas regionales según región de venta y de compra. Región de Valparaíso (monto en miles de millones de pesos y facturas en miles de unidades),F035.CVRVITA.FLU.Z.CLP.Z.Z.Z.Z.05.0.M,Intra-regional,M,05,Valparaíso,Z,Total regional (sin desglose sectorial),Transacciones y Ventas Locales,Pesos Chilenos (CLP)
Regionales,Compraventas regionales según región de venta y de compra. Región de Valparaíso (monto en miles de millones de pesos y facturas en miles de unidades),F035.CVRC.FLU.Z.CLP.Z.Z.Z.Z.05.0.M,Compra regional (monto),M,05,Valparaíso,Z,Total regional (sin desglose sectorial),Transacciones y Ventas Locales,Pesos Chilenos (CLP)
Regionales,Compraventas regionales según región de venta y de compra. Región de Valparaíso (monto en miles de millones de pesos y facturas en miles de unidades),F035.CVRCITE.FLU.Z.CLP.Z.Z.Z.Z.05.0.M,Inter-regional,M,05,Valparaíso,Z,Total regional (sin desglose sectorial),Transacciones y Ventas Locales,Pesos Chilenos (CLP)
Regionales,Compraventas regionales según región de venta y de compra. Región de Valparaíso (monto en miles de millones de pesos y facturas en miles de unidades),F035.CVRCITA.FLU.Z.CLP.Z.Z.Z.Z.05.0.M,Intra-regional,M,05,Valparaíso,Z,Total regional (sin desglose sectorial),Transacciones y Ventas Locales,Pesos Chilenos (CLP)
Regionales,Compraventas regionales según región de venta y de compra. Región de Valparaíso (monto en miles de millones de pesos y facturas en miles de unidades),F035.NFRV.FLU.Z.N.Z.Z.Z.Z.05.0.M,Venta regional (cantidad de facturas emitidas),M,05,Valparaíso,Z,Total regional (sin desglose sectorial),Transacciones y Ventas Locales,Pesos Chilenos (CLP)
Regionales,Compraventas regionales según región de venta y de compra. Región de Valparaíso (monto en miles de millones de pesos y facturas en miles de unidades),F035.NFRVITE.FLU.Z.N.Z.Z.Z.Z.05.0.M,Inter-regional,M,05,Valparaíso,Z,Total regional (sin desglose sectorial),Transacciones y Ventas Locales,Pesos Chilenos (CLP)
Regionales,Compraventas regionales según región de venta y de compra. Región de Valparaíso (monto en miles de millones de pesos y facturas en miles de unidades),F035.NFRVITA.FLU.Z.N.Z.Z.Z.Z.05.0.M,Intra-regional,M,05,Valparaíso,Z,Total regional (sin desglose sectorial),Transacciones y Ventas Locales,Pesos Chilenos (CLP)
Regionales,Compraventas regionales según región de venta y de compra. Región de Valparaíso (monto en miles de millones de pesos y facturas en miles de unidades),F035.NFRC.FLU.Z.N.Z.Z.Z.Z.05.0.M,Compra región (cantidad de facturas recibidas),M,05,Valparaíso,Z,Total regional (sin desglose sectorial),Transacciones y Ventas Locales,Pesos Chilenos (CLP)
Regionales,Compraventas regionales según región de venta y de compra. Región de Valparaíso (monto en miles de millones de pesos y facturas en miles de unidades),F035.NFRCITE.FLU.Z.N.Z.Z.Z.Z.05.0.M,Inter-regional,M,05,Valparaíso,Z,Total regional (sin desglose sectorial),Transacciones y Ventas Locales,Pesos Chilenos (CLP)
Regionales,Compraventas regionales según región de venta y de compra. Región de Valparaíso (monto en miles de millones de pesos y facturas en miles de unidades),F035.NFRCITA.FLU.Z.N.Z.Z.Z.Z.05.0.M,Intra-regional,M,05,Valparaíso,Z,Total regional (sin desglose sectorial),Transacciones y Ventas Locales,Pesos Chilenos (CLP)
Regionales,Compraventas regionales según región de venta y de compra. Región Metropolitana de Santiago (monto en miles de millones de pesos y facturas en miles de unidades),F035.CVRV.FLU.Z.CLP.Z.Z.Z.Z.13.0.M,Venta regional (monto),M,13,Metropolitana de Santiago,Z,Total regional (sin desglose sectorial),Transacciones y Ventas Locales,Pesos Chilenos (CLP)
Regionales,Compraventas regionales según región de venta y de compra. Región Metropolitana de Santiago (monto en miles de millones de pesos y facturas en miles de unidades),F035.CVRVITE.FLU.Z.CLP.Z.Z.Z.Z.13.0.M,Inter-regional,M,13,Metropolitana de Santiago,Z,Total regional (sin desglose sectorial),Transacciones y Ventas Locales,Pesos Chilenos (CLP)
Regionales,Compraventas regionales según región de venta y de compra. Región Metropolitana de Santiago (monto en miles de millones de pesos y facturas en miles de unidades),F035.CVRVITA.FLU.Z.CLP.Z.Z.Z.Z.13.0.M,Intra-regional,M,13,Metropolitana de Santiago,Z,Total regional (sin desglose sectorial),Transacciones y Ventas Locales,Pesos Chilenos (CLP)
Regionales,Compraventas regionales según región de venta y de compra. Región Metropolitana de Santiago (monto en miles de millones de pesos y facturas en miles de unidades),F035.CVRC.FLU.Z.CLP.Z.Z.Z.Z.13.0.M,Compra regional (monto),M,13,Metropolitana de Santiago,Z,Total regional (sin desglose sectorial),Transacciones y Ventas Locales,Pesos Chilenos (CLP)
Regionales,Compraventas regionales según región de venta y de compra. Región Metropolitana de Santiago (monto en miles de millones de pesos y facturas en miles de unidades),F035.CVRCITE.FLU.Z.CLP.Z.Z.Z.Z.13.0.M,Inter-regional,M,13,Metropolitana de Santiago,Z,Total regional (sin desglose sectorial),Transacciones y Ventas Locales,Pesos Chilenos (CLP)
Regionales,Compraventas regionales según región de venta y de compra. Región Metropolitana de Santiago (monto en miles de millones de pesos y facturas en miles de unidades),F035.CVRCITA.FLU.Z.CLP.Z.Z.Z.Z.13.0.M,Intra-regional,M,13,Metropolitana de Santiago,Z,Total regional (sin desglose sectorial),Transacciones y Ventas Locales,Pesos Chilenos (CLP)
Regionales,Compraventas regionales según región de venta y de compra. Región Metropolitana de Santiago (monto en miles de millones de pesos y facturas en miles de unidades),F035.NFRV.FLU.Z.N.Z.Z.Z.Z.13.0.M,Venta regional (cantidad de facturas emitidas),M,13,Metropolitana de Santiago,Z,Total regional (sin desglose sectorial),Transacciones y Ventas Locales,Pesos Chilenos (CLP)
Regionales,Compraventas regionales según región de venta y de compra. Región Metropolitana de Santiago (monto en miles de millones de pesos y facturas en miles de unidades),F035.NFRVITE.FLU.Z.N.Z.Z.Z.Z.13.0.M,Inter-regional,M,13,Metropolitana de Santiago,Z,Total regional (sin desglose sectorial),Transacciones y Ventas Locales,Pesos Chilenos (CLP)
Regionales,Compraventas regionales según región de venta y de compra. Región Metropolitana de Santiago (monto en miles de millones de pesos y facturas en miles de unidades),F035.NFRVITA.FLU.Z.N.Z.Z.Z.Z.13.0.M,Intra-regional,M,13,Metropolitana de Santiago,Z,Total regional (sin desglose sectorial),Transacciones y Ventas Locales,Pesos Chilenos (CLP)
Regionales,Compraventas regionales según región de venta y de compra. Región Metropolitana de Santiago (monto en miles de millones de pesos y facturas en miles de unidades),F035.NFRC.FLU.Z.N.Z.Z.Z.Z.13.0.M,Compra región (cantidad de facturas recibidas),M,13,Metropolitana de Santiago,Z,Total regional (sin desglose sectorial),Transacciones y Ventas Locales,Pesos Chilenos (CLP)
Regionales,Compraventas regionales según región de venta y de compra. Región Metropolitana de Santiago (monto en miles de millones de pesos y facturas en miles de unidades),F035.NFRCITE.FLU.Z.N.Z.Z.Z.Z.13.0.M,Inter-regional,M,13,Metropolitana de Santiago,Z,Total regional (sin desglose sectorial),Transacciones y Ventas Locales,Pesos Chilenos (CLP)
Regionales,Compraventas regionales según región de venta y de compra. Región Metropolitana de Santiago (monto en miles de millones de pesos y facturas en miles de unidades),F035.NFRCITA.FLU.Z.N.Z.Z.Z.Z.13.0.M,Intra-regional,M,13,Metropolitana de Santiago,Z,Total regional (sin desglose sectorial),Transacciones y Ventas Locales,Pesos Chilenos (CLP)
Regionales,Compraventas regionales según región de venta y de compra. Región del Libertador General Bernardo O'Higgins(monto en miles de millones de pesos y facturas en miles de unidades),F035.CVRV.FLU.Z.CLP.Z.Z.Z.Z.06.0.M,Venta regional (monto),M,06,O'Higgins,Z,Total regional (sin desglose sectorial),Transacciones y Ventas Locales,Pesos Chilenos (CLP)
Regionales,Compraventas regionales según región de venta y de compra. Región del Libertador General Bernardo O'Higgins(monto en miles de millones de pesos y facturas en miles de unidades),F035.CVRVITE.FLU.Z.CLP.Z.Z.Z.Z.06.0.M,Inter-regional,M,06,O'Higgins,Z,Total regional (sin desglose sectorial),Transacciones y Ventas Locales,Pesos Chilenos (CLP)
Regionales,Compraventas regionales según región de venta y de compra. Región del Libertador General Bernardo O'Higgins(monto en miles de millones de pesos y facturas en miles de unidades),F035.CVRVITA.FLU.Z.CLP.Z.Z.Z.Z.06.0.M,Intra-regional,M,06,O'Higgins,Z,Total regional (sin desglose sectorial),Transacciones y Ventas Locales,Pesos Chilenos (CLP)
Regionales,Compraventas regionales según región de venta y de compra. Región del Libertador General Bernardo O'Higgins(monto en miles de millones de pesos y facturas en miles de unidades),F035.CVRC.FLU.Z.CLP.Z.Z.Z.Z.06.0.M,Compra regional (monto),M,06,O'Higgins,Z,Total regional (sin desglose sectorial),Transacciones y Ventas Locales,Pesos Chilenos (CLP)
Regionales,Compraventas regionales según región de venta y de compra. Región del Libertador General Bernardo O'Higgins(monto en miles de millones de pesos y facturas en miles de unidades),F035.CVRCITE.FLU.Z.CLP.Z.Z.Z.Z.06.0.M,Inter-regional,M,06,O'Higgins,Z,Total regional (sin desglose sectorial),Transacciones y Ventas Locales,Pesos Chilenos (CLP)
Regionales,Compraventas regionales según región de venta y de compra. Región del Libertador General Bernardo O'Higgins(monto en miles de millones de pesos y facturas en miles de unidades),F035.CVRCITA.FLU.Z.CLP.Z.Z.Z.Z.06.0.M,Intra-regional,M,06,O'Higgins,Z,Total regional (sin desglose sectorial),Transacciones y Ventas Locales,Pesos Chilenos (CLP)
Regionales,Compraventas regionales según región de venta y de compra. Región del Libertador General Bernardo O'Higgins(monto en miles de millones de pesos y facturas en miles de unidades),F035.NFRV.FLU.Z.N.Z.Z.Z.Z.06.0.M,Venta regional (cantidad de facturas emitidas),M,06,O'Higgins,Z,Total regional (sin desglose sectorial),Transacciones y Ventas Locales,Pesos Chilenos (CLP)
Regionales,Compraventas regionales según región de venta y de compra. Región del Libertador General Bernardo O'Higgins(monto en miles de millones de pesos y facturas en miles de unidades),F035.NFRVITE.FLU.Z.N.Z.Z.Z.Z.06.0.M,Inter-regional,M,06,O'Higgins,Z,Total regional (sin desglose sectorial),Transacciones y Ventas Locales,Pesos Chilenos (CLP)
Regionales,Compraventas regionales según región de venta y de compra. Región del Libertador General Bernardo O'Higgins(monto en miles de millones de pesos y facturas en miles de unidades),F035.NFRVITA.FLU.Z.N.Z.Z.Z.Z.06.0.M,Intra-regional,M,06,O'Higgins,Z,Total regional (sin desglose sectorial),Transacciones y Ventas Locales,Pesos Chilenos (CLP)
Regionales,Compraventas regionales según región de venta y de compra. Región del Libertador General Bernardo O'Higgins(monto en miles de millones de pesos y facturas en miles de unidades),F035.NFRC.FLU.Z.N.Z.Z.Z.Z.06.0.M,Compra región (cantidad de facturas recibidas),M,06,O'Higgins,Z,Total regional (sin desglose sectorial),Transacciones y Ventas Locales,Pesos Chilenos (CLP)
Regionales,Compraventas regionales según región de venta y de compra. Región del Libertador General Bernardo O'Higgins(monto en miles de millones de pesos y facturas en miles de unidades),F035.NFRCITE.FLU.Z.N.Z.Z.Z.Z.06.0.M,Inter-regional,M,06,O'Higgins,Z,Total regional (sin desglose sectorial),Transacciones y Ventas Locales,Pesos Chilenos (CLP)
Regionales,Compraventas regionales según región de venta y de compra. Región del Libertador General Bernardo O'Higgins(monto en miles de millones de pesos y facturas en miles de unidades),F035.NFRCITA.FLU.Z.N.Z.Z.Z.Z.06.0.M,Intra-regional,M,06,O'Higgins,Z,Total regional (sin desglose sectorial),Transacciones y Ventas Locales,Pesos Chilenos (CLP)
Regionales,Compraventas regionales según región de venta y de compra. Región de Maule (monto en miles de millones de pesos y facturas en miles de unidades),F035.CVRV.FLU.Z.CLP.Z.Z.Z.Z.07.0.M,Venta regional (monto),M,07,Maule,Z,Total regional (sin desglose sectorial),Transacciones y Ventas Locales,Pesos Chilenos (CLP)
Regionales,Compraventas regionales según región de venta y de compra. Región de Maule (monto en miles de millones de pesos y facturas en miles de unidades),F035.CVRVITE.FLU.Z.CLP.Z.Z.Z.Z.07.0.M,Inter-regional,M,07,Maule,Z,Total regional (sin desglose sectorial),Transacciones y Ventas Locales,Pesos Chilenos (CLP)
Regionales,Compraventas regionales según región de venta y de compra. Región de Maule (monto en miles de millones de pesos y facturas en miles de unidades),F035.CVRVITA.FLU.Z.CLP.Z.Z.Z.Z.07.0.M,Intra-regional,M,07,Maule,Z,Total regional (sin desglose sectorial),Transacciones y Ventas Locales,Pesos Chilenos (CLP)
Regionales,Compraventas regionales según región de venta y de compra. Región de Maule (monto en miles de millones de pesos y facturas en miles de unidades),F035.CVRC.FLU.Z.CLP.Z.Z.Z.Z.07.0.M,Compra regional (monto),M,07,Maule,Z,Total regional (sin desglose sectorial),Transacciones y Ventas Locales,Pesos Chilenos (CLP)
Regionales,Compraventas regionales según región de venta y de compra. Región de Maule (monto en miles de millones de pesos y facturas en miles de unidades),F035.CVRCITE.FLU.Z.CLP.Z.Z.Z.Z.07.0.M,Inter-regional,M,07,Maule,Z,Total regional (sin desglose sectorial),Transacciones y Ventas Locales,Pesos Chilenos (CLP)
Regionales,Compraventas regionales según región de venta y de compra. Región de Maule (monto en miles de millones de pesos y facturas en miles de unidades),F035.CVRCITA.FLU.Z.CLP.Z.Z.Z.Z.07.0.M,Intra-regional,M,07,Maule,Z,Total regional (sin desglose sectorial),Transacciones y Ventas Locales,Pesos Chilenos (CLP)
Regionales,Compraventas regionales según región de venta y de compra. Región de Maule (monto en miles de millones de pesos y facturas en miles de unidades),F035.NFRV.FLU.Z.N.Z.Z.Z.Z.07.0.M,Venta regional (cantidad de facturas emitidas),M,07,Maule,Z,Total regional (sin desglose sectorial),Transacciones y Ventas Locales,Pesos Chilenos (CLP)
Regionales,Compraventas regionales según región de venta y de compra. Región de Maule (monto en miles de millones de pesos y facturas en miles de unidades),F035.NFRVITE.FLU.Z.N.Z.Z.Z.Z.07.0.M,Inter-regional,M,07,Maule,Z,Total regional (sin desglose sectorial),Transacciones y Ventas Locales,Pesos Chilenos (CLP)
Regionales,Compraventas regionales según región de venta y de compra. Región de Maule (monto en miles de millones de pesos y facturas en miles de unidades),F035.NFRVITA.FLU.Z.N.Z.Z.Z.Z.07.0.M,Intra-regional,M,07,Maule,Z,Total regional (sin desglose sectorial),Transacciones y Ventas Locales,Pesos Chilenos (CLP)
Regionales,Compraventas regionales según región de venta y de compra. Región de Maule (monto en miles de millones de pesos y facturas en miles de unidades),F035.NFRC.FLU.Z.N.Z.Z.Z.Z.07.0.M,Compra región (cantidad de facturas recibidas),M,07,Maule,Z,Total regional (sin desglose sectorial),Transacciones y Ventas Locales,Pesos Chilenos (CLP)
Regionales,Compraventas regionales según región de venta y de compra. Región de Maule (monto en miles de millones de pesos y facturas en miles de unidades),F035.NFRCITE.FLU.Z.N.Z.Z.Z.Z.07.0.M,Inter-regional,M,07,Maule,Z,Total regional (sin desglose sectorial),Transacciones y Ventas Locales,Pesos Chilenos (CLP)
Regionales,Compraventas regionales según región de venta y de compra. Región de Maule (monto en miles de millones de pesos y facturas en miles de unidades),F035.NFRCITA.FLU.Z.N.Z.Z.Z.Z.07.0.M,Intra-regional,M,07,Maule,Z,Total regional (sin desglose sectorial),Transacciones y Ventas Locales,Pesos Chilenos (CLP)
Regionales,Compraventas regionales según región de venta y de compra. Región de Ñuble (monto en miles de millones de pesos y facturas en miles de unidades),F035.CVRV.FLU.Z.CLP.Z.Z.Z.Z.16.0.M,Venta regional (monto),M,16,Ñuble,Z,Total regional (sin desglose sectorial),Transacciones y Ventas Locales,Pesos Chilenos (CLP)
Regionales,Compraventas regionales según región de venta y de compra. Región de Ñuble (monto en miles de millones de pesos y facturas en miles de unidades),F035.CVRVITE.FLU.Z.CLP.Z.Z.Z.Z.16.0.M,Inter-regional,M,16,Ñuble,Z,Total regional (sin desglose sectorial),Transacciones y Ventas Locales,Pesos Chilenos (CLP)
Regionales,Compraventas regionales según región de venta y de compra. Región de Ñuble (monto en miles de millones de pesos y facturas en miles de unidades),F035.CVRVITA.FLU.Z.CLP.Z.Z.Z.Z.16.0.M,Intra-regional,M,16,Ñuble,Z,Total regional (sin desglose sectorial),Transacciones y Ventas Locales,Pesos Chilenos (CLP)
Regionales,Compraventas regionales según región de venta y de compra. Región de Ñuble (monto en miles de millones de pesos y facturas en miles de unidades),F035.CVRC.FLU.Z.CLP.Z.Z.Z.Z.16.0.M,Compra regional (monto),M,16,Ñuble,Z,Total regional (sin desglose sectorial),Transacciones y Ventas Locales,Pesos Chilenos (CLP)
Regionales,Compraventas regionales según región de venta y de compra. Región de Ñuble (monto en miles de millones de pesos y facturas en miles de unidades),F035.CVRCITE.FLU.Z.CLP.Z.Z.Z.Z.16.0.M,Inter-regional,M,16,Ñuble,Z,Total regional (sin desglose sectorial),Transacciones y Ventas Locales,Pesos Chilenos (CLP)
Regionales,Compraventas regionales según región de venta y de compra. Región de Ñuble (monto en miles de millones de pesos y facturas en miles de unidades),F035.CVRCITA.FLU.Z.CLP.Z.Z.Z.Z.16.0.M,Intra-regional,M,16,Ñuble,Z,Total regional (sin desglose sectorial),Transacciones y Ventas Locales,Pesos Chilenos (CLP)
Regionales,Compraventas regionales según región de venta y de compra. Región de Ñuble (monto en miles de millones de pesos y facturas en miles de unidades),F035.NFRV.FLU.Z.N.Z.Z.Z.Z.16.0.M,Venta regional (cantidad de facturas emitidas),M,16,Ñuble,Z,Total regional (sin desglose sectorial),Transacciones y Ventas Locales,Pesos Chilenos (CLP)
Regionales,Compraventas regionales según región de venta y de compra. Región de Ñuble (monto en miles de millones de pesos y facturas en miles de unidades),F035.NFRVITE.FLU.Z.N.Z.Z.Z.Z.16.0.M,Inter-regional,M,16,Ñuble,Z,Total regional (sin desglose sectorial),Transacciones y Ventas Locales,Pesos Chilenos (CLP)
Regionales,Compraventas regionales según región de venta y de compra. Región de Ñuble (monto en miles de millones de pesos y facturas en miles de unidades),F035.NFRVITA.FLU.Z.N.Z.Z.Z.Z.16.0.M,Intra-regional,M,16,Ñuble,Z,Total regional (sin desglose sectorial),Transacciones y Ventas Locales,Pesos Chilenos (CLP)
Regionales,Compraventas regionales según región de venta y de compra. Región de Ñuble (monto en miles de millones de pesos y facturas en miles de unidades),F035.NFRC.FLU.Z.N.Z.Z.Z.Z.16.0.M,Compra región (cantidad de facturas recibidas),M,16,Ñuble,Z,Total regional (sin desglose sectorial),Transacciones y Ventas Locales,Pesos Chilenos (CLP)
Regionales,Compraventas regionales según región de venta y de compra. Región de Ñuble (monto en miles de millones de pesos y facturas en miles de unidades),F035.NFRCITE.FLU.Z.N.Z.Z.Z.Z.16.0.M,Inter-regional,M,16,Ñuble,Z,Total regional (sin desglose sectorial),Transacciones y Ventas Locales,Pesos Chilenos (CLP)
Regionales,Compraventas regionales según región de venta y de compra. Región de Ñuble (monto en miles de millones de pesos y facturas en miles de unidades),F035.NFRCITA.FLU.Z.N.Z.Z.Z.Z.16.0.M,Intra-regional,M,16,Ñuble,Z,Total regional (sin desglose sectorial),Transacciones y Ventas Locales,Pesos Chilenos (CLP)
Regionales,Compraventas regionales según región de venta y de compra. Región de Biobío (monto en miles de millones de pesos y facturas en miles de unidades),F035.CVRV.FLU.Z.CLP.Z.Z.Z.Z.08.0.M,Venta regional (monto),M,08,Biobío,Z,Total regional (sin desglose sectorial),Transacciones y Ventas Locales,Pesos Chilenos (CLP)
Regionales,Compraventas regionales según región de venta y de compra. Región de Biobío (monto en miles de millones de pesos y facturas en miles de unidades),F035.CVRVITE.FLU.Z.CLP.Z.Z.Z.Z.08.0.M,Inter-regional,M,08,Biobío,Z,Total regional (sin desglose sectorial),Transacciones y Ventas Locales,Pesos Chilenos (CLP)
Regionales,Compraventas regionales según región de venta y de compra. Región de Biobío (monto en miles de millones de pesos y facturas en miles de unidades),F035.CVRVITA.FLU.Z.CLP.Z.Z.Z.Z.08.0.M,Intra-regional,M,08,Biobío,Z,Total regional (sin desglose sectorial),Transacciones y Ventas Locales,Pesos Chilenos (CLP)
Regionales,Compraventas regionales según región de venta y de compra. Región de Biobío (monto en miles de millones de pesos y facturas en miles de unidades),F035.CVRC.FLU.Z.CLP.Z.Z.Z.Z.08.0.M,Compra regional (monto),M,08,Biobío,Z,Total regional (sin desglose sectorial),Transacciones y Ventas Locales,Pesos Chilenos (CLP)
Regionales,Compraventas regionales según región de venta y de compra. Región de Biobío (monto en miles de millones de pesos y facturas en miles de unidades),F035.CVRCITE.FLU.Z.CLP.Z.Z.Z.Z.08.0.M,Inter-regional,M,08,Biobío,Z,Total regional (sin desglose sectorial),Transacciones y Ventas Locales,Pesos Chilenos (CLP)
Regionales,Compraventas regionales según región de venta y de compra. Región de Biobío (monto en miles de millones de pesos y facturas en miles de unidades),F035.CVRCITA.FLU.Z.CLP.Z.Z.Z.Z.08.0.M,Intra-regional,M,08,Biobío,Z,Total regional (sin desglose sectorial),Transacciones y Ventas Locales,Pesos Chilenos (CLP)
Regionales,Compraventas regionales según región de venta y de compra. Región de Biobío (monto en miles de millones de pesos y facturas en miles de unidades),F035.NFRV.FLU.Z.N.Z.Z.Z.Z.08.0.M,Venta regional (cantidad de facturas emitidas),M,08,Biobío,Z,Total regional (sin desglose sectorial),Transacciones y Ventas Locales,Pesos Chilenos (CLP)
Regionales,Compraventas regionales según región de venta y de compra. Región de Biobío (monto en miles de millones de pesos y facturas en miles de unidades),F035.NFRVITE.FLU.Z.N.Z.Z.Z.Z.08.0.M,Inter-regional,M,08,Biobío,Z,Total regional (sin desglose sectorial),Transacciones y Ventas Locales,Pesos Chilenos (CLP)
Regionales,Compraventas regionales según región de venta y de compra. Región de Biobío (monto en miles de millones de pesos y facturas en miles de unidades),F035.NFRVITA.FLU.Z.N.Z.Z.Z.Z.08.0.M,Intra-regional,M,08,Biobío,Z,Total regional (sin desglose sectorial),Transacciones y Ventas Locales,Pesos Chilenos (CLP)
Regionales,Compraventas regionales según región de venta y de compra. Región de Biobío (monto en miles de millones de pesos y facturas en miles de unidades),F035.NFRC.FLU.Z.N.Z.Z.Z.Z.08.0.M,Compra región (cantidad de facturas recibidas),M,08,Biobío,Z,Total regional (sin desglose sectorial),Transacciones y Ventas Locales,Pesos Chilenos (CLP)
Regionales,Compraventas regionales según región de venta y de compra. Región de Biobío (monto en miles de millones de pesos y facturas en miles de unidades),F035.NFRCITE.FLU.Z.N.Z.Z.Z.Z.08.0.M,Inter-regional,M,08,Biobío,Z,Total regional (sin desglose sectorial),Transacciones y Ventas Locales,Pesos Chilenos (CLP)
Regionales,Compraventas regionales según región de venta y de compra. Región de Biobío (monto en miles de millones de pesos y facturas en miles de unidades),F035.NFRCITA.FLU.Z.N.Z.Z.Z.Z.08.0.M,Intra-regional,M,08,Biobío,Z,Total regional (sin desglose sectorial),Transacciones y Ventas Locales,Pesos Chilenos (CLP)
Regionales,Compraventas regionales según región de venta y de compra. Región de La Araucanía (monto en miles de millones de pesos y facturas en miles de unidades),F035.CVRV.FLU.Z.CLP.Z.Z.Z.Z.09.0.M,Venta regional (monto),M,09,La Araucanía,Z,Total regional (sin desglose sectorial),Transacciones y Ventas Locales,Pesos Chilenos (CLP)
Regionales,Compraventas regionales según región de venta y de compra. Región de La Araucanía (monto en miles de millones de pesos y facturas en miles de unidades),F035.CVRVITE.FLU.Z.CLP.Z.Z.Z.Z.09.0.M,Inter-regional,M,09,La Araucanía,Z,Total regional (sin desglose sectorial),Transacciones y Ventas Locales,Pesos Chilenos (CLP)
Regionales,Compraventas regionales según región de venta y de compra. Región de La Araucanía (monto en miles de millones de pesos y facturas en miles de unidades),F035.CVRVITA.FLU.Z.CLP.Z.Z.Z.Z.09.0.M,Intra-regional,M,09,La Araucanía,Z,Total regional (sin desglose sectorial),Transacciones y Ventas Locales,Pesos Chilenos (CLP)
Regionales,Compraventas regionales según región de venta y de compra. Región de La Araucanía (monto en miles de millones de pesos y facturas en miles de unidades),F035.CVRC.FLU.Z.CLP.Z.Z.Z.Z.09.0.M,Compra regional (monto),M,09,La Araucanía,Z,Total regional (sin desglose sectorial),Transacciones y Ventas Locales,Pesos Chilenos (CLP)
Regionales,Compraventas regionales según región de venta y de compra. Región de La Araucanía (monto en miles de millones de pesos y facturas en miles de unidades),F035.CVRCITE.FLU.Z.CLP.Z.Z.Z.Z.09.0.M,Inter-regional,M,09,La Araucanía,Z,Total regional (sin desglose sectorial),Transacciones y Ventas Locales,Pesos Chilenos (CLP)
Regionales,Compraventas regionales según región de venta y de compra. Región de La Araucanía (monto en miles de millones de pesos y facturas en miles de unidades),F035.CVRCITA.FLU.Z.CLP.Z.Z.Z.Z.09.0.M,Intra-regional,M,09,La Araucanía,Z,Total regional (sin desglose sectorial),Transacciones y Ventas Locales,Pesos Chilenos (CLP)
Regionales,Compraventas regionales según región de venta y de compra. Región de La Araucanía (monto en miles de millones de pesos y facturas en miles de unidades),F035.NFRV.FLU.Z.N.Z.Z.Z.Z.09.0.M,Venta regional (cantidad de facturas emitidas),M,09,La Araucanía,Z,Total regional (sin desglose sectorial),Transacciones y Ventas Locales,Pesos Chilenos (CLP)
Regionales,Compraventas regionales según región de venta y de compra. Región de La Araucanía (monto en miles de millones de pesos y facturas en miles de unidades),F035.NFRVITE.FLU.Z.N.Z.Z.Z.Z.09.0.M,Inter-regional,M,09,La Araucanía,Z,Total regional (sin desglose sectorial),Transacciones y Ventas Locales,Pesos Chilenos (CLP)
Regionales,Compraventas regionales según región de venta y de compra. Región de La Araucanía (monto en miles de millones de pesos y facturas en miles de unidades),F035.NFRVITA.FLU.Z.N.Z.Z.Z.Z.09.0.M,Intra-regional,M,09,La Araucanía,Z,Total regional (sin desglose sectorial),Transacciones y Ventas Locales,Pesos Chilenos (CLP)
Regionales,Compraventas regionales según región de venta y de compra. Región de La Araucanía (monto en miles de millones de pesos y facturas en miles de unidades),F035.NFRC.FLU.Z.N.Z.Z.Z.Z.09.0.M,Compra región (cantidad de facturas recibidas),M,09,La Araucanía,Z,Total regional (sin desglose sectorial),Transacciones y Ventas Locales,Pesos Chilenos (CLP)
Regionales,Compraventas regionales según región de venta y de compra. Región de La Araucanía (monto en miles de millones de pesos y facturas en miles de unidades),F035.NFRCITE.FLU.Z.N.Z.Z.Z.Z.09.0.M,Inter-regional,M,09,La Araucanía,Z,Total regional (sin desglose sectorial),Transacciones y Ventas Locales,Pesos Chilenos (CLP)
Regionales,Compraventas regionales según región de venta y de compra. Región de La Araucanía (monto en miles de millones de pesos y facturas en miles de unidades),F035.NFRCITA.FLU.Z.N.Z.Z.Z.Z.09.0.M,Intra-regional,M,09,La Araucanía,Z,Total regional (sin desglose sectorial),Transacciones y Ventas Locales,Pesos Chilenos (CLP)
Regionales,Compraventas regionales según región de venta y de compra. Región de Los Ríos (monto en miles de millones de pesos y facturas en miles de unidades),F035.CVRV.FLU.Z.CLP.Z.Z.Z.Z.14.0.M,Venta regional (monto),M,14,Los Ríos,Z,Total regional (sin desglose sectorial),Transacciones y Ventas Locales,Pesos Chilenos (CLP)
Regionales,Compraventas regionales según región de venta y de compra. Región de Los Ríos (monto en miles de millones de pesos y facturas en miles de unidades),F035.CVRVITE.FLU.Z.CLP.Z.Z.Z.Z.14.0.M,Inter-regional,M,14,Los Ríos,Z,Total regional (sin desglose sectorial),Transacciones y Ventas Locales,Pesos Chilenos (CLP)
Regionales,Compraventas regionales según región de venta y de compra. Región de Los Ríos (monto en miles de millones de pesos y facturas en miles de unidades),F035.CVRVITA.FLU.Z.CLP.Z.Z.Z.Z.14.0.M,Intra-regional,M,14,Los Ríos,Z,Total regional (sin desglose sectorial),Transacciones y Ventas Locales,Pesos Chilenos (CLP)
Regionales,Compraventas regionales según región de venta y de compra. Región de Los Ríos (monto en miles de millones de pesos y facturas en miles de unidades),F035.CVRC.FLU.Z.CLP.Z.Z.Z.Z.14.0.M,Compra regional (monto),M,14,Los Ríos,Z,Total regional (sin desglose sectorial),Transacciones y Ventas Locales,Pesos Chilenos (CLP)
Regionales,Compraventas regionales según región de venta y de compra. Región de Los Ríos (monto en miles de millones de pesos y facturas en miles de unidades),F035.CVRCITE.FLU.Z.CLP.Z.Z.Z.Z.14.0.M,Inter-regional,M,14,Los Ríos,Z,Total regional (sin desglose sectorial),Transacciones y Ventas Locales,Pesos Chilenos (CLP)
Regionales,Compraventas regionales según región de venta y de compra. Región de Los Ríos (monto en miles de millones de pesos y facturas en miles de unidades),F035.CVRCITA.FLU.Z.CLP.Z.Z.Z.Z.14.0.M,Intra-regional,M,14,Los Ríos,Z,Total regional (sin desglose sectorial),Transacciones y Ventas Locales,Pesos Chilenos (CLP)
Regionales,Compraventas regionales según región de venta y de compra. Región de Los Ríos (monto en miles de millones de pesos y facturas en miles de unidades),F035.NFRV.FLU.Z.N.Z.Z.Z.Z.14.0.M,Venta regional (cantidad de facturas emitidas),M,14,Los Ríos,Z,Total regional (sin desglose sectorial),Transacciones y Ventas Locales,Pesos Chilenos (CLP)
Regionales,Compraventas regionales según región de venta y de compra. Región de Los Ríos (monto en miles de millones de pesos y facturas en miles de unidades),F035.NFRVITE.FLU.Z.N.Z.Z.Z.Z.14.0.M,Inter-regional,M,14,Los Ríos,Z,Total regional (sin desglose sectorial),Transacciones y Ventas Locales,Pesos Chilenos (CLP)
Regionales,Compraventas regionales según región de venta y de compra. Región de Los Ríos (monto en miles de millones de pesos y facturas en miles de unidades),F035.NFRVITA.FLU.Z.N.Z.Z.Z.Z.14.0.M,Intra-regional,M,14,Los Ríos,Z,Total regional (sin desglose sectorial),Transacciones y Ventas Locales,Pesos Chilenos (CLP)
Regionales,Compraventas regionales según región de venta y de compra. Región de Los Ríos (monto en miles de millones de pesos y facturas en miles de unidades),F035.NFRC.FLU.Z.N.Z.Z.Z.Z.14.0.M,Compra región (cantidad de facturas recibidas),M,14,Los Ríos,Z,Total regional (sin desglose sectorial),Transacciones y Ventas Locales,Pesos Chilenos (CLP)
Regionales,Compraventas regionales según región de venta y de compra. Región de Los Ríos (monto en miles de millones de pesos y facturas en miles de unidades),F035.NFRCITE.FLU.Z.N.Z.Z.Z.Z.14.0.M,Inter-regional,M,14,Los Ríos,Z,Total regional (sin desglose sectorial),Transacciones y Ventas Locales,Pesos Chilenos (CLP)
Regionales,Compraventas regionales según región de venta y de compra. Región de Los Ríos (monto en miles de millones de pesos y facturas en miles de unidades),F035.NFRCITA.FLU.Z.N.Z.Z.Z.Z.14.0.M,Intra-regional,M,14,Los Ríos,Z,Total regional (sin desglose sectorial),Transacciones y Ventas Locales,Pesos Chilenos (CLP)
Regionales,Compraventas regionales según región de venta y de compra. Región de Los Lagos (monto en miles de millones de pesos y facturas en miles de unidades),F035.CVRV.FLU.Z.CLP.Z.Z.Z.Z.10.0.M,Venta regional (monto),M,10,Los Lagos,Z,Total regional (sin desglose sectorial),Transacciones y Ventas Locales,Pesos Chilenos (CLP)
Regionales,Compraventas regionales según región de venta y de compra. Región de Los Lagos (monto en miles de millones de pesos y facturas en miles de unidades),F035.CVRVITE.FLU.Z.CLP.Z.Z.Z.Z.10.0.M,Inter-regional,M,10,Los Lagos,Z,Total regional (sin desglose sectorial),Transacciones y Ventas Locales,Pesos Chilenos (CLP)
Regionales,Compraventas regionales según región de venta y de compra. Región de Los Lagos (monto en miles de millones de pesos y facturas en miles de unidades),F035.CVRVITA.FLU.Z.CLP.Z.Z.Z.Z.10.0.M,Intra-regional,M,10,Los Lagos,Z,Total regional (sin desglose sectorial),Transacciones y Ventas Locales,Pesos Chilenos (CLP)
Regionales,Compraventas regionales según región de venta y de compra. Región de Los Lagos (monto en miles de millones de pesos y facturas en miles de unidades),F035.CVRC.FLU.Z.CLP.Z.Z.Z.Z.10.0.M,Compra regional (monto),M,10,Los Lagos,Z,Total regional (sin desglose sectorial),Transacciones y Ventas Locales,Pesos Chilenos (CLP)
Regionales,Compraventas regionales según región de venta y de compra. Región de Los Lagos (monto en miles de millones de pesos y facturas en miles de unidades),F035.CVRCITE.FLU.Z.CLP.Z.Z.Z.Z.10.0.M,Inter-regional,M,10,Los Lagos,Z,Total regional (sin desglose sectorial),Transacciones y Ventas Locales,Pesos Chilenos (CLP)
Regionales,Compraventas regionales según región de venta y de compra. Región de Los Lagos (monto en miles de millones de pesos y facturas en miles de unidades),F035.CVRCITA.FLU.Z.CLP.Z.Z.Z.Z.10.0.M,Intra-regional,M,10,Los Lagos,Z,Total regional (sin desglose sectorial),Transacciones y Ventas Locales,Pesos Chilenos (CLP)
Regionales,Compraventas regionales según región de venta y de compra. Región de Los Lagos (monto en miles de millones de pesos y facturas en miles de unidades),F035.NFRV.FLU.Z.N.Z.Z.Z.Z.10.0.M,Venta regional (cantidad de facturas emitidas),M,10,Los Lagos,Z,Total regional (sin desglose sectorial),Transacciones y Ventas Locales,Pesos Chilenos (CLP)
Regionales,Compraventas regionales según región de venta y de compra. Región de Los Lagos (monto en miles de millones de pesos y facturas en miles de unidades),F035.NFRVITE.FLU.Z.N.Z.Z.Z.Z.10.0.M,Inter-regional,M,10,Los Lagos,Z,Total regional (sin desglose sectorial),Transacciones y Ventas Locales,Pesos Chilenos (CLP)
Regionales,Compraventas regionales según región de venta y de compra. Región de Los Lagos (monto en miles de millones de pesos y facturas en miles de unidades),F035.NFRVITA.FLU.Z.N.Z.Z.Z.Z.10.0.M,Intra-regional,M,10,Los Lagos,Z,Total regional (sin desglose sectorial),Transacciones y Ventas Locales,Pesos Chilenos (CLP)
Regionales,Compraventas regionales según región de venta y de compra. Región de Los Lagos (monto en miles de millones de pesos y facturas en miles de unidades),F035.NFRC.FLU.Z.N.Z.Z.Z.Z.10.0.M,Compra región (cantidad de facturas recibidas),M,10,Los Lagos,Z,Total regional (sin desglose sectorial),Transacciones y Ventas Locales,Pesos Chilenos (CLP)
Regionales,Compraventas regionales según región de venta y de compra. Región de Los Lagos (monto en miles de millones de pesos y facturas en miles de unidades),F035.NFRCITE.FLU.Z.N.Z.Z.Z.Z.10.0.M,Inter-regional,M,10,Los Lagos,Z,Total regional (sin desglose sectorial),Transacciones y Ventas Locales,Pesos Chilenos (CLP)
Regionales,Compraventas regionales según región de venta y de compra. Región de Los Lagos (monto en miles de millones de pesos y facturas en miles de unidades),F035.NFRCITA.FLU.Z.N.Z.Z.Z.Z.10.0.M,Intra-regional,M,10,Los Lagos,Z,Total regional (sin desglose sectorial),Transacciones y Ventas Locales,Pesos Chilenos (CLP)
Regionales,Compraventas regionales según región de venta y de compra. Región de Aysén del General Carlos Ibáñez del Campo (monto en miles de millones de pesos y facturas en miles de unidades),F035.CVRV.FLU.Z.CLP.Z.Z.Z.Z.11.0.M,Venta regional (monto),M,11,Aysén,Z,Total regional (sin desglose sectorial),Transacciones y Ventas Locales,Pesos Chilenos (CLP)
Regionales,Compraventas regionales según región de venta y de compra. Región de Aysén del General Carlos Ibáñez del Campo (monto en miles de millones de pesos y facturas en miles de unidades),F035.CVRVITE.FLU.Z.CLP.Z.Z.Z.Z.11.0.M,Inter-regional,M,11,Aysén,Z,Total regional (sin desglose sectorial),Transacciones y Ventas Locales,Pesos Chilenos (CLP)
Regionales,Compraventas regionales según región de venta y de compra. Región de Aysén del General Carlos Ibáñez del Campo (monto en miles de millones de pesos y facturas en miles de unidades),F035.CVRVITA.FLU.Z.CLP.Z.Z.Z.Z.11.0.M,Intra-regional,M,11,Aysén,Z,Total regional (sin desglose sectorial),Transacciones y Ventas Locales,Pesos Chilenos (CLP)
Regionales,Compraventas regionales según región de venta y de compra. Región de Aysén del General Carlos Ibáñez del Campo (monto en miles de millones de pesos y facturas en miles de unidades),F035.CVRC.FLU.Z.CLP.Z.Z.Z.Z.11.0.M,Compra regional (monto),M,11,Aysén,Z,Total regional (sin desglose sectorial),Transacciones y Ventas Locales,Pesos Chilenos (CLP)
Regionales,Compraventas regionales según región de venta y de compra. Región de Aysén del General Carlos Ibáñez del Campo (monto en miles de millones de pesos y facturas en miles de unidades),F035.CVRCITE.FLU.Z.CLP.Z.Z.Z.Z.11.0.M,Inter-regional,M,11,Aysén,Z,Total regional (sin desglose sectorial),Transacciones y Ventas Locales,Pesos Chilenos (CLP)
Regionales,Compraventas regionales según región de venta y de compra. Región de Aysén del General Carlos Ibáñez del Campo (monto en miles de millones de pesos y facturas en miles de unidades),F035.CVRCITA.FLU.Z.CLP.Z.Z.Z.Z.11.0.M,Intra-regional,M,11,Aysén,Z,Total regional (sin desglose sectorial),Transacciones y Ventas Locales,Pesos Chilenos (CLP)
Regionales,Compraventas regionales según región de venta y de compra. Región de Aysén del General Carlos Ibáñez del Campo (monto en miles de millones de pesos y facturas en miles de unidades),F035.NFRV.FLU.Z.N.Z.Z.Z.Z.11.0.M,Venta regional (cantidad de facturas emitidas),M,11,Aysén,Z,Total regional (sin desglose sectorial),Transacciones y Ventas Locales,Pesos Chilenos (CLP)
Regionales,Compraventas regionales según región de venta y de compra. Región de Aysén del General Carlos Ibáñez del Campo (monto en miles de millones de pesos y facturas en miles de unidades),F035.NFRVITE.FLU.Z.N.Z.Z.Z.Z.11.0.M,Inter-regional,M,11,Aysén,Z,Total regional (sin desglose sectorial),Transacciones y Ventas Locales,Pesos Chilenos (CLP)
Regionales,Compraventas regionales según región de venta y de compra. Región de Aysén del General Carlos Ibáñez del Campo (monto en miles de millones de pesos y facturas en miles de unidades),F035.NFRVITA.FLU.Z.N.Z.Z.Z.Z.11.0.M,Intra-regional,M,11,Aysén,Z,Total regional (sin desglose sectorial),Transacciones y Ventas Locales,Pesos Chilenos (CLP)
Regionales,Compraventas regionales según región de venta y de compra. Región de Aysén del General Carlos Ibáñez del Campo (monto en miles de millones de pesos y facturas en miles de unidades),F035.NFRC.FLU.Z.N.Z.Z.Z.Z.11.0.M,Compra región (cantidad de facturas recibidas),M,11,Aysén,Z,Total regional (sin desglose sectorial),Transacciones y Ventas Locales,Pesos Chilenos (CLP)
Regionales,Compraventas regionales según región de venta y de compra. Región de Aysén del General Carlos Ibáñez del Campo (monto en miles de millones de pesos y facturas en miles de unidades),F035.NFRCITE.FLU.Z.N.Z.Z.Z.Z.11.0.M,Inter-regional,M,11,Aysén,Z,Total regional (sin desglose sectorial),Transacciones y Ventas Locales,Pesos Chilenos (CLP)
Regionales,Compraventas regionales según región de venta y de compra. Región de Aysén del General Carlos Ibáñez del Campo (monto en miles de millones de pesos y facturas en miles de unidades),F035.NFRCITA.FLU.Z.N.Z.Z.Z.Z.11.0.M,Intra-regional,M,11,Aysén,Z,Total regional (sin desglose sectorial),Transacciones y Ventas Locales,Pesos Chilenos (CLP)
Regionales,Compraventas regionales según región de venta y de compra. Región de Magallanes y de la Antártica Chilena (monto en miles de millones de pesos y facturas en miles de unidades),F035.CVRV.FLU.Z.CLP.Z.Z.Z.Z.12.0.M,Venta regional (monto),M,12,Magallanes,Z,Total regional (sin desglose sectorial),Transacciones y Ventas Locales,Pesos Chilenos (CLP)
Regionales,Compraventas regionales según región de venta y de compra. Región de Magallanes y de la Antártica Chilena (monto en miles de millones de pesos y facturas en miles de unidades),F035.CVRVITE.FLU.Z.CLP.Z.Z.Z.Z.12.0.M,Inter-regional,M,12,Magallanes,Z,Total regional (sin desglose sectorial),Transacciones y Ventas Locales,Pesos Chilenos (CLP)
Regionales,Compraventas regionales según región de venta y de compra. Región de Magallanes y de la Antártica Chilena (monto en miles de millones de pesos y facturas en miles de unidades),F035.CVRVITA.FLU.Z.CLP.Z.Z.Z.Z.12.0.M,Intra-regional,M,12,Magallanes,Z,Total regional (sin desglose sectorial),Transacciones y Ventas Locales,Pesos Chilenos (CLP)
Regionales,Compraventas regionales según región de venta y de compra. Región de Magallanes y de la Antártica Chilena (monto en miles de millones de pesos y facturas en miles de unidades),F035.CVRC.FLU.Z.CLP.Z.Z.Z.Z.12.0.M,Compra regional (monto),M,12,Magallanes,Z,Total regional (sin desglose sectorial),Transacciones y Ventas Locales,Pesos Chilenos (CLP)
Regionales,Compraventas regionales según región de venta y de compra. Región de Magallanes y de la Antártica Chilena (monto en miles de millones de pesos y facturas en miles de unidades),F035.CVRCITE.FLU.Z.CLP.Z.Z.Z.Z.12.0.M,Inter-regional,M,12,Magallanes,Z,Total regional (sin desglose sectorial),Transacciones y Ventas Locales,Pesos Chilenos (CLP)
Regionales,Compraventas regionales según región de venta y de compra. Región de Magallanes y de la Antártica Chilena (monto en miles de millones de pesos y facturas en miles de unidades),F035.CVRCITA.FLU.Z.CLP.Z.Z.Z.Z.12.0.M,Intra-regional,M,12,Magallanes,Z,Total regional (sin desglose sectorial),Transacciones y Ventas Locales,Pesos Chilenos (CLP)
Regionales,Compraventas regionales según región de venta y de compra. Región de Magallanes y de la Antártica Chilena (monto en miles de millones de pesos y facturas en miles de unidades),F035.NFRV.FLU.Z.N.Z.Z.Z.Z.12.0.M,Venta regional (cantidad de facturas emitidas),M,12,Magallanes,Z,Total regional (sin desglose sectorial),Transacciones y Ventas Locales,Pesos Chilenos (CLP)
Regionales,Compraventas regionales según región de venta y de compra. Región de Magallanes y de la Antártica Chilena (monto en miles de millones de pesos y facturas en miles de unidades),F035.NFRVITE.FLU.Z.N.Z.Z.Z.Z.12.0.M,Inter-regional,M,12,Magallanes,Z,Total regional (sin desglose sectorial),Transacciones y Ventas Locales,Pesos Chilenos (CLP)
Regionales,Compraventas regionales según región de venta y de compra. Región de Magallanes y de la Antártica Chilena (monto en miles de millones de pesos y facturas en miles de unidades),F035.NFRVITA.FLU.Z.N.Z.Z.Z.Z.12.0.M,Intra-regional,M,12,Magallanes,Z,Total regional (sin desglose sectorial),Transacciones y Ventas Locales,Pesos Chilenos (CLP)
Regionales,Compraventas regionales según región de venta y de compra. Región de Magallanes y de la Antártica Chilena (monto en miles de millones de pesos y facturas en miles de unidades),F035.NFRC.FLU.Z.N.Z.Z.Z.Z.12.0.M,Compra región (cantidad de facturas recibidas),M,12,Magallanes,Z,Total regional (sin desglose sectorial),Transacciones y Ventas Locales,Pesos Chilenos (CLP)
Regionales,Compraventas regionales según región de venta y de compra. Región de Magallanes y de la Antártica Chilena (monto en miles de millones de pesos y facturas en miles de unidades),F035.NFRCITE.FLU.Z.N.Z.Z.Z.Z.12.0.M,Inter-regional,M,12,Magallanes,Z,Total regional (sin desglose sectorial),Transacciones y Ventas Locales,Pesos Chilenos (CLP)
Regionales,Compraventas regionales según región de venta y de compra. Región de Magallanes y de la Antártica Chilena (monto en miles de millones de pesos y facturas en miles de unidades),F035.NFRCITA.FLU.Z.N.Z.Z.Z.Z.12.0.M,Intra-regional,M,12,Magallanes,Z,Total regional (sin desglose sectorial),Transacciones y Ventas Locales,Pesos Chilenos (CLP)
Regionales,Compraventas regionales según región de venta y de compra. Total Nacional (monto en miles de millones de pesos y facturas en miles de unidades),F035.CVRV.FLU.Z.CLP.Z.Z.Z.Z.T.0.M,Compraventas regionales (monto),M,Nacional,Total Nacional,Z,Total regional (sin desglose sectorial),Transacciones y Ventas Locales,Pesos Chilenos (CLP)
Regionales,Compraventas regionales según región de venta y de compra. Total Nacional (monto en miles de millones de pesos y facturas en miles de unidades),F035.NFRV.FLU.Z.N.Z.Z.Z.Z.T.0.M,Compraventas regionales (cantidad de facturas emitidas),M,Nacional,Total Nacional,Z,Total regional (sin desglose sectorial),Transacciones y Ventas Locales,Pesos Chilenos (CLP)
Regionales,Índice de Avisos Laborales de Internet por región (2018=100),F049.AVS.IND.BCC1.01.T,Nacional,T,UNKNOWN,No Especificado,12,Administración pública,Mercado Laboral,No Especificada
Regionales,Índice de Avisos Laborales de Internet por región (2018=100),F049.AVSAP.IND.BCC1.01.T,Región de Arica y Parinacota,T,15,Arica y Parinacota,12,Administración pública,Mercado Laboral,No Especificada
Regionales,Índice de Avisos Laborales de Internet por región (2018=100),F049.AVSTA.IND.BCC1.01.T,Región de Tarapacá,T,01,Tarapacá,12,Administración pública,Mercado Laboral,No Especificada
Regionales,Índice de Avisos Laborales de Internet por región (2018=100),F049.AVSAN.IND.BCC1.01.T,Región de Antofagasta,T,02,Antofagasta,05,"Electricidad, gas, agua y gestión de desechos",Mercado Laboral,No Especificada
Regionales,Índice de Avisos Laborales de Internet por región (2018=100),F049.AVSAT.IND.BCC1.01.T,Región de Atacama,T,03,Atacama,12,Administración pública,Mercado Laboral,No Especificada
Regionales,Índice de Avisos Laborales de Internet por región (2018=100),F049.AVSZN.IND.BCC1.01.T,Macrozona Norte,T,UNKNOWN,No Especificado,12,Administración pública,Mercado Laboral,No Especificada
Regionales,Índice de Avisos Laborales de Internet por región (2018=100),F049.AVSCO.IND.BCC1.01.T,Región de Coquimbo,T,04,Coquimbo,12,Administración pública,Mercado Laboral,No Especificada
Regionales,Índice de Avisos Laborales de Internet por región (2018=100),F049.AVSVA.IND.BCC1.01.T,Región de Valparaíso,T,05,Valparaíso,12,Administración pública,Mercado Laboral,No Especificada
Regionales,Índice de Avisos Laborales de Internet por región (2018=100),F049.AVSZC.IND.BCC1.01.T,Macrozona Centro,T,UNKNOWN,No Especificado,12,Administración pública,Mercado Laboral,No Especificada
Regionales,Índice de Avisos Laborales de Internet por región (2018=100),F049.AVSRM.IND.BCC1.01.T,Región Metropolitana de Santiago,T,13,Metropolitana de Santiago,12,Administración pública,Mercado Laboral,No Especificada
Regionales,Índice de Avisos Laborales de Internet por región (2018=100),F049.AVSOH.IND.BCC1.01.T,Región del Libertador General Bernardo O'Higgins,T,06,O'Higgins,12,Administración pública,Mercado Laboral,No Especificada
Regionales,Índice de Avisos Laborales de Internet por región (2018=100),F049.AVSMA.IND.BCC1.01.T,Región del Maule,T,07,Maule,12,Administración pública,Mercado Laboral,No Especificada
Regionales,Índice de Avisos Laborales de Internet por región (2018=100),F049.AVSNB.IND.BCC1.01.T,Región de Ñuble,T,16,Ñuble,12,Administración pública,Mercado Laboral,No Especificada
Regionales,Índice de Avisos Laborales de Internet por región (2018=100),F049.AVSBI.IND.BCC1.01.T,Región del Biobío,T,08,Biobío,12,Administración pública,Mercado Laboral,No Especificada
Regionales,Índice de Avisos Laborales de Internet por región (2018=100),F049.AVSZCS.IND.BCC1.01.T,Macrozona Centro Sur,T,UNKNOWN,No Especificado,12,Administración pública,Mercado Laboral,No Especificada
Regionales,Índice de Avisos Laborales de Internet por región (2018=100),F049.AVSAR.IND.BCC1.01.T,Región de La Araucanía,T,09,La Araucanía,12,Administración pública,Mercado Laboral,No Especificada
Regionales,Índice de Avisos Laborales de Internet por región (2018=100),F049.AVSLR.IND.BCC1.01.T,Región de Los Ríos,T,14,Los Ríos,12,Administración pública,Mercado Laboral,No Especificada
Regionales,Índice de Avisos Laborales de Internet por región (2018=100),F049.AVSLL.IND.BCC1.01.T,Región de Los Lagos,T,10,Los Lagos,12,Administración pública,Mercado Laboral,No Especificada
Regionales,Índice de Avisos Laborales de Internet por región (2018=100),F049.AVSZS.IND.BCC1.01.T,Macrozona Sur,T,UNKNOWN,No Especificado,12,Administración pública,Mercado Laboral,No Especificada
Regionales,Índice de Avisos Laborales de Internet por región (2018=100),F049.AVSAI.IND.BCC1.01.T,Región de Aysén del General Carlos Ibáñez del Campo,T,11,Aysén,12,Administración pública,Mercado Laboral,No Especificada
Regionales,Índice de Avisos Laborales de Internet por región (2018=100),F049.AVSMG.IND.BCC1.01.T,Región de Magallanes y de la Antártica Chilena,T,12,Magallanes,12,Administración pública,Mercado Laboral,No Especificada
Regionales,Índice de Avisos Laborales de Internet por región (2018=100),F049.AVSZAS.IND.BCC1.01.T,Macrozona Austral,T,UNKNOWN,No Especificado,12,Administración pública,Mercado Laboral,No Especificada
Regionales,Número de constituciones en registro de empresas y sociedades a nivel regional (Cantidad),F034.CEYS.FLU.MEFT.Z.0.M,Total,M,Nacional,Total Nacional,UNKNOWN,No Especificado,Otros Indicadores Regionales,No Especificada
Regionales,Número de constituciones en registro de empresas y sociedades a nivel regional (Cantidad),F034.CEYSAP.FLU.MEFT.Z.0.M,Región de Arica y Parinacota,M,15,Arica y Parinacota,UNKNOWN,No Especificado,Otros Indicadores Regionales,No Especificada
Regionales,Número de constituciones en registro de empresas y sociedades a nivel regional (Cantidad),F034.CEYSTA.FLU.MEFT.Z.0.M,Región de Tarapacá,M,01,Tarapacá,UNKNOWN,No Especificado,Otros Indicadores Regionales,No Especificada
Regionales,Número de constituciones en registro de empresas y sociedades a nivel regional (Cantidad),F034.CEYSAN.FLU.MEFT.Z.0.M,Región de Antofagasta,M,02,Antofagasta,05,"Electricidad, gas, agua y gestión de desechos",Otros Indicadores Regionales,No Especificada
Regionales,Número de constituciones en registro de empresas y sociedades a nivel regional (Cantidad),F034.CEYSAT.FLU.MEFT.Z.0.M,Región de Atacama,M,03,Atacama,UNKNOWN,No Especificado,Otros Indicadores Regionales,No Especificada
Regionales,Número de constituciones en registro de empresas y sociedades a nivel regional (Cantidad),F034.CEYSCO.FLU.MEFT.Z.0.M,Región de Coquimbo,M,04,Coquimbo,UNKNOWN,No Especificado,Otros Indicadores Regionales,No Especificada
Regionales,Número de constituciones en registro de empresas y sociedades a nivel regional (Cantidad),F034.CEYSVA.FLU.MEFT.Z.0.M,Región de Valparaíso,M,05,Valparaíso,UNKNOWN,No Especificado,Otros Indicadores Regionales,No Especificada
Regionales,Número de constituciones en registro de empresas y sociedades a nivel regional (Cantidad),F034.CEYSRM.FLU.MEFT.Z.0.M,Región Metropolitana de Santiago,M,13,Metropolitana de Santiago,UNKNOWN,No Especificado,Otros Indicadores Regionales,No Especificada
Regionales,Número de constituciones en registro de empresas y sociedades a nivel regional (Cantidad),F034.CEYSLI.FLU.MEFT.Z.0.M,Región del Libertador General Bernardo O'Higgins,M,06,O'Higgins,UNKNOWN,No Especificado,Otros Indicadores Regionales,No Especificada
Regionales,Número de constituciones en registro de empresas y sociedades a nivel regional (Cantidad),F034.CEYSML.FLU.MEFT.Z.0.M,Región del Maule,M,07,Maule,UNKNOWN,No Especificado,Otros Indicadores Regionales,No Especificada
Regionales,Número de constituciones en registro de empresas y sociedades a nivel regional (Cantidad),F034.CEYSNB.FLU.MEFT.Z.0.M,Región de Ñuble,M,16,Ñuble,UNKNOWN,No Especificado,Otros Indicadores Regionales,No Especificada
Regionales,Número de constituciones en registro de empresas y sociedades a nivel regional (Cantidad),F034.CEYSBI.FLU.MEFT.Z.0.M,Región del Biobío,M,08,Biobío,UNKNOWN,No Especificado,Otros Indicadores Regionales,No Especificada
Regionales,Número de constituciones en registro de empresas y sociedades a nivel regional (Cantidad),F034.CEYSAR.FLU.MEFT.Z.0.M,Región de La Araucanía,M,09,La Araucanía,UNKNOWN,No Especificado,Otros Indicadores Regionales,No Especificada
Regionales,Número de constituciones en registro de empresas y sociedades a nivel regional (Cantidad),F034.CEYSLR.FLU.MEFT.Z.0.M,Región de Los Ríos,M,14,Los Ríos,UNKNOWN,No Especificado,Otros Indicadores Regionales,No Especificada
Regionales,Número de constituciones en registro de empresas y sociedades a nivel regional (Cantidad),F034.CEYSLL.FLU.MEFT.Z.0.M,Región de Los Lagos,M,10,Los Lagos,UNKNOWN,No Especificado,Otros Indicadores Regionales,No Especificada
Regionales,Número de constituciones en registro de empresas y sociedades a nivel regional (Cantidad),F034.CEYSAI.FLU.MEFT.Z.0.M,Región de Aysén del General Carlos Ibáñez del Campo,M,11,Aysén,UNKNOWN,No Especificado,Otros Indicadores Regionales,No Especificada
Regionales,Número de constituciones en registro de empresas y sociedades a nivel regional (Cantidad),F034.CEYSMA.FLU.MEFT.Z.0.M,Región de Magallanes y de la Antártica Chilena,M,12,Magallanes,UNKNOWN,No Especificado,Otros Indicadores Regionales,No Especificada
Regionales,Número total de empresas por región,F034.TEMP.STO.BCCH.Z.RXV.A,Región de Arica y Parinacota,A,15,Arica y Parinacota,UNKNOWN,No Especificado,Otros Indicadores Regionales,No Especificada
Regionales,Número total de empresas por región,F034.TEMP.STO.BCCH.Z.RI.A,Región de Tarapacá,A,01,Tarapacá,UNKNOWN,No Especificado,Otros Indicadores Regionales,No Especificada
Regionales,Número total de empresas por región,F034.TEMP.STO.BCCH.Z.RII.A,Región de Antofagasta,A,02,Antofagasta,05,"Electricidad, gas, agua y gestión de desechos",Otros Indicadores Regionales,No Especificada
Regionales,Número total de empresas por región,F034.TEMP.STO.BCCH.Z.RIII.A,Región de Atacama,A,03,Atacama,UNKNOWN,No Especificado,Otros Indicadores Regionales,No Especificada
Regionales,Número total de empresas por región,F034.TEMP.STO.BCCH.Z.RIV.A,Región de Coquimbo,A,04,Coquimbo,UNKNOWN,No Especificado,Otros Indicadores Regionales,No Especificada
Regionales,Número total de empresas por región,F034.TEMP.STO.BCCH.Z.RV.A,Región de Valparaíso,A,05,Valparaíso,UNKNOWN,No Especificado,Otros Indicadores Regionales,No Especificada
Regionales,Número total de empresas por región,F034.TEMP.STO.BCCH.Z.RM.A,Región Metropolitana de Santiago,A,13,Metropolitana de Santiago,UNKNOWN,No Especificado,Otros Indicadores Regionales,No Especificada
Regionales,Número total de empresas por región,F034.TEMP.STO.BCCH.Z.RVI.A,Región del Libertador General Bernardo O'higgins,A,06,O'Higgins,UNKNOWN,No Especificado,Otros Indicadores Regionales,No Especificada
Regionales,Número total de empresas por región,F034.TEMP.STO.BCCH.Z.RVII.A,Región del Maule,A,07,Maule,UNKNOWN,No Especificado,Otros Indicadores Regionales,No Especificada
Regionales,Número total de empresas por región,F034.TEMP.STO.BCCH.Z.RXVI.A,Región de Ñuble,A,16,Ñuble,UNKNOWN,No Especificado,Otros Indicadores Regionales,No Especificada
Regionales,Número total de empresas por región,F034.TEMP.STO.BCCH.Z.RVIII.A,Región del Biobío,A,08,Biobío,UNKNOWN,No Especificado,Otros Indicadores Regionales,No Especificada
Regionales,Número total de empresas por región,F034.TEMP.STO.BCCH.Z.RIX.A,Región de La Araucanía,A,09,La Araucanía,UNKNOWN,No Especificado,Otros Indicadores Regionales,No Especificada
Regionales,Número total de empresas por región,F034.TEMP.STO.BCCH.Z.RXIV.A,Región de Los Ríos,A,14,Los Ríos,UNKNOWN,No Especificado,Otros Indicadores Regionales,No Especificada
Regionales,Número total de empresas por región,F034.TEMP.STO.BCCH.Z.RX.A,Región de Los Lagos,A,10,Los Lagos,UNKNOWN,No Especificado,Otros Indicadores Regionales,No Especificada
Regionales,Número total de empresas por región,F034.TEMP.STO.BCCH.Z.RXI.A,Región de Aysén del General Carlos Ibáñez del Campo,A,11,Aysén,UNKNOWN,No Especificado,Otros Indicadores Regionales,No Especificada
Regionales,Número total de empresas por región,F034.TEMP.STO.BCCH.Z.RXII.A,Región de Magallanes y de la Antártica Chilena,A,12,Magallanes,UNKNOWN,No Especificado,Otros Indicadores Regionales,No Especificada
Regionales,Número total de empresas por región,F034.TEMP.STO.BCCH.Z.NAC.A,Total Nacional,A,UNKNOWN,No Especificado,UNKNOWN,No Especificado,Otros Indicadores Regionales,No Especificada
Regionales,Número total de empresas ajustado por meses de venta por región,F034.TEAMV.STO.BCCH.Z.RXV.A,Región de Arica y Parinacota,A,15,Arica y Parinacota,UNKNOWN,No Especificado,Otros Indicadores Regionales,No Especificada
Regionales,Número total de empresas ajustado por meses de venta por región,F034.TEAMV.STO.BCCH.Z.RI.A,Región de Tarapacá,A,01,Tarapacá,UNKNOWN,No Especificado,Otros Indicadores Regionales,No Especificada
Regionales,Número total de empresas ajustado por meses de venta por región,F034.TEAMV.STO.BCCH.Z.RII.A,Región de Antofagasta,A,02,Antofagasta,05,"Electricidad, gas, agua y gestión de desechos",Otros Indicadores Regionales,No Especificada
Regionales,Número total de empresas ajustado por meses de venta por región,F034.TEAMV.STO.BCCH.Z.RIII.A,Región de Atacama,A,03,Atacama,UNKNOWN,No Especificado,Otros Indicadores Regionales,No Especificada
Regionales,Número total de empresas ajustado por meses de venta por región,F034.TEAMV.STO.BCCH.Z.RIV.A,Región de Coquimbo,A,04,Coquimbo,UNKNOWN,No Especificado,Otros Indicadores Regionales,No Especificada
Regionales,Número total de empresas ajustado por meses de venta por región,F034.TEAMV.STO.BCCH.Z.RV.A,Región de Valparaíso,A,05,Valparaíso,UNKNOWN,No Especificado,Otros Indicadores Regionales,No Especificada
Regionales,Número total de empresas ajustado por meses de venta por región,F034.TEAMV.STO.BCCH.Z.RM.A,Región Metropolitana de Santiago,A,13,Metropolitana de Santiago,UNKNOWN,No Especificado,Otros Indicadores Regionales,No Especificada
Regionales,Número total de empresas ajustado por meses de venta por región,F034.TEAMV.STO.BCCH.Z.RVI.A,Región del Libertador General Bernardo O'higgins,A,06,O'Higgins,UNKNOWN,No Especificado,Otros Indicadores Regionales,No Especificada
Regionales,Número total de empresas ajustado por meses de venta por región,F034.TEAMV.STO.BCCH.Z.RVII.A,Región del Maule,A,07,Maule,UNKNOWN,No Especificado,Otros Indicadores Regionales,No Especificada
Regionales,Número total de empresas ajustado por meses de venta por región,F034.TEAMV.STO.BCCH.Z.RXVI.A,Región de Ñuble,A,16,Ñuble,UNKNOWN,No Especificado,Otros Indicadores Regionales,No Especificada
Regionales,Número total de empresas ajustado por meses de venta por región,F034.TEAMV.STO.BCCH.Z.RVIII.A,Región del Biobío,A,08,Biobío,UNKNOWN,No Especificado,Otros Indicadores Regionales,No Especificada
Regionales,Número total de empresas ajustado por meses de venta por región,F034.TEAMV.STO.BCCH.Z.RIX.A,Región de La Araucanía,A,09,La Araucanía,UNKNOWN,No Especificado,Otros Indicadores Regionales,No Especificada
Regionales,Número total de empresas ajustado por meses de venta por región,F034.TEAMV.STO.BCCH.Z.RXIV.A,Región de Los Ríos,A,14,Los Ríos,UNKNOWN,No Especificado,Otros Indicadores Regionales,No Especificada
Regionales,Número total de empresas ajustado por meses de venta por región,F034.TEAMV.STO.BCCH.Z.RX.A,Región de Los Lagos,A,10,Los Lagos,UNKNOWN,No Especificado,Otros Indicadores Regionales,No Especificada
Regionales,Número total de empresas ajustado por meses de venta por región,F034.TEAMV.STO.BCCH.Z.RXI.A,Región de Aysén del General Carlos Ibáñez del Campo,A,11,Aysén,UNKNOWN,No Especificado,Otros Indicadores Regionales,No Especificada
Regionales,Número total de empresas ajustado por meses de venta por región,F034.TEAMV.STO.BCCH.Z.RXII.A,Región de Magallanes y de la Antártica Chilena,A,12,Magallanes,UNKNOWN,No Especificado,Otros Indicadores Regionales,No Especificada
Regionales,Número total de empresas ajustado por meses de venta por región,F034.TEAMV.STO.BCCH.Z.NAC.A,Total Nacional,A,UNKNOWN,No Especificado,UNKNOWN,No Especificado,Otros Indicadores Regionales,No Especificada
Regionales,Indicador de creación neta de empresas por región (%),F034.ICNE.POR.BCCH.Z.RXV.A,Región de Arica y Parinacota,A,15,Arica y Parinacota,UNKNOWN,No Especificado,Otros Indicadores Regionales,Porcentaje (%)
Regionales,Indicador de creación neta de empresas por región (%),F034.ICNE.POR.BCCH.Z.RI.A,Región de Tarapacá,A,01,Tarapacá,UNKNOWN,No Especificado,Otros Indicadores Regionales,Porcentaje (%)
Regionales,Indicador de creación neta de empresas por región (%),F034.ICNE.POR.BCCH.Z.RII.A,Región de Antofagasta,A,02,Antofagasta,05,"Electricidad, gas, agua y gestión de desechos",Otros Indicadores Regionales,Porcentaje (%)
Regionales,Indicador de creación neta de empresas por región (%),F034.ICNE.POR.BCCH.Z.RIII.A,Región de Atacama,A,03,Atacama,UNKNOWN,No Especificado,Otros Indicadores Regionales,Porcentaje (%)
Regionales,Indicador de creación neta de empresas por región (%),F034.ICNE.POR.BCCH.Z.RIV.A,Región de Coquimbo,A,04,Coquimbo,UNKNOWN,No Especificado,Otros Indicadores Regionales,Porcentaje (%)
Regionales,Indicador de creación neta de empresas por región (%),F034.ICNE.POR.BCCH.Z.RV.A,Región de Valparaíso,A,05,Valparaíso,UNKNOWN,No Especificado,Otros Indicadores Regionales,Porcentaje (%)
Regionales,Indicador de creación neta de empresas por región (%),F034.ICNE.POR.BCCH.Z.RM.A,Región Metropolitana de Santiago,A,13,Metropolitana de Santiago,UNKNOWN,No Especificado,Otros Indicadores Regionales,Porcentaje (%)
Regionales,Indicador de creación neta de empresas por región (%),F034.ICNE.POR.BCCH.Z.RVI.A,Región del Libertador General Bernardo O'higgins,A,06,O'Higgins,UNKNOWN,No Especificado,Otros Indicadores Regionales,Porcentaje (%)
Regionales,Indicador de creación neta de empresas por región (%),F034.ICNE.POR.BCCH.Z.RVII.A,Región del Maule,A,07,Maule,UNKNOWN,No Especificado,Otros Indicadores Regionales,Porcentaje (%)
Regionales,Indicador de creación neta de empresas por región (%),F034.ICNE.POR.BCCH.Z.RXVI.A,Región de Ñuble,A,16,Ñuble,UNKNOWN,No Especificado,Otros Indicadores Regionales,Porcentaje (%)
Regionales,Indicador de creación neta de empresas por región (%),F034.ICNE.POR.BCCH.Z.RVIII.A,Región del Biobío,A,08,Biobío,UNKNOWN,No Especificado,Otros Indicadores Regionales,Porcentaje (%)
Regionales,Indicador de creación neta de empresas por región (%),F034.ICNE.POR.BCCH.Z.RIX.A,Región de La Araucanía,A,09,La Araucanía,UNKNOWN,No Especificado,Otros Indicadores Regionales,Porcentaje (%)
Regionales,Indicador de creación neta de empresas por región (%),F034.ICNE.POR.BCCH.Z.RXIV.A,Región de Los Ríos,A,14,Los Ríos,UNKNOWN,No Especificado,Otros Indicadores Regionales,Porcentaje (%)
Regionales,Indicador de creación neta de empresas por región (%),F034.ICNE.POR.BCCH.Z.RX.A,Región de Los Lagos,A,10,Los Lagos,UNKNOWN,No Especificado,Otros Indicadores Regionales,Porcentaje (%)
Regionales,Indicador de creación neta de empresas por región (%),F034.ICNE.POR.BCCH.Z.RXI.A,Región de Aysén del General Carlos Ibáñez del Campo,A,11,Aysén,UNKNOWN,No Especificado,Otros Indicadores Regionales,Porcentaje (%)
Regionales,Indicador de creación neta de empresas por región (%),F034.ICNE.POR.BCCH.Z.RXII.A,Región de Magallanes y de la Antártica Chilena,A,12,Magallanes,UNKNOWN,No Especificado,Otros Indicadores Regionales,Porcentaje (%)
Regionales,Indicador de creación neta de empresas por región (%),F034.ICNE.POR.BCCH.Z.NAC.A,Total Nacional,A,UNKNOWN,No Especificado,UNKNOWN,No Especificado,Otros Indicadores Regionales,Porcentaje (%)
Regionales,Supervivencia de empresas al quinto año de su creación por región (%),F034.SEVC.POR.BCCH.Z.RXV.A,Región de Arica y Parinacota,A,15,Arica y Parinacota,UNKNOWN,No Especificado,Otros Indicadores Regionales,Porcentaje (%)
Regionales,Supervivencia de empresas al quinto año de su creación por región (%),F034.SEVC.POR.BCCH.Z.RI.A,Región de Tarapacá,A,01,Tarapacá,UNKNOWN,No Especificado,Otros Indicadores Regionales,Porcentaje (%)
Regionales,Supervivencia de empresas al quinto año de su creación por región (%),F034.SEVC.POR.BCCH.Z.RII.A,Región de Antofagasta,A,02,Antofagasta,05,"Electricidad, gas, agua y gestión de desechos",Otros Indicadores Regionales,Porcentaje (%)
Regionales,Supervivencia de empresas al quinto año de su creación por región (%),F034.SEVC.POR.BCCH.Z.RIII.A,Región de Atacama,A,03,Atacama,UNKNOWN,No Especificado,Otros Indicadores Regionales,Porcentaje (%)
Regionales,Supervivencia de empresas al quinto año de su creación por región (%),F034.SEVC.POR.BCCH.Z.RIV.A,Región de Coquimbo,A,04,Coquimbo,UNKNOWN,No Especificado,Otros Indicadores Regionales,Porcentaje (%)
Regionales,Supervivencia de empresas al quinto año de su creación por región (%),F034.SEVC.POR.BCCH.Z.RV.A,Región de Valparaíso,A,05,Valparaíso,UNKNOWN,No Especificado,Otros Indicadores Regionales,Porcentaje (%)
Regionales,Supervivencia de empresas al quinto año de su creación por región (%),F034.SEVC.POR.BCCH.Z.RM.A,Región Metropolitana de Santiago,A,13,Metropolitana de Santiago,UNKNOWN,No Especificado,Otros Indicadores Regionales,Porcentaje (%)
Regionales,Supervivencia de empresas al quinto año de su creación por región (%),F034.SEVC.POR.BCCH.Z.RVI.A,Región del Libertador General Bernardo O'higgins,A,06,O'Higgins,UNKNOWN,No Especificado,Otros Indicadores Regionales,Porcentaje (%)
Regionales,Supervivencia de empresas al quinto año de su creación por región (%),F034.SEVC.POR.BCCH.Z.RVII.A,Región del Maule,A,07,Maule,UNKNOWN,No Especificado,Otros Indicadores Regionales,Porcentaje (%)
Regionales,Supervivencia de empresas al quinto año de su creación por región (%),F034.SEVC.POR.BCCH.Z.RXVI.A,Región de Ñuble,A,16,Ñuble,UNKNOWN,No Especificado,Otros Indicadores Regionales,Porcentaje (%)
Regionales,Supervivencia de empresas al quinto año de su creación por región (%),F034.SEVC.POR.BCCH.Z.RVIII.A,Región del Biobío,A,08,Biobío,UNKNOWN,No Especificado,Otros Indicadores Regionales,Porcentaje (%)
Regionales,Supervivencia de empresas al quinto año de su creación por región (%),F034.SEVC.POR.BCCH.Z.RIX.A,Región de La Araucanía,A,09,La Araucanía,UNKNOWN,No Especificado,Otros Indicadores Regionales,Porcentaje (%)
Regionales,Supervivencia de empresas al quinto año de su creación por región (%),F034.SEVC.POR.BCCH.Z.RXIV.A,Región de Los Ríos,A,14,Los Ríos,UNKNOWN,No Especificado,Otros Indicadores Regionales,Porcentaje (%)
Regionales,Supervivencia de empresas al quinto año de su creación por región (%),F034.SEVC.POR.BCCH.Z.RX.A,Región de Los Lagos,A,10,Los Lagos,UNKNOWN,No Especificado,Otros Indicadores Regionales,Porcentaje (%)
Regionales,Supervivencia de empresas al quinto año de su creación por región (%),F034.SEVC.POR.BCCH.Z.RXI.A,Región de Aysén del General Carlos Ibáñez del Campo,A,11,Aysén,UNKNOWN,No Especificado,Otros Indicadores Regionales,Porcentaje (%)
Regionales,Supervivencia de empresas al quinto año de su creación por región (%),F034.SEVC.POR.BCCH.Z.RXII.A,Región de Magallanes y de la Antártica Chilena,A,12,Magallanes,UNKNOWN,No Especificado,Otros Indicadores Regionales,Porcentaje (%)
Regionales,Supervivencia de empresas al quinto año de su creación por región (%),F034.SEVC.POR.BCCH.Z.NAC.A,Total Nacional,A,UNKNOWN,No Especificado,UNKNOWN,No Especificado,Otros Indicadores Regionales,Porcentaje (%)
Regionales,Stock de Inversión Extranjera Directa (IED) por región (millones de dólares),F068.G1.STO.Z.IED.Z.Z.Z.Z.CL.IED.6.TPA.A,Total Nacional,A,UNKNOWN,No Especificado,UNKNOWN,No Especificado,Otros Indicadores Regionales,No Especificada
Regionales,Stock de Inversión Extranjera Directa (IED) por región (millones de dólares),F068.G1.STO.Z.IED.Z.Z.Z.Z.CL.IED.6.RXVRI.A,Región de Arica y Parinacota/Tarapacá,A,15,Arica y Parinacota,UNKNOWN,No Especificado,Otros Indicadores Regionales,No Especificada
Regionales,Stock de Inversión Extranjera Directa (IED) por región (millones de dólares),F068.G1.STO.Z.IED.Z.Z.Z.Z.CL.IED.6.RII.A,Región de Antofagasta,A,02,Antofagasta,05,"Electricidad, gas, agua y gestión de desechos",Otros Indicadores Regionales,No Especificada
Regionales,Stock de Inversión Extranjera Directa (IED) por región (millones de dólares),F068.G1.STO.Z.IED.Z.Z.Z.Z.CL.IED.6.RIII.A,Región de Atacama,A,03,Atacama,UNKNOWN,No Especificado,Otros Indicadores Regionales,No Especificada
Regionales,Stock de Inversión Extranjera Directa (IED) por región (millones de dólares),F068.G1.STO.Z.IED.Z.Z.Z.Z.CL.IED.6.RIV.A,Región de Coquimbo,A,04,Coquimbo,UNKNOWN,No Especificado,Otros Indicadores Regionales,No Especificada
Regionales,Stock de Inversión Extranjera Directa (IED) por región (millones de dólares),F068.G1.STO.Z.IED.Z.Z.Z.Z.CL.IED.6.RV.A,Región de Valparaíso,A,05,Valparaíso,UNKNOWN,No Especificado,Otros Indicadores Regionales,No Especificada
Regionales,Stock de Inversión Extranjera Directa (IED) por región (millones de dólares),F068.G1.STO.Z.IED.Z.Z.Z.Z.CL.IED.6.RM.A,Región Metropolitana de Santiago,A,13,Metropolitana de Santiago,UNKNOWN,No Especificado,Otros Indicadores Regionales,No Especificada
Regionales,Stock de Inversión Extranjera Directa (IED) por región (millones de dólares),F068.G1.STO.Z.IED.Z.Z.Z.Z.CL.IED.6.RVI.A,Región del Libertador Bernardo OHiggins,A,06,O'Higgins,UNKNOWN,No Especificado,Otros Indicadores Regionales,No Especificada
Regionales,Stock de Inversión Extranjera Directa (IED) por región (millones de dólares),F068.G1.STO.Z.IED.Z.Z.Z.Z.CL.IED.6.RVII.A,Región del Maule,A,07,Maule,UNKNOWN,No Especificado,Otros Indicadores Regionales,No Especificada
Regionales,Stock de Inversión Extranjera Directa (IED) por región (millones de dólares),F068.G1.STO.Z.IED.Z.Z.Z.Z.CL.IED.6.RVIIIRXVI.A,Región del Ñuble/Biobío,A,08,Biobío,UNKNOWN,No Especificado,Otros Indicadores Regionales,No Especificada
Regionales,Stock de Inversión Extranjera Directa (IED) por región (millones de dólares),F068.G1.STO.Z.IED.Z.Z.Z.Z.CL.IED.6.RIX.A,Región de La Araucanía,A,09,La Araucanía,UNKNOWN,No Especificado,Otros Indicadores Regionales,No Especificada
Regionales,Stock de Inversión Extranjera Directa (IED) por región (millones de dólares),F068.G1.STO.Z.IED.Z.Z.Z.Z.CL.IED.6.RXRXIV.A,Región de Los Lagos/Los Ríos,A,10,Los Lagos,UNKNOWN,No Especificado,Otros Indicadores Regionales,No Especificada
Regionales,Stock de Inversión Extranjera Directa (IED) por región (millones de dólares),F068.G1.STO.Z.IED.Z.Z.Z.Z.CL.IED.6.RXIRXII.A,Región de Aysén/Magallanes y la Antártica Chilena,A,12,Magallanes,UNKNOWN,No Especificado,Otros Indicadores Regionales,No Especificada
Regionales,Stock de Inversión Extranjera Directa (IED) por región (millones de dólares),F068.G1.STO.Z.IED.Z.Z.Z.Z.CL.IED.6.NA.A,No asignado,A,UNKNOWN,No Especificado,UNKNOWN,No Especificado,Otros Indicadores Regionales,No Especificada
Regionales,"Población nacional total, INE (número de personas)",F049.POBAP.STO.INE.AT.A,Región de Arica y Parinacota,A,15,Arica y Parinacota,UNKNOWN,No Especificado,Otros Indicadores Regionales,Unidades (Miles o Personas)
Regionales,"Población nacional total, INE (número de personas)",F049.POBTA.STO.INE.AT.A,Región de Tarapacá,A,01,Tarapacá,UNKNOWN,No Especificado,Otros Indicadores Regionales,Unidades (Miles o Personas)
Regionales,"Población nacional total, INE (número de personas)",F049.POBAN.STO.INE.AT.A,Región de Antofagasta,A,02,Antofagasta,05,"Electricidad, gas, agua y gestión de desechos",Otros Indicadores Regionales,Unidades (Miles o Personas)
Regionales,"Población nacional total, INE (número de personas)",F049.POBAT.STO.INE.AT.A,Región de Atacama,A,03,Atacama,UNKNOWN,No Especificado,Otros Indicadores Regionales,Unidades (Miles o Personas)
Regionales,"Población nacional total, INE (número de personas)",F049.POBCO.STO.INE.AT.A,Región de Coquimbo,A,04,Coquimbo,UNKNOWN,No Especificado,Otros Indicadores Regionales,Unidades (Miles o Personas)
Regionales,"Población nacional total, INE (número de personas)",F049.POBVA.STO.INE.AT.A,Región de Valparaíso,A,05,Valparaíso,UNKNOWN,No Especificado,Otros Indicadores Regionales,Unidades (Miles o Personas)
Regionales,"Población nacional total, INE (número de personas)",F049.POBRM.STO.INE.AT.A,Región Metropolitana,A,13,Metropolitana de Santiago,UNKNOWN,No Especificado,Otros Indicadores Regionales,Unidades (Miles o Personas)
Regionales,"Población nacional total, INE (número de personas)",F049.POBLI.STO.INE.AT.A,Región del Libertador General Bernardo O'Higgins,A,06,O'Higgins,UNKNOWN,No Especificado,Otros Indicadores Regionales,Unidades (Miles o Personas)
Regionales,"Población nacional total, INE (número de personas)",F049.POBML.STO.INE.AT.A,Región del Maule,A,07,Maule,UNKNOWN,No Especificado,Otros Indicadores Regionales,Unidades (Miles o Personas)
Regionales,"Población nacional total, INE (número de personas)",F049.POBBI.STO.INE.AT.A,Región del Biobío,A,08,Biobío,UNKNOWN,No Especificado,Otros Indicadores Regionales,Unidades (Miles o Personas)
Regionales,"Población nacional total, INE (número de personas)",F049.POBNB.STO.INE.AT.A,Región de Ñuble,A,16,Ñuble,UNKNOWN,No Especificado,Otros Indicadores Regionales,Unidades (Miles o Personas)
Regionales,"Población nacional total, INE (número de personas)",F049.POBAR.STO.INE.AT.A,Región de La Araucanía,A,09,La Araucanía,UNKNOWN,No Especificado,Otros Indicadores Regionales,Unidades (Miles o Personas)
Regionales,"Población nacional total, INE (número de personas)",F049.POBLR.STO.INE.AT.A,Región de Los Ríos,A,14,Los Ríos,UNKNOWN,No Especificado,Otros Indicadores Regionales,Unidades (Miles o Personas)
Regionales,"Población nacional total, INE (número de personas)",F049.POBLL.STO.INE.AT.A,Región de Los Lagos,A,10,Los Lagos,UNKNOWN,No Especificado,Otros Indicadores Regionales,Unidades (Miles o Personas)
Regionales,"Población nacional total, INE (número de personas)",F049.POBAI.STO.INE.AT.A,Región de Aysén del General Carlos Ibáñez del Campo,A,11,Aysén,UNKNOWN,No Especificado,Otros Indicadores Regionales,Unidades (Miles o Personas)
Regionales,"Población nacional total, INE (número de personas)",F049.POBMA.STO.INE.AT.A,Región de Magallanes y la Antártica Chilena,A,12,Magallanes,UNKNOWN,No Especificado,Otros Indicadores Regionales,Unidades (Miles o Personas)
Regionales,"Población nacional total mujeres, INE (número de personas)",F049.POBAP.STO.INE.MT.A,Región de Arica y Parinacota,A,15,Arica y Parinacota,UNKNOWN,No Especificado,Otros Indicadores Regionales,Unidades (Miles o Personas)
Regionales,"Población nacional total mujeres, INE (número de personas)",F049.POBTA.STO.INE.MT.A,Región de Tarapacá,A,01,Tarapacá,UNKNOWN,No Especificado,Otros Indicadores Regionales,Unidades (Miles o Personas)
Regionales,"Población nacional total mujeres, INE (número de personas)",F049.POBAN.STO.INE.MT.A,Región de Antofagasta,A,02,Antofagasta,05,"Electricidad, gas, agua y gestión de desechos",Otros Indicadores Regionales,Unidades (Miles o Personas)
Regionales,"Población nacional total mujeres, INE (número de personas)",F049.POBAT.STO.INE.MT.A,Región de Atacama,A,03,Atacama,UNKNOWN,No Especificado,Otros Indicadores Regionales,Unidades (Miles o Personas)
Regionales,"Población nacional total mujeres, INE (número de personas)",F049.POBCO.STO.INE.MT.A,Región de Coquimbo,A,04,Coquimbo,UNKNOWN,No Especificado,Otros Indicadores Regionales,Unidades (Miles o Personas)
Regionales,"Población nacional total mujeres, INE (número de personas)",F049.POBVA.STO.INE.MT.A,Región de Valparaíso,A,05,Valparaíso,UNKNOWN,No Especificado,Otros Indicadores Regionales,Unidades (Miles o Personas)
Regionales,"Población nacional total mujeres, INE (número de personas)",F049.POBRM.STO.INE.MT.A,Región Metropolitana,A,13,Metropolitana de Santiago,UNKNOWN,No Especificado,Otros Indicadores Regionales,Unidades (Miles o Personas)
Regionales,"Población nacional total mujeres, INE (número de personas)",F049.POBLI.STO.INE.MT.A,Región del Libertador General Bernardo O'Higgins,A,06,O'Higgins,UNKNOWN,No Especificado,Otros Indicadores Regionales,Unidades (Miles o Personas)
Regionales,"Población nacional total mujeres, INE (número de personas)",F049.POBML.STO.INE.MT.A,Región del Maule,A,07,Maule,UNKNOWN,No Especificado,Otros Indicadores Regionales,Unidades (Miles o Personas)
Regionales,"Población nacional total mujeres, INE (número de personas)",F049.POBBI.STO.INE.MT.A,Región del Biobío,A,08,Biobío,UNKNOWN,No Especificado,Otros Indicadores Regionales,Unidades (Miles o Personas)
Regionales,"Población nacional total mujeres, INE (número de personas)",F049.POBNB.STO.INE.MT.A,Región de Ñuble,A,16,Ñuble,UNKNOWN,No Especificado,Otros Indicadores Regionales,Unidades (Miles o Personas)
Regionales,"Población nacional total mujeres, INE (número de personas)",F049.POBAR.STO.INE.MT.A,Región de La Araucanía,A,09,La Araucanía,UNKNOWN,No Especificado,Otros Indicadores Regionales,Unidades (Miles o Personas)
Regionales,"Población nacional total mujeres, INE (número de personas)",F049.POBLL.STO.INE.MT.A,Región de Los Lagos,A,10,Los Lagos,UNKNOWN,No Especificado,Otros Indicadores Regionales,Unidades (Miles o Personas)
Regionales,"Población nacional total mujeres, INE (número de personas)",F049.POBLR.STO.INE.MT.A,Región de Los Ríos,A,14,Los Ríos,UNKNOWN,No Especificado,Otros Indicadores Regionales,Unidades (Miles o Personas)
Regionales,"Población nacional total mujeres, INE (número de personas)",F049.POBAI.STO.INE.MT.A,Región de Aysén del General Carlos Ibáñez del Campo,A,11,Aysén,UNKNOWN,No Especificado,Otros Indicadores Regionales,Unidades (Miles o Personas)
Regionales,"Población nacional total mujeres, INE (número de personas)",F049.POBMA.STO.INE.MT.A,Región de Magallanes y la Antártica Chilena,A,12,Magallanes,UNKNOWN,No Especificado,Otros Indicadores Regionales,Unidades (Miles o Personas)
Regionales,"Población nacional total hombres, INE (número de personas)",F049.POBAP.STO.INE.HT.A,Región de Arica y Parinacota,A,15,Arica y Parinacota,UNKNOWN,No Especificado,Otros Indicadores Regionales,Unidades (Miles o Personas)
Regionales,"Población nacional total hombres, INE (número de personas)",F049.POBTA.STO.INE.HT.A,Región de Tarapacá,A,01,Tarapacá,UNKNOWN,No Especificado,Otros Indicadores Regionales,Unidades (Miles o Personas)
Regionales,"Población nacional total hombres, INE (número de personas)",F049.POBAN.STO.INE.HT.A,Región de Antofagasta,A,02,Antofagasta,05,"Electricidad, gas, agua y gestión de desechos",Otros Indicadores Regionales,Unidades (Miles o Personas)
Regionales,"Población nacional total hombres, INE (número de personas)",F049.POBAT.STO.INE.HT.A,Región de Atacama,A,03,Atacama,UNKNOWN,No Especificado,Otros Indicadores Regionales,Unidades (Miles o Personas)
Regionales,"Población nacional total hombres, INE (número de personas)",F049.POBCO.STO.INE.HT.A,Región de Coquimbo,A,04,Coquimbo,UNKNOWN,No Especificado,Otros Indicadores Regionales,Unidades (Miles o Personas)
Regionales,"Población nacional total hombres, INE (número de personas)",F049.POBVA.STO.INE.HT.A,Región de Valparaíso,A,05,Valparaíso,UNKNOWN,No Especificado,Otros Indicadores Regionales,Unidades (Miles o Personas)
Regionales,"Población nacional total hombres, INE (número de personas)",F049.POBRM.STO.INE.HT.A,Región Metropolitana,A,13,Metropolitana de Santiago,UNKNOWN,No Especificado,Otros Indicadores Regionales,Unidades (Miles o Personas)
Regionales,"Población nacional total hombres, INE (número de personas)",F049.POBLI.STO.INE.HT.A,Región del Libertador General Bernardo O'Higgins,A,06,O'Higgins,UNKNOWN,No Especificado,Otros Indicadores Regionales,Unidades (Miles o Personas)
Regionales,"Población nacional total hombres, INE (número de personas)",F049.POBML.STO.INE.HT.A,Región del Maule,A,07,Maule,UNKNOWN,No Especificado,Otros Indicadores Regionales,Unidades (Miles o Personas)
Regionales,"Población nacional total hombres, INE (número de personas)",F049.POBBI.STO.INE.HT.A,Región del Biobío,A,08,Biobío,UNKNOWN,No Especificado,Otros Indicadores Regionales,Unidades (Miles o Personas)
Regionales,"Población nacional total hombres, INE (número de personas)",F049.POBNB.STO.INE.HT.A,Región de Ñuble,A,16,Ñuble,UNKNOWN,No Especificado,Otros Indicadores Regionales,Unidades (Miles o Personas)
Regionales,"Población nacional total hombres, INE (número de personas)",F049.POBAR.STO.INE.HT.A,Región de La Araucanía,A,09,La Araucanía,UNKNOWN,No Especificado,Otros Indicadores Regionales,Unidades (Miles o Personas)
Regionales,"Población nacional total hombres, INE (número de personas)",F049.POBLR.STO.INE.HT.A,Región de Los Ríos,A,14,Los Ríos,UNKNOWN,No Especificado,Otros Indicadores Regionales,Unidades (Miles o Personas)
Regionales,"Población nacional total hombres, INE (número de personas)",F049.POBLL.STO.INE.HT.A,Región de Los Lagos,A,10,Los Lagos,UNKNOWN,No Especificado,Otros Indicadores Regionales,Unidades (Miles o Personas)
Regionales,"Población nacional total hombres, INE (número de personas)",F049.POBAI.STO.INE.HT.A,Región de Aysén del General Carlos Ibáñez del Campo,A,11,Aysén,UNKNOWN,No Especificado,Otros Indicadores Regionales,Unidades (Miles o Personas)
Regionales,"Población nacional total hombres, INE (número de personas)",F049.POBMA.STO.INE.HT.A,Región de Magallanes y la Antártica Chilena,A,12,Magallanes,UNKNOWN,No Especificado,Otros Indicadores Regionales,Unidades (Miles o Personas)
Regionales,"Indicadores Económicos, Región de Arica y Parinacota",F034.GEEAP.FLU.INE.Z.0.M,"Generación eléctrica, MWh",M,15,Arica y Parinacota,UNKNOWN,No Especificado,Otros Indicadores Regionales,No Especificada
Regionales,"Indicadores Económicos, Región de Arica y Parinacota",F034.DEEAP.FLU.INE.Z.0.M,"Distribución eléctrica, MWh",M,15,Arica y Parinacota,UNKNOWN,No Especificado,Otros Indicadores Regionales,No Especificada
Regionales,"Indicadores Económicos, Región de Arica y Parinacota",F034.SAHAP.FLU.INE.Z.0.M,"Superficie autorizada habitacional, m2",M,15,Arica y Parinacota,UNKNOWN,No Especificado,Desarrollo Territorial y Uso de Suelo,Metros Cuadrados (m2)
Regionales,"Indicadores Económicos, Región de Arica y Parinacota",F034.NVAAP.FLU.INE.Z.0.M,"Número de viviendas autorizadas, unidades",M,15,Arica y Parinacota,06,Construcción,Desarrollo Territorial y Uso de Suelo,Unidades (Miles o Personas)
Regionales,"Indicadores Económicos, Región de Arica y Parinacota",F034.SANHAP.FLU.INE.Z.0.M,"Superficie autorizada no habitacional, m2",M,15,Arica y Parinacota,UNKNOWN,No Especificado,Desarrollo Territorial y Uso de Suelo,Metros Cuadrados (m2)
Regionales,"Indicadores Económicos, Región de Arica y Parinacota",F034.ISUPPCAP.IND.INE.2014.0.M,"Índice de ventas de supermercados (ISUP) a precios constantes, índice",M,15,Arica y Parinacota,07,"Comercio, restaurantes y hoteles",Transacciones y Ventas Locales,No Especificada
Regionales,"Indicadores Económicos, Región de Arica y Parinacota",F034.ISUPVPCAP.FLU.INE.Z.0.M,"ISUP, ventas a precios corrientes, millones de pesos",M,15,Arica y Parinacota,07,"Comercio, restaurantes y hoteles",Finanzas y Sistema Financiero Regional,Pesos Chilenos (CLP)
Regionales,"Indicadores Económicos, Región de Arica y Parinacota",F034.ISUPNEAP.STO.INE.Z.0.M,"ISUP, número de establecimientos, unidades",M,15,Arica y Parinacota,07,"Comercio, restaurantes y hoteles",Desarrollo Territorial y Uso de Suelo,Unidades (Miles o Personas)
Regionales,"Indicadores Económicos, Región de Arica y Parinacota",F034.ISUPSEAP.STO.INE.Z.0.M,"ISUP, superficie establecimientos, m2",M,15,Arica y Parinacota,07,"Comercio, restaurantes y hoteles",Desarrollo Territorial y Uso de Suelo,Metros Cuadrados (m2)
Regionales,"Indicadores Económicos, Región de Arica y Parinacota",F034.ETPAP.FLU.INE.HIST17.0.M,"Encuesta mensual de alojamiento turístico (EMAT), pernoctaciones, unidades",M,15,Arica y Parinacota,08,"Transporte, información y comunicaciones",Indicadores Sectoriales Corto Plazo,Unidades (Miles o Personas)
Regionales,"Indicadores Económicos, Región de Arica y Parinacota",F034.ETLAP.FLU.INE.HIST17.0.M,"EMAT, llegadas, unidades",M,15,Arica y Parinacota,05,"Electricidad, gas, agua y gestión de desechos",Indicadores Sectoriales Corto Plazo,Unidades (Miles o Personas)
Regionales,"Indicadores Económicos, Región de Arica y Parinacota",F034.ETEMAP.STO.INE.HIST17.0.M,"EMAT, estancia media, noches",M,15,Arica y Parinacota,08,"Transporte, información y comunicaciones",Indicadores Sectoriales Corto Plazo,No Especificada
Regionales,"Indicadores Económicos, Región de Arica y Parinacota",F034.ETTOHAP.TAS.INE.HIST17.0.M,"EMAT, tasa de ocupación en habitaciones, porcentaje",M,15,Arica y Parinacota,08,"Transporte, información y comunicaciones",Indicadores Sectoriales Corto Plazo,Porcentaje (%)
Regionales,"Indicadores Económicos, Región de Arica y Parinacota",F034.ETOPAP.TAS.INE.HIST17.0.M,"EMAT, tasa de ocupación en plazas, porcentaje",M,15,Arica y Parinacota,08,"Transporte, información y comunicaciones",Indicadores Sectoriales Corto Plazo,Porcentaje (%)
Regionales,"Indicadores Económicos, Región de Arica y Parinacota",F034.ETADRAP.STO.INE.HIST17.0.M,"EMAT, ADR, pesos (Precio promedio por habitación ocupada)",M,15,Arica y Parinacota,08,"Transporte, información y comunicaciones",Indicadores Sectoriales Corto Plazo,Pesos Chilenos (CLP)
Regionales,"Indicadores Económicos, Región de Arica y Parinacota",F034.ETRPAP.STO.INE.HIST17.0.M,"EMAT, RevPAR, pesos (Rendimiento del ingreso por alojamiento)",M,15,Arica y Parinacota,08,"Transporte, información y comunicaciones",Indicadores Sectoriales Corto Plazo,Pesos Chilenos (CLP)
Regionales,"Indicadores Económicos, Región de Arica y Parinacota",F034.PVTAP.STO.INE.Z.0.M,"Parque vehicular taxis, unidades",M,15,Arica y Parinacota,UNKNOWN,No Especificado,Desarrollo Territorial y Uso de Suelo,Unidades (Miles o Personas)
Regionales,"Indicadores Económicos, Región de Arica y Parinacota",F034.PVBAP.STO.INE.Z.0.M,"Parque vehicular buses, unidades",M,15,Arica y Parinacota,UNKNOWN,No Especificado,Desarrollo Territorial y Uso de Suelo,Unidades (Miles o Personas)
Regionales,"Indicadores Económicos, Región de Arica y Parinacota",F034.PVMBAP.STO.INE.Z.0.M,"Parque vehicular minibuses, unidades",M,15,Arica y Parinacota,UNKNOWN,No Especificado,Desarrollo Territorial y Uso de Suelo,Unidades (Miles o Personas)
Regionales,"Indicadores Económicos, Región de Arica y Parinacota",F034.PVEAP.STO.INE.Z.0.M,"Parque vehicular escolar, unidades",M,15,Arica y Parinacota,UNKNOWN,No Especificado,Desarrollo Territorial y Uso de Suelo,Unidades (Miles o Personas)
Regionales,"Indicadores Económicos, Región de Tarapacá",F034.PMITA.IND.INE.2014.0.M,"Índice de producción minera, índice",M,01,Tarapacá,UNKNOWN,No Especificado,Otros Indicadores Regionales,No Especificada
Regionales,"Indicadores Económicos, Región de Tarapacá",F034.GEETA.FLU.INE.Z.0.M,"Generación eléctrica, MWh",M,01,Tarapacá,UNKNOWN,No Especificado,Otros Indicadores Regionales,No Especificada
Regionales,"Indicadores Económicos, Región de Tarapacá",F034.SAHTA.FLU.INE.Z.0.M,"Superficie autorizada habitacional, m2",M,01,Tarapacá,UNKNOWN,No Especificado,Desarrollo Territorial y Uso de Suelo,Metros Cuadrados (m2)
Regionales,"Indicadores Económicos, Región de Tarapacá",F034.NVATA.FLU.INE.Z.0.M,"Número de viviendas autorizadas, unidades",M,01,Tarapacá,06,Construcción,Desarrollo Territorial y Uso de Suelo,Unidades (Miles o Personas)
Regionales,"Indicadores Económicos, Región de Tarapacá",F034.SANHTA.FLU.INE.Z.0.M,"Superficie autorizada no habitacional, m2",M,01,Tarapacá,UNKNOWN,No Especificado,Desarrollo Territorial y Uso de Suelo,Metros Cuadrados (m2)
Regionales,"Indicadores Económicos, Región de Tarapacá",F034.ISUPPCTA.IND.INE.2014.0.M,"Índice de ventas de supermercados (ISUP) a precios constantes, índice",M,01,Tarapacá,07,"Comercio, restaurantes y hoteles",Transacciones y Ventas Locales,No Especificada
Regionales,"Indicadores Económicos, Región de Tarapacá",F034.ISUPVPCTA.FLU.INE.Z.0.M,"ISUP, ventas a precios corrientes, millones de pesos",M,01,Tarapacá,07,"Comercio, restaurantes y hoteles",Finanzas y Sistema Financiero Regional,Pesos Chilenos (CLP)
Regionales,"Indicadores Económicos, Región de Tarapacá",F034.ISUPNETA.STO.INE.Z.0.M,"ISUP, número de establecimientos, unidades",M,01,Tarapacá,07,"Comercio, restaurantes y hoteles",Desarrollo Territorial y Uso de Suelo,Unidades (Miles o Personas)
Regionales,"Indicadores Económicos, Región de Tarapacá",F034.ISUPSETA.STO.INE.Z.0.M,"ISUP, superficie establecimientos, m2",M,01,Tarapacá,07,"Comercio, restaurantes y hoteles",Desarrollo Territorial y Uso de Suelo,Metros Cuadrados (m2)
Regionales,"Indicadores Económicos, Región de Tarapacá",F034.ETPTA.FLU.INE.HIST17.0.M,"Encuesta mensual de alojamiento turístico (EMAT), pernoctaciones, unidades",M,01,Tarapacá,08,"Transporte, información y comunicaciones",Indicadores Sectoriales Corto Plazo,Unidades (Miles o Personas)
Regionales,"Indicadores Económicos, Región de Tarapacá",F034.ETLTA.FLU.INE.HIST17.0.M,"EMAT, llegadas, unidades",M,01,Tarapacá,05,"Electricidad, gas, agua y gestión de desechos",Indicadores Sectoriales Corto Plazo,Unidades (Miles o Personas)
Regionales,"Indicadores Económicos, Región de Tarapacá",F034.ETEMTA.STO.INE.HIST17.0.M,"EMAT, estancia media, noches",M,01,Tarapacá,08,"Transporte, información y comunicaciones",Indicadores Sectoriales Corto Plazo,No Especificada
Regionales,"Indicadores Económicos, Región de Tarapacá",F034.ETTOHTA.TAS.INE.HIST17.0.M,"EMAT, tasa de ocupación en habitaciones, porcentaje",M,01,Tarapacá,08,"Transporte, información y comunicaciones",Indicadores Sectoriales Corto Plazo,Porcentaje (%)
Regionales,"Indicadores Económicos, Región de Tarapacá",F034.ETOPTA.TAS.INE.HIST17.0.M,"EMAT, tasa de ocupación en plazas, porcentaje",M,01,Tarapacá,08,"Transporte, información y comunicaciones",Indicadores Sectoriales Corto Plazo,Porcentaje (%)
Regionales,"Indicadores Económicos, Región de Tarapacá",F034.ETADRTA.STO.INE.HIST17.0.M,"EMAT, ADR, pesos (Precio promedio por habitación ocupada)",M,01,Tarapacá,08,"Transporte, información y comunicaciones",Indicadores Sectoriales Corto Plazo,Pesos Chilenos (CLP)
Regionales,"Indicadores Económicos, Región de Tarapacá",F034.ETRPTA.STO.INE.HIST17.0.M,"EMAT, RevPAR, pesos (Rendimiento del ingreso por alojamiento)",M,01,Tarapacá,08,"Transporte, información y comunicaciones",Indicadores Sectoriales Corto Plazo,Pesos Chilenos (CLP)
Regionales,"Indicadores Económicos, Región de Tarapacá",F034.MCPEETA.FLU.INE.Z.0.M,"Movimiento de carga portuaria: embarcada al exterior, toneladas",M,01,Tarapacá,09,Servicios financieros y empresariales,Indicadores Sectoriales Corto Plazo,Toneladas
Regionales,"Indicadores Económicos, Región de Tarapacá",F034.MCPDETA.FLU.INE.Z.0.M,"Movimiento de carga portuaria: desembarcada del exterior, toneladas",M,01,Tarapacá,09,Servicios financieros y empresariales,Indicadores Sectoriales Corto Plazo,Toneladas
Regionales,"Indicadores Económicos, Región de Tarapacá",F034.MCPTTA.FLU.INE.Z.0.M,"Movimiento de carga portuaria: tránsito, toneladas",M,01,Tarapacá,09,Servicios financieros y empresariales,Indicadores Sectoriales Corto Plazo,Toneladas
Regionales,"Indicadores Económicos, Región de Tarapacá",F034.MCPCTA.FLU.INE.Z.0.M,"Movimiento de carga portuaria: cabotaje, toneladas",M,01,Tarapacá,09,Servicios financieros y empresariales,Indicadores Sectoriales Corto Plazo,Toneladas
Regionales,"Indicadores Económicos, Región de Tarapacá",F034.MCPRTTA.FLU.INE.Z.0.M,"Movimiento de carga portuaria: re-estibas y transbordos, toneladas",M,01,Tarapacá,09,Servicios financieros y empresariales,Indicadores Sectoriales Corto Plazo,Toneladas
Regionales,"Indicadores Económicos, Región de Tarapacá",F034.CECEGTA.FLU.INE.Z.0.M,"Carga efectiva de comercio exterior: granel, toneladas",M,01,Tarapacá,07,"Comercio, restaurantes y hoteles",Otros Indicadores Regionales,Toneladas
Regionales,"Indicadores Económicos, Región de Tarapacá",F034.CECEOTA.FLU.INE.Z.0.M,"Carga efectiva de comercio exterior: otro, toneladas",M,01,Tarapacá,07,"Comercio, restaurantes y hoteles",Otros Indicadores Regionales,Toneladas
Regionales,"Indicadores Económicos, Región de Tarapacá",F034.PVTTA.STO.INE.Z.0.M,"Parque vehicular taxis, unidades",M,01,Tarapacá,UNKNOWN,No Especificado,Desarrollo Territorial y Uso de Suelo,Unidades (Miles o Personas)
Regionales,"Indicadores Económicos, Región de Tarapacá",F034.PVBTA.STO.INE.Z.0.M,"Parque vehicular buses, unidades",M,01,Tarapacá,UNKNOWN,No Especificado,Desarrollo Territorial y Uso de Suelo,Unidades (Miles o Personas)
Regionales,"Indicadores Económicos, Región de Tarapacá",F034.PVMBTA.STO.INE.Z.0.M,"Parque vehicular minibuses, unidades",M,01,Tarapacá,UNKNOWN,No Especificado,Desarrollo Territorial y Uso de Suelo,Unidades (Miles o Personas)
Regionales,"Indicadores Económicos, Región de Tarapacá",F034.PVETA.STO.INE.Z.0.M,"Parque vehicular escolar, unidades",M,01,Tarapacá,UNKNOWN,No Especificado,Desarrollo Territorial y Uso de Suelo,Unidades (Miles o Personas)
Regionales,"Indicadores Económicos, Región de Antofagasta",F034.PMIAN.IND.INE.2014.0.M,"Índice de producción minera, índice",M,02,Antofagasta,05,"Electricidad, gas, agua y gestión de desechos",Otros Indicadores Regionales,No Especificada
Regionales,"Indicadores Económicos, Región de Antofagasta",F034.MMAN.IND.INE.2014.0.M,"Minería metálica, índice",M,02,Antofagasta,05,"Electricidad, gas, agua y gestión de desechos",Otros Indicadores Regionales,No Especificada
Regionales,"Indicadores Económicos, Región de Antofagasta",F034.MNMAN.IND.INE.2014.0.M,"Minería no metálica, índice",M,02,Antofagasta,05,"Electricidad, gas, agua y gestión de desechos",Otros Indicadores Regionales,No Especificada
Regionales,"Indicadores Económicos, Región de Antofagasta",F034.GEEAN.FLU.INE.Z.0.M,"Generación eléctrica, MWh",M,02,Antofagasta,05,"Electricidad, gas, agua y gestión de desechos",Otros Indicadores Regionales,No Especificada
Regionales,"Indicadores Económicos, Región de Antofagasta",F034.DEEAN.FLU.INE.Z.0.M,"Distribución eléctrica, MWh",M,02,Antofagasta,05,"Electricidad, gas, agua y gestión de desechos",Otros Indicadores Regionales,No Especificada
Regionales,"Indicadores Económicos, Región de Antofagasta",F034.SAHAN.FLU.INE.Z.0.M,"Superficie autorizada habitacional, m2",M,02,Antofagasta,05,"Electricidad, gas, agua y gestión de desechos",Desarrollo Territorial y Uso de Suelo,Metros Cuadrados (m2)
Regionales,"Indicadores Económicos, Región de Antofagasta",F034.NVAAN.FLU.INE.Z.0.M,"Número de viviendas autorizadas, unidades",M,02,Antofagasta,05,"Electricidad, gas, agua y gestión de desechos",Desarrollo Territorial y Uso de Suelo,Unidades (Miles o Personas)
Regionales,"Indicadores Económicos, Región de Antofagasta",F034.SANHAN.FLU.INE.Z.0.M,"Superficie autorizada no habitacional, m2",M,02,Antofagasta,05,"Electricidad, gas, agua y gestión de desechos",Desarrollo Territorial y Uso de Suelo,Metros Cuadrados (m2)
Regionales,"Indicadores Económicos, Región de Antofagasta",F034.ISUPPCAN.IND.INE.2014.0.M,"Índice de ventas de supermercados (ISUP) a precios constantes, índice",M,02,Antofagasta,05,"Electricidad, gas, agua y gestión de desechos",Transacciones y Ventas Locales,No Especificada
Regionales,"Indicadores Económicos, Región de Antofagasta",F034.ISUPVPCAN.FLU.INE.Z.0.M,"ISUP, ventas a precios corrientes, millones de pesos",M,02,Antofagasta,05,"Electricidad, gas, agua y gestión de desechos",Finanzas y Sistema Financiero Regional,Pesos Chilenos (CLP)
Regionales,"Indicadores Económicos, Región de Antofagasta",F034.ISUPNEAN.STO.INE.Z.0.M,"ISUP, número de establecimientos, unidades",M,02,Antofagasta,05,"Electricidad, gas, agua y gestión de desechos",Desarrollo Territorial y Uso de Suelo,Unidades (Miles o Personas)
Regionales,"Indicadores Económicos, Región de Antofagasta",F034.ISUPSEAN.STO.INE.Z.0.M,"ISUP, superficie establecimientos, m2",M,02,Antofagasta,05,"Electricidad, gas, agua y gestión de desechos",Desarrollo Territorial y Uso de Suelo,Metros Cuadrados (m2)
Regionales,"Indicadores Económicos, Región de Antofagasta",F034.ETLAN.FLU.INE.HIST17.0.M,"Encuesta mensual de alojamiento turístico (EMAT), pernoctaciones, unidades",M,02,Antofagasta,05,"Electricidad, gas, agua y gestión de desechos",Indicadores Sectoriales Corto Plazo,Unidades (Miles o Personas)
Regionales,"Indicadores Económicos, Región de Antofagasta",F034.ETPAN.FLU.INE.HIST17.0.M,"EMAT, pernoctaciones, unidades",M,02,Antofagasta,05,"Electricidad, gas, agua y gestión de desechos",Indicadores Sectoriales Corto Plazo,Unidades (Miles o Personas)
Regionales,"Indicadores Económicos, Región de Antofagasta",F034.ETEMAN.STO.INE.HIST17.0.M,"EMAT, estancia media, noches",M,02,Antofagasta,05,"Electricidad, gas, agua y gestión de desechos",Indicadores Sectoriales Corto Plazo,No Especificada
Regionales,"Indicadores Económicos, Región de Antofagasta",F034.ETTOHAN.TAS.INE.HIST17.0.M,"EMAT, tasa de ocupación en habitaciones, porcentaje",M,02,Antofagasta,05,"Electricidad, gas, agua y gestión de desechos",Indicadores Sectoriales Corto Plazo,Porcentaje (%)
Regionales,"Indicadores Económicos, Región de Antofagasta",F034.ETOPAN.TAS.INE.HIST17.0.M,"EMAT, tasa de ocupación en plazas, porcentaje",M,02,Antofagasta,05,"Electricidad, gas, agua y gestión de desechos",Indicadores Sectoriales Corto Plazo,Porcentaje (%)
Regionales,"Indicadores Económicos, Región de Antofagasta",F034.ETADRAN.STO.INE.HIST17.0.M,"EMAT, ADR, pesos (Precio promedio por habitación ocupada)",M,02,Antofagasta,05,"Electricidad, gas, agua y gestión de desechos",Indicadores Sectoriales Corto Plazo,Pesos Chilenos (CLP)
Regionales,"Indicadores Económicos, Región de Antofagasta",F034.ETRPAN.STO.INE.HIST17.0.M,"EMAT, RevPAR, pesos (Rendimiento del ingreso por alojamiento)",M,02,Antofagasta,05,"Electricidad, gas, agua y gestión de desechos",Indicadores Sectoriales Corto Plazo,Pesos Chilenos (CLP)
Regionales,"Indicadores Económicos, Región de Antofagasta",F034.PVTAN.STO.INE.Z.0.M,"Parque vehicular taxis, unidades",M,02,Antofagasta,05,"Electricidad, gas, agua y gestión de desechos",Desarrollo Territorial y Uso de Suelo,Unidades (Miles o Personas)
Regionales,"Indicadores Económicos, Región de Antofagasta",F034.PVBAN.STO.INE.Z.0.M,"Parque vehicular buses, unidades",M,02,Antofagasta,05,"Electricidad, gas, agua y gestión de desechos",Desarrollo Territorial y Uso de Suelo,Unidades (Miles o Personas)
Regionales,"Indicadores Económicos, Región de Antofagasta",F034.PVMBAN.STO.INE.Z.0.M,"Parque vehicular minibuses, unidades",M,02,Antofagasta,05,"Electricidad, gas, agua y gestión de desechos",Desarrollo Territorial y Uso de Suelo,Unidades (Miles o Personas)
Regionales,"Indicadores Económicos, Región de Antofagasta",F034.PVEAN.STO.INE.Z.0.M,"Parque vehicular escolar, unidades",M,02,Antofagasta,05,"Electricidad, gas, agua y gestión de desechos",Desarrollo Territorial y Uso de Suelo,Unidades (Miles o Personas)
Regionales,"Indicadores Económicos, Región de Atacama",F034.PUMAT.STO.INE.Z.0.M,"Producción de uva de mesa, toneladas",M,03,Atacama,UNKNOWN,No Especificado,Otros Indicadores Regionales,Toneladas
Regionales,"Indicadores Económicos, Región de Atacama",F034.PMIAT.IND.INE.2014.0.M,"Índice de producción minera, índice",M,03,Atacama,UNKNOWN,No Especificado,Otros Indicadores Regionales,No Especificada
Regionales,"Indicadores Económicos, Región de Atacama",F034.GEEAT.FLU.INE.Z.0.M,"Generación eléctrica, MWh",M,03,Atacama,UNKNOWN,No Especificado,Otros Indicadores Regionales,No Especificada
Regionales,"Indicadores Económicos, Región de Atacama",F034.DEEAT.FLU.INE.Z.0.M,"Distribución eléctrica, MWh",M,03,Atacama,UNKNOWN,No Especificado,Otros Indicadores Regionales,No Especificada
Regionales,"Indicadores Económicos, Región de Atacama",F034.SAHAT.FLU.INE.Z.0.M,"Superficie autorizada habitacional, m2",M,03,Atacama,UNKNOWN,No Especificado,Desarrollo Territorial y Uso de Suelo,Metros Cuadrados (m2)
Regionales,"Indicadores Económicos, Región de Atacama",F034.NVAAT.FLU.INE.Z.0.M,"Número de viviendas autorizadas, unidades",M,03,Atacama,06,Construcción,Desarrollo Territorial y Uso de Suelo,Unidades (Miles o Personas)
Regionales,"Indicadores Económicos, Región de Atacama",F034.SANHAT.FLU.INE.Z.0.M,"Superficie autorizada no habitacional, m2",M,03,Atacama,UNKNOWN,No Especificado,Desarrollo Territorial y Uso de Suelo,Metros Cuadrados (m2)
Regionales,"Indicadores Económicos, Región de Atacama",F034.ISUPPCAT.IND.INE.2014.0.M,"Índice de ventas de supermercados (ISUP) a precios constantes, índice",M,03,Atacama,07,"Comercio, restaurantes y hoteles",Transacciones y Ventas Locales,No Especificada
Regionales,"Indicadores Económicos, Región de Atacama",F034.ISUPVPCAT.FLU.INE.Z.0.M,"ISUP, ventas a precios corrientes, millones de pesos",M,03,Atacama,07,"Comercio, restaurantes y hoteles",Finanzas y Sistema Financiero Regional,Pesos Chilenos (CLP)
Regionales,"Indicadores Económicos, Región de Atacama",F034.ISUPNEAT.STO.INE.Z.0.M,"ISUP, número de establecimientos, unidades",M,03,Atacama,07,"Comercio, restaurantes y hoteles",Desarrollo Territorial y Uso de Suelo,Unidades (Miles o Personas)
Regionales,"Indicadores Económicos, Región de Atacama",F034.ISUPSEAT.STO.INE.Z.0.M,"ISUP, superficie establecimientos, m2",M,03,Atacama,07,"Comercio, restaurantes y hoteles",Desarrollo Territorial y Uso de Suelo,Metros Cuadrados (m2)
Regionales,"Indicadores Económicos, Región de Atacama",F034.ETPAT.FLU.INE.HIST17.0.M,"Encuesta mensual de alojamiento turístico (EMAT), pernoctaciones, unidades",M,03,Atacama,08,"Transporte, información y comunicaciones",Indicadores Sectoriales Corto Plazo,Unidades (Miles o Personas)
Regionales,"Indicadores Económicos, Región de Atacama",F034.ETLAT.FLU.INE.HIST17.0.M,"EMAT, llegadas, unidades",M,03,Atacama,05,"Electricidad, gas, agua y gestión de desechos",Indicadores Sectoriales Corto Plazo,Unidades (Miles o Personas)
Regionales,"Indicadores Económicos, Región de Atacama",F034.ETEMAT.STO.INE.HIST17.0.M,"EMAT, estancia media, noches",M,03,Atacama,08,"Transporte, información y comunicaciones",Indicadores Sectoriales Corto Plazo,No Especificada
Regionales,"Indicadores Económicos, Región de Atacama",F034.ETTOHAT.TAS.INE.HIST17.0.M,"EMAT, tasa de ocupación en habitaciones, porcentaje",M,03,Atacama,08,"Transporte, información y comunicaciones",Indicadores Sectoriales Corto Plazo,Porcentaje (%)
Regionales,"Indicadores Económicos, Región de Atacama",F034.ETOPAT.TAS.INE.HIST17.0.M,"EMAT, tasa de ocupación en plazas, porcentaje",M,03,Atacama,08,"Transporte, información y comunicaciones",Indicadores Sectoriales Corto Plazo,Porcentaje (%)
Regionales,"Indicadores Económicos, Región de Atacama",F034.ETADRAT.STO.INE.HIST17.0.M,"EMAT, ADR, pesos (Precio promedio por habitación ocupada)",M,03,Atacama,08,"Transporte, información y comunicaciones",Indicadores Sectoriales Corto Plazo,Pesos Chilenos (CLP)
Regionales,"Indicadores Económicos, Región de Atacama",F034.ETRPAT.STO.INE.HIST17.0.M,"EMAT, RevPAR, pesos (Rendimiento del ingreso por alojamiento)",M,03,Atacama,08,"Transporte, información y comunicaciones",Indicadores Sectoriales Corto Plazo,Pesos Chilenos (CLP)
Regionales,"Indicadores Económicos, Región de Atacama",F034.PVTAT.STO.INE.Z.0.M,"Parque vehicular taxis, unidades",M,03,Atacama,UNKNOWN,No Especificado,Desarrollo Territorial y Uso de Suelo,Unidades (Miles o Personas)
Regionales,"Indicadores Económicos, Región de Atacama",F034.PVBAT.STO.INE.Z.0.M,"Parque vehicular buses, unidades",M,03,Atacama,UNKNOWN,No Especificado,Desarrollo Territorial y Uso de Suelo,Unidades (Miles o Personas)
Regionales,"Indicadores Económicos, Región de Atacama",F034.PVMBAT.STO.INE.Z.0.M,"Parque vehicular minibuses, unidades",M,03,Atacama,UNKNOWN,No Especificado,Desarrollo Territorial y Uso de Suelo,Unidades (Miles o Personas)
Regionales,"Indicadores Económicos, Región de Atacama",F034.PVEAT.STO.INE.Z.0.M,"Parque vehicular escolar, unidades",M,03,Atacama,UNKNOWN,No Especificado,Desarrollo Territorial y Uso de Suelo,Unidades (Miles o Personas)
Regionales,"Indicadores Económicos, Región de Coquimbo",F034.PUVCO.STO.INE.Z.0.M,"Producción de uva vinífera, toneladas",M,04,Coquimbo,UNKNOWN,No Especificado,Otros Indicadores Regionales,Toneladas
Regionales,"Indicadores Económicos, Región de Coquimbo",F034.PUPCO.STO.INE.Z.0.M,"Producción de uva pisquera, toneladas",M,04,Coquimbo,UNKNOWN,No Especificado,Otros Indicadores Regionales,Toneladas
Regionales,"Indicadores Económicos, Región de Coquimbo",F034.PMICO.IND.INE.2014.0.M,"Índice de producción minera, índice",M,04,Coquimbo,UNKNOWN,No Especificado,Otros Indicadores Regionales,No Especificada
Regionales,"Indicadores Económicos, Región de Coquimbo",F034.GEECO.FLU.INE.Z.0.M,"Generación eléctrica, MWh",M,04,Coquimbo,UNKNOWN,No Especificado,Otros Indicadores Regionales,No Especificada
Regionales,"Indicadores Económicos, Región de Coquimbo",F034.DEECO.FLU.INE.Z.0.M,"Distribución eléctrica, MWh",M,04,Coquimbo,UNKNOWN,No Especificado,Otros Indicadores Regionales,No Especificada
Regionales,"Indicadores Económicos, Región de Coquimbo",F034.SAHCO.FLU.INE.Z.0.M,"Superficie autorizada habitacional, m2",M,04,Coquimbo,UNKNOWN,No Especificado,Desarrollo Territorial y Uso de Suelo,Metros Cuadrados (m2)
Regionales,"Indicadores Económicos, Región de Coquimbo",F034.NVACO.FLU.INE.Z.0.M,"Número de viviendas autorizadas, unidades",M,04,Coquimbo,06,Construcción,Desarrollo Territorial y Uso de Suelo,Unidades (Miles o Personas)
Regionales,"Indicadores Económicos, Región de Coquimbo",F034.SANHCO.FLU.INE.Z.0.M,"Superficie autorizada no habitacional, m2",M,04,Coquimbo,UNKNOWN,No Especificado,Desarrollo Territorial y Uso de Suelo,Metros Cuadrados (m2)
Regionales,"Indicadores Económicos, Región de Coquimbo",F034.ISUPPCCO.IND.INE.2014.0.M,"Índice de ventas de supermercados (ISUP) a precios constantes, índice",M,04,Coquimbo,07,"Comercio, restaurantes y hoteles",Transacciones y Ventas Locales,No Especificada
Regionales,"Indicadores Económicos, Región de Coquimbo",F034.ISUPVPCCO.FLU.INE.Z.0.M,"ISUP, ventas a precios corrientes, millones de pesos",M,04,Coquimbo,07,"Comercio, restaurantes y hoteles",Finanzas y Sistema Financiero Regional,Pesos Chilenos (CLP)
Regionales,"Indicadores Económicos, Región de Coquimbo",F034.ISUPNECO.STO.INE.Z.0.M,"ISUP, número de establecimientos, unidades",M,04,Coquimbo,07,"Comercio, restaurantes y hoteles",Desarrollo Territorial y Uso de Suelo,Unidades (Miles o Personas)
Regionales,"Indicadores Económicos, Región de Coquimbo",F034.ISUPSECO.STO.INE.Z.0.M,"ISUP, superficie establecimientos, m2",M,04,Coquimbo,07,"Comercio, restaurantes y hoteles",Desarrollo Territorial y Uso de Suelo,Metros Cuadrados (m2)
Regionales,"Indicadores Económicos, Región de Coquimbo",F034.ETPCO.FLU.INE.HIST17.0.M,"Encuesta mensual de alojamiento turístico (EMAT), pernoctaciones, unidades",M,04,Coquimbo,08,"Transporte, información y comunicaciones",Indicadores Sectoriales Corto Plazo,Unidades (Miles o Personas)
Regionales,"Indicadores Económicos, Región de Coquimbo",F034.ETLCO.FLU.INE.HIST17.0.M,"EMAT, llegadas, unidades",M,04,Coquimbo,05,"Electricidad, gas, agua y gestión de desechos",Indicadores Sectoriales Corto Plazo,Unidades (Miles o Personas)
Regionales,"Indicadores Económicos, Región de Coquimbo",F034.ETEMCO.STO.INE.HIST17.0.M,"EMAT, estancia media, noches",M,04,Coquimbo,08,"Transporte, información y comunicaciones",Indicadores Sectoriales Corto Plazo,No Especificada
Regionales,"Indicadores Económicos, Región de Coquimbo",F034.ETTOHCO.TAS.INE.HIST17.0.M,"EMAT, tasa de ocupación en habitaciones, porcentaje",M,04,Coquimbo,08,"Transporte, información y comunicaciones",Indicadores Sectoriales Corto Plazo,Porcentaje (%)
Regionales,"Indicadores Económicos, Región de Coquimbo",F034.ETOPCO.TAS.INE.HIST17.0.M,"EMAT, tasa de ocupación en plazas, porcentaje",M,04,Coquimbo,08,"Transporte, información y comunicaciones",Indicadores Sectoriales Corto Plazo,Porcentaje (%)
Regionales,"Indicadores Económicos, Región de Coquimbo",F034.ETADRCO.STO.INE.HIST17.0.M,"EMAT, ADR, pesos (Precio promedio por habitación ocupada)",M,04,Coquimbo,08,"Transporte, información y comunicaciones",Indicadores Sectoriales Corto Plazo,Pesos Chilenos (CLP)
Regionales,"Indicadores Económicos, Región de Coquimbo",F034.ETRPCO.STO.INE.HIST17.0.M,"EMAT, RevPAR, pesos (Rendimiento del ingreso por alojamiento)",M,04,Coquimbo,08,"Transporte, información y comunicaciones",Indicadores Sectoriales Corto Plazo,Pesos Chilenos (CLP)
Regionales,"Indicadores Económicos, Región de Coquimbo",F034.PVTCO.STO.INE.Z.0.M,"Parque vehicular taxis, unidades",M,04,Coquimbo,UNKNOWN,No Especificado,Desarrollo Territorial y Uso de Suelo,Unidades (Miles o Personas)
Regionales,"Indicadores Económicos, Región de Coquimbo",F034.PVBCO.STO.INE.Z.0.M,"Parque vehicular buses, unidades",M,04,Coquimbo,UNKNOWN,No Especificado,Desarrollo Territorial y Uso de Suelo,Unidades (Miles o Personas)
Regionales,"Indicadores Económicos, Región de Coquimbo",F034.PVMBCO.STO.INE.Z.0.M,"Parque vehicular minibuses, unidades",M,04,Coquimbo,UNKNOWN,No Especificado,Desarrollo Territorial y Uso de Suelo,Unidades (Miles o Personas)
Regionales,"Indicadores Económicos, Región de Coquimbo",F034.PVECO.STO.INE.Z.0.M,"Parque vehicular escolar, unidades",M,04,Coquimbo,UNKNOWN,No Especificado,Desarrollo Territorial y Uso de Suelo,Unidades (Miles o Personas)
Regionales,"Indicadores Económicos, Región de Valparaíso",F034.INDPMVA.IND.INE.2014.0.M,"Índice de producción manufacturera, índice",M,05,Valparaíso,04,Industria,Otros Indicadores Regionales,No Especificada
Regionales,"Indicadores Económicos, Región de Valparaíso",F034.GEEVA.FLU.INE.Z.0.M,"Generación eléctrica, MWh",M,05,Valparaíso,UNKNOWN,No Especificado,Otros Indicadores Regionales,No Especificada
Regionales,"Indicadores Económicos, Región de Valparaíso",F034.DEEVA.FLU.INE.Z.0.M,"Distribución eléctrica, MWh",M,05,Valparaíso,UNKNOWN,No Especificado,Otros Indicadores Regionales,No Especificada
Regionales,"Indicadores Económicos, Región de Valparaíso",F034.SAHVA.FLU.INE.Z.0.M,"Superficie autorizada habitacional, m2",M,05,Valparaíso,UNKNOWN,No Especificado,Desarrollo Territorial y Uso de Suelo,Metros Cuadrados (m2)
Regionales,"Indicadores Económicos, Región de Valparaíso",F034.NVAVA.FLU.INE.Z.0.M,"Número de viviendas autorizadas, unidades",M,05,Valparaíso,06,Construcción,Desarrollo Territorial y Uso de Suelo,Unidades (Miles o Personas)
Regionales,"Indicadores Económicos, Región de Valparaíso",F034.SANHVA.FLU.INE.Z.0.M,"Superficie autorizada no Habitacional, m2",M,05,Valparaíso,UNKNOWN,No Especificado,Desarrollo Territorial y Uso de Suelo,Metros Cuadrados (m2)
Regionales,"Indicadores Económicos, Región de Valparaíso",F034.ISUPPCVA.IND.INE.2014.0.M,"Índice de ventas de supermercados (ISUP) a precios constantes, índice",M,05,Valparaíso,07,"Comercio, restaurantes y hoteles",Transacciones y Ventas Locales,No Especificada
Regionales,"Indicadores Económicos, Región de Valparaíso",F034.ISUPVPCVA.FLU.INE.Z.0.M,"ISUP, ventas a precios corrientes, millones de pesos",M,05,Valparaíso,07,"Comercio, restaurantes y hoteles",Finanzas y Sistema Financiero Regional,Pesos Chilenos (CLP)
Regionales,"Indicadores Económicos, Región de Valparaíso",F034.ISUPNEVA.STO.INE.Z.0.M,"ISUP, número de establecimientos, unidades",M,05,Valparaíso,07,"Comercio, restaurantes y hoteles",Desarrollo Territorial y Uso de Suelo,Unidades (Miles o Personas)
Regionales,"Indicadores Económicos, Región de Valparaíso",F034.ISUPSEVA.STO.INE.Z.0.M,"ISUP, superficie establecimientos, m2",M,05,Valparaíso,07,"Comercio, restaurantes y hoteles",Desarrollo Territorial y Uso de Suelo,Metros Cuadrados (m2)
Regionales,"Indicadores Económicos, Región de Valparaíso",F034.ETPVA.FLU.INE.HIST17.0.M,"Encuesta mensual de alojamiento turístico (EMAT), pernoctaciones, unidades",M,05,Valparaíso,08,"Transporte, información y comunicaciones",Indicadores Sectoriales Corto Plazo,Unidades (Miles o Personas)
Regionales,"Indicadores Económicos, Región de Valparaíso",F034.ETLVA.FLU.INE.HIST17.0.M,"EMAT, llegadas, unidades",M,05,Valparaíso,05,"Electricidad, gas, agua y gestión de desechos",Indicadores Sectoriales Corto Plazo,Unidades (Miles o Personas)
Regionales,"Indicadores Económicos, Región de Valparaíso",F034.ETEMVA.STO.INE.HIST17.0.M,"EMAT, estancia media, noches",M,05,Valparaíso,08,"Transporte, información y comunicaciones",Indicadores Sectoriales Corto Plazo,No Especificada
Regionales,"Indicadores Económicos, Región de Valparaíso",F034.ETTOHVA.TAS.INE.HIST17.0.M,"EMAT, tasa de ocupación en habitaciones, porcentaje",M,05,Valparaíso,08,"Transporte, información y comunicaciones",Indicadores Sectoriales Corto Plazo,Porcentaje (%)
Regionales,"Indicadores Económicos, Región de Valparaíso",F034.ETOPVA.TAS.INE.HIST17.0.M,"EMAT, tasa de ocupación en plazas, porcentaje",M,05,Valparaíso,08,"Transporte, información y comunicaciones",Indicadores Sectoriales Corto Plazo,Porcentaje (%)
Regionales,"Indicadores Económicos, Región de Valparaíso",F034.ETADRVA.STO.INE.HIST17.0.M,"EMAT, ADR, pesos (Precio promedio por habitación ocupada)",M,05,Valparaíso,08,"Transporte, información y comunicaciones",Indicadores Sectoriales Corto Plazo,Pesos Chilenos (CLP)
Regionales,"Indicadores Económicos, Región de Valparaíso",F034.ETRPVA.STO.INE.HIST17.0.M,"EMAT, RevPAR, Pesos (Rendimiento del ingreso por alojamiento)",M,05,Valparaíso,08,"Transporte, información y comunicaciones",Indicadores Sectoriales Corto Plazo,Pesos Chilenos (CLP)
Regionales,"Indicadores Económicos, Región de Valparaíso",F034.MCPEEVA.FLU.INE.Z.0.M,"Movimiento de carga portuaria: embarcada al exterior, toneladas",M,05,Valparaíso,09,Servicios financieros y empresariales,Indicadores Sectoriales Corto Plazo,Toneladas
Regionales,"Indicadores Económicos, Región de Valparaíso",F034.MCPDEVA.FLU.INE.Z.0.M,"Movimiento de carga portuaria: desembarcada del exterior, toneladas",M,05,Valparaíso,09,Servicios financieros y empresariales,Indicadores Sectoriales Corto Plazo,Toneladas
Regionales,"Indicadores Económicos, Región de Valparaíso",F034.MCPCVA.FLU.INE.Z.0.M,"Movimiento de carga portuaria: cabotaje, toneladas",M,05,Valparaíso,09,Servicios financieros y empresariales,Indicadores Sectoriales Corto Plazo,Toneladas
Regionales,"Indicadores Económicos, Región de Valparaíso",F034.MCPRTVA.FLU.INE.Z.0.M,"Movimiento de carga portuaria: re-estibas y transbordos, toneladas",M,05,Valparaíso,09,Servicios financieros y empresariales,Indicadores Sectoriales Corto Plazo,Toneladas
Regionales,"Indicadores Económicos, Región de Valparaíso",F034.CECESGVA.STO.INE.Z.0.M,"Carga efectiva de comercio exterior: suelta o general, toneladas",M,05,Valparaíso,07,"Comercio, restaurantes y hoteles",Otros Indicadores Regionales,Toneladas
Regionales,"Indicadores Económicos, Región de Valparaíso",F034.CECECVA.STO.INE.Z.0.M,"Carga efectiva de comercio exterior: contenedores, toneladas",M,05,Valparaíso,07,"Comercio, restaurantes y hoteles",Otros Indicadores Regionales,Toneladas
Regionales,"Indicadores Económicos, Región de Valparaíso",F034.CECESVA.STO.INE.Z.0.M,"Carga efectiva de comercio exterior: granel sólido, toneladas",M,05,Valparaíso,07,"Comercio, restaurantes y hoteles",Otros Indicadores Regionales,Toneladas
Regionales,"Indicadores Económicos, Región de Valparaíso",F034.CECELGVA.STO.INE.Z.0.M,"Carga efectiva de comercio exterior: granel líquido-gaseoso, toneladas",M,05,Valparaíso,05,"Electricidad, gas, agua y gestión de desechos",Otros Indicadores Regionales,Toneladas
Regionales,"Indicadores Económicos, Región de Valparaíso",F034.CMP20VA.STO.INE.Z.0.M,"Número de contenedores manipulados en puerto: 20 pies, TEUS",M,05,Valparaíso,09,Servicios financieros y empresariales,Otros Indicadores Regionales,No Especificada
Regionales,"Indicadores Económicos, Región de Valparaíso",F034.CMP40VA.STO.INE.Z.0.M,"Número de contenedores manipulados en puerto: 40 pies, TEUS",M,05,Valparaíso,09,Servicios financieros y empresariales,Otros Indicadores Regionales,No Especificada
Regionales,"Indicadores Económicos, Región de Valparaíso",F034.PVPPAIVA.STO.INE.Z.0.M,"Pasada de vehículos por plazas de peajes y pórticos de autopistas interurbanas, unidades",M,05,Valparaíso,UNKNOWN,No Especificado,Otros Indicadores Regionales,Unidades (Miles o Personas)
Regionales,"Indicadores Económicos, Región de Valparaíso",F034.PVTVA.STO.INE.Z.0.M,"Parque vehicular taxis, unidades",M,05,Valparaíso,UNKNOWN,No Especificado,Desarrollo Territorial y Uso de Suelo,Unidades (Miles o Personas)
Regionales,"Indicadores Económicos, Región de Valparaíso",F034.PVBVA.STO.INE.Z.0.M,"Parque vehicular buses, unidades",M,05,Valparaíso,UNKNOWN,No Especificado,Desarrollo Territorial y Uso de Suelo,Unidades (Miles o Personas)
Regionales,"Indicadores Económicos, Región de Valparaíso",F034.PVEVA.STO.INE.Z.0.M,"Parque vehicular escolar, unidades",M,05,Valparaíso,UNKNOWN,No Especificado,Desarrollo Territorial y Uso de Suelo,Unidades (Miles o Personas)
Regionales,"Indicadores Económicos, Región Metropolitana de Santiago",F034.SAHRM.FLU.INE.Z.0.M,"Superficie autorizada habitacional, m2",M,13,Metropolitana de Santiago,UNKNOWN,No Especificado,Desarrollo Territorial y Uso de Suelo,Metros Cuadrados (m2)
Regionales,"Indicadores Económicos, Región Metropolitana de Santiago",F034.NVARM.FLU.INE.Z.0.M,"Número de viviendas autorizadas, unidades",M,13,Metropolitana de Santiago,06,Construcción,Desarrollo Territorial y Uso de Suelo,Unidades (Miles o Personas)
Regionales,"Indicadores Económicos, Región Metropolitana de Santiago",F034.SANHRM.FLU.INE.Z.0.M,"Superficie autorizada no habitacional, m2",M,13,Metropolitana de Santiago,UNKNOWN,No Especificado,Desarrollo Territorial y Uso de Suelo,Metros Cuadrados (m2)
Regionales,"Indicadores Económicos, Región Metropolitana de Santiago",F034.ISUPPCRM.IND.INE.2014.0.M,"Índice de ventas de supermercados (ISUP) a precios constantes, índice",M,13,Metropolitana de Santiago,07,"Comercio, restaurantes y hoteles",Transacciones y Ventas Locales,No Especificada
Regionales,"Indicadores Económicos, Región Metropolitana de Santiago",F034.ISUPVPCRM.FLU.INE.Z.0.M,"ISUP, ventas a precios corrientes, millones de pesos",M,13,Metropolitana de Santiago,07,"Comercio, restaurantes y hoteles",Finanzas y Sistema Financiero Regional,Pesos Chilenos (CLP)
Regionales,"Indicadores Económicos, Región Metropolitana de Santiago",F034.ISUPNERM.STO.INE.Z.0.M,"ISUP, número de establecimientos, unidades",M,13,Metropolitana de Santiago,07,"Comercio, restaurantes y hoteles",Desarrollo Territorial y Uso de Suelo,Unidades (Miles o Personas)
Regionales,"Indicadores Económicos, Región Metropolitana de Santiago",F034.ISUPSERM.STO.INE.Z.0.M,"ISUP, superficie establecimientos, m2",M,13,Metropolitana de Santiago,07,"Comercio, restaurantes y hoteles",Desarrollo Territorial y Uso de Suelo,Metros Cuadrados (m2)
Regionales,"Indicadores Económicos, Región Metropolitana de Santiago",F034.ETPRM.FLU.INE.HIST17.0.M,"Encuesta mensual de alojamiento turístico (EMAT), pernoctaciones, unidades",M,13,Metropolitana de Santiago,08,"Transporte, información y comunicaciones",Indicadores Sectoriales Corto Plazo,Unidades (Miles o Personas)
Regionales,"Indicadores Económicos, Región Metropolitana de Santiago",F034.ETLRM.FLU.INE.HIST17.0.M,"EMAT, llegadas, unidades",M,13,Metropolitana de Santiago,05,"Electricidad, gas, agua y gestión de desechos",Indicadores Sectoriales Corto Plazo,Unidades (Miles o Personas)
Regionales,"Indicadores Económicos, Región Metropolitana de Santiago",F034.ETEMRM.STO.INE.HIST17.0.M,"EMAT, estancia media, noches",M,13,Metropolitana de Santiago,08,"Transporte, información y comunicaciones",Indicadores Sectoriales Corto Plazo,No Especificada
Regionales,"Indicadores Económicos, Región Metropolitana de Santiago",F034.ETTOHRM.TAS.INE.HIST17.0.M,"EMAT, tasa de ocupación en habitaciones, porcentaje",M,13,Metropolitana de Santiago,08,"Transporte, información y comunicaciones",Indicadores Sectoriales Corto Plazo,Porcentaje (%)
Regionales,"Indicadores Económicos, Región Metropolitana de Santiago",F034.ETOPRM.TAS.INE.HIST17.0.M,"EMAT, tasa de ocupación en plazas, porcentaje",M,13,Metropolitana de Santiago,08,"Transporte, información y comunicaciones",Indicadores Sectoriales Corto Plazo,Porcentaje (%)
Regionales,"Indicadores Económicos, Región Metropolitana de Santiago",F034.ETADRRM.STO.INE.HIST17.0.M,"EMAT, ADR, pesos (Precio promedio por habitación ocupada)",M,13,Metropolitana de Santiago,08,"Transporte, información y comunicaciones",Indicadores Sectoriales Corto Plazo,Pesos Chilenos (CLP)
Regionales,"Indicadores Económicos, Región Metropolitana de Santiago",F034.ETRPRM.STO.INE.HIST17.0.M,"EMAT, RevPAR, Pesos (Rendimiento del ingreso por alojamiento)",M,13,Metropolitana de Santiago,08,"Transporte, información y comunicaciones",Indicadores Sectoriales Corto Plazo,Pesos Chilenos (CLP)
Regionales,"Indicadores Económicos, Región Metropolitana de Santiago",F034.PVPPAIRM.STO.INE.Z.0.M,"Pasada de vehículos por plazas de peajes y pórticos de autopistas interurbanas, unidades",M,13,Metropolitana de Santiago,UNKNOWN,No Especificado,Otros Indicadores Regionales,Unidades (Miles o Personas)
Regionales,"Indicadores Económicos, Región Metropolitana de Santiago",F034.PVPAURM.STO.INE.Z.0.M,"Pasada de vehículos por pórticos de autopistas urbanas, unidades",M,13,Metropolitana de Santiago,UNKNOWN,No Especificado,Otros Indicadores Regionales,Unidades (Miles o Personas)
Regionales,"Indicadores Económicos, Región Metropolitana de Santiago",F034.PVTRM.STO.INE.Z.0.M,"Parque vehicular taxis, unidades",M,13,Metropolitana de Santiago,UNKNOWN,No Especificado,Desarrollo Territorial y Uso de Suelo,Unidades (Miles o Personas)
Regionales,"Indicadores Económicos, Región Metropolitana de Santiago",F034.PVBRM.STO.INE.Z.0.M,"Parque vehicular buses, unidades",M,13,Metropolitana de Santiago,UNKNOWN,No Especificado,Desarrollo Territorial y Uso de Suelo,Unidades (Miles o Personas)
Regionales,"Indicadores Económicos, Región Metropolitana de Santiago",F034.PVMBRM.STO.INE.Z.0.M,"Parque vehicular minibuses, unidades",M,13,Metropolitana de Santiago,UNKNOWN,No Especificado,Desarrollo Territorial y Uso de Suelo,Unidades (Miles o Personas)
Regionales,"Indicadores Económicos, Región Metropolitana de Santiago",F034.PVERM.STO.INE.Z.0.M,"Parque vehicular escolar, unidades",M,13,Metropolitana de Santiago,UNKNOWN,No Especificado,Desarrollo Territorial y Uso de Suelo,Unidades (Miles o Personas)
Regionales,"Indicadores Económicos, Región del Libertador General Bernardo O'Higgins",F034.CTAPLI.STO.INE.Z.0.M,"Cosecha de troza aserrable y pulpable, m3",M,06,O'Higgins,UNKNOWN,No Especificado,Otros Indicadores Regionales,No Especificada
Regionales,"Indicadores Económicos, Región del Libertador General Bernardo O'Higgins",F034.INDPMLI.IND.INE.2014.0.M,"Índice de producción manufacturera, índice",M,06,O'Higgins,04,Industria,Otros Indicadores Regionales,No Especificada
Regionales,"Indicadores Económicos, Región del Libertador General Bernardo O'Higgins",F034.GEELI.FLU.INE.Z.0.M,"Generación eléctrica, MWh",M,06,O'Higgins,UNKNOWN,No Especificado,Otros Indicadores Regionales,No Especificada
Regionales,"Indicadores Económicos, Región del Libertador General Bernardo O'Higgins",F034.SAHLI.FLU.INE.Z.0.M,"Superficie autorizada habitacional, m2",M,06,O'Higgins,UNKNOWN,No Especificado,Desarrollo Territorial y Uso de Suelo,Metros Cuadrados (m2)
Regionales,"Indicadores Económicos, Región del Libertador General Bernardo O'Higgins",F034.NVALI.FLU.INE.Z.0.M,"Número de viviendas autorizadas, unidades",M,06,O'Higgins,06,Construcción,Desarrollo Territorial y Uso de Suelo,Unidades (Miles o Personas)
Regionales,"Indicadores Económicos, Región del Libertador General Bernardo O'Higgins",F034.SANHLI.FLU.INE.Z.0.M,"Superficie autorizada no habitacional, m2",M,06,O'Higgins,UNKNOWN,No Especificado,Desarrollo Territorial y Uso de Suelo,Metros Cuadrados (m2)
Regionales,"Indicadores Económicos, Región del Libertador General Bernardo O'Higgins",F034.ISUPPCLI.IND.INE.2014.0.M,"Índice de ventas de supermercados (ISUP) a precios constantes, índice",M,06,O'Higgins,07,"Comercio, restaurantes y hoteles",Transacciones y Ventas Locales,No Especificada
Regionales,"Indicadores Económicos, Región del Libertador General Bernardo O'Higgins",F034.ISUPVPCLI.FLU.INE.Z.0.M,"ISUP, ventas a precios corrientes, millones de pesos",M,06,O'Higgins,07,"Comercio, restaurantes y hoteles",Finanzas y Sistema Financiero Regional,Pesos Chilenos (CLP)
Regionales,"Indicadores Económicos, Región del Libertador General Bernardo O'Higgins",F034.ISUPNELI.STO.INE.Z.0.M,"ISUP, número de establecimientos, unidades",M,06,O'Higgins,07,"Comercio, restaurantes y hoteles",Desarrollo Territorial y Uso de Suelo,Unidades (Miles o Personas)
Regionales,"Indicadores Económicos, Región del Libertador General Bernardo O'Higgins",F034.ISUPSELI.STO.INE.Z.0.M,"ISUP, superficie establecimientos, m2",M,06,O'Higgins,07,"Comercio, restaurantes y hoteles",Desarrollo Territorial y Uso de Suelo,Metros Cuadrados (m2)
Regionales,"Indicadores Económicos, Región del Libertador General Bernardo O'Higgins",F034.ETLLI.FLU.INE.HIST17.0.M,"EMAT, llegadas, unidades",M,06,O'Higgins,05,"Electricidad, gas, agua y gestión de desechos",Indicadores Sectoriales Corto Plazo,Unidades (Miles o Personas)
Regionales,"Indicadores Económicos, Región del Libertador General Bernardo O'Higgins",F034.ETPLI.FLU.INE.HIST17.0.M,"EMAT, pernoctaciones, unidades",M,06,O'Higgins,08,"Transporte, información y comunicaciones",Indicadores Sectoriales Corto Plazo,Unidades (Miles o Personas)
Regionales,"Indicadores Económicos, Región del Libertador General Bernardo O'Higgins",F034.ETEMLI.STO.INE.HIST17.0.M,"EMAT, estancia media, noches",M,06,O'Higgins,08,"Transporte, información y comunicaciones",Indicadores Sectoriales Corto Plazo,No Especificada
Regionales,"Indicadores Económicos, Región del Libertador General Bernardo O'Higgins",F034.ETTOHLI.TAS.INE.HIST17.0.M,"EMAT, tasa de ocupación en habitaciones, porcentaje",M,06,O'Higgins,08,"Transporte, información y comunicaciones",Indicadores Sectoriales Corto Plazo,Porcentaje (%)
Regionales,"Indicadores Económicos, Región del Libertador General Bernardo O'Higgins",F034.ETOPLI.TAS.INE.HIST17.0.M,"EMAT, tasa de ocupación en plazas, porcentaje",M,06,O'Higgins,08,"Transporte, información y comunicaciones",Indicadores Sectoriales Corto Plazo,Porcentaje (%)
Regionales,"Indicadores Económicos, Región del Libertador General Bernardo O'Higgins",F034.ETADRLI.STO.INE.HIST17.0.M,"EMAT, ADR, pesos (Precio promedio por habitación ocupada)",M,06,O'Higgins,08,"Transporte, información y comunicaciones",Indicadores Sectoriales Corto Plazo,Pesos Chilenos (CLP)
Regionales,"Indicadores Económicos, Región del Libertador General Bernardo O'Higgins",F034.ETRPLI.STO.INE.HIST17.0.M,"EMAT, RevPAR, pesos (Rendimiento del ingreso por alojamiento)",M,06,O'Higgins,08,"Transporte, información y comunicaciones",Indicadores Sectoriales Corto Plazo,Pesos Chilenos (CLP)
Regionales,"Indicadores Económicos, Región del Libertador General Bernardo O'Higgins",F034.PVTLI.STO.INE.Z.0.M,"Parque vehicular taxis, unidades",M,06,O'Higgins,UNKNOWN,No Especificado,Desarrollo Territorial y Uso de Suelo,Unidades (Miles o Personas)
Regionales,"Indicadores Económicos, Región del Libertador General Bernardo O'Higgins",F034.PVBLI.STO.INE.Z.0.M,"Parque vehicular buses, unidades",M,06,O'Higgins,UNKNOWN,No Especificado,Desarrollo Territorial y Uso de Suelo,Unidades (Miles o Personas)
Regionales,"Indicadores Económicos, Región del Libertador General Bernardo O'Higgins",F034.PVMBLI.STO.INE.Z.0.M,"Parque vehicular minibuses, unidades",M,06,O'Higgins,UNKNOWN,No Especificado,Desarrollo Territorial y Uso de Suelo,Unidades (Miles o Personas)
Regionales,"Indicadores Económicos, Región del Libertador General Bernardo O'Higgins",F034.PVELI.STO.INE.Z.0.M,"Parque vehicular escolar, unidades",M,06,O'Higgins,UNKNOWN,No Especificado,Desarrollo Territorial y Uso de Suelo,Unidades (Miles o Personas)
Regionales,"Indicadores Económicos, Región del Maule",F034.CTAPML.STO.INE.Z.0.M,"Cosecha de troza aserrable y pulpable, m3",M,07,Maule,UNKNOWN,No Especificado,Otros Indicadores Regionales,No Especificada
Regionales,"Indicadores Económicos, Región del Maule",F034.GEEML.FLU.INE.Z.0.M,"Generación eléctrica, MWh",M,07,Maule,UNKNOWN,No Especificado,Otros Indicadores Regionales,No Especificada
Regionales,"Indicadores Económicos, Región del Maule",F034.DEEML.FLU.INE.Z.0.M,"Distribución eléctrica, MWh",M,07,Maule,UNKNOWN,No Especificado,Otros Indicadores Regionales,No Especificada
Regionales,"Indicadores Económicos, Región del Maule",F034.SAHML.FLU.INE.Z.0.M,"Superficie autorizada habitacional, m2",M,07,Maule,UNKNOWN,No Especificado,Desarrollo Territorial y Uso de Suelo,Metros Cuadrados (m2)
Regionales,"Indicadores Económicos, Región del Maule",F034.NVAML.FLU.INE.Z.0.M,"Número de viviendas autorizadas, unidades",M,07,Maule,06,Construcción,Desarrollo Territorial y Uso de Suelo,Unidades (Miles o Personas)
Regionales,"Indicadores Económicos, Región del Maule",F034.SANHML.FLU.INE.Z.0.M,"Superficie autorizada no habitacional, m2",M,07,Maule,UNKNOWN,No Especificado,Desarrollo Territorial y Uso de Suelo,Metros Cuadrados (m2)
Regionales,"Indicadores Económicos, Región del Maule",F034.ISUPPCML.IND.INE.2014.0.M,"Índice de ventas de supermercados (ISUP) a precios constantes, índice",M,07,Maule,07,"Comercio, restaurantes y hoteles",Transacciones y Ventas Locales,No Especificada
Regionales,"Indicadores Económicos, Región del Maule",F034.ISUPVPCML.FLU.INE.Z.0.M,"ISUP, ventas a precios corrientes, millones de pesos",M,07,Maule,07,"Comercio, restaurantes y hoteles",Finanzas y Sistema Financiero Regional,Pesos Chilenos (CLP)
Regionales,"Indicadores Económicos, Región del Maule",F034.ISUPNEML.STO.INE.Z.0.M,"ISUP, número de establecimientos, unidades",M,07,Maule,07,"Comercio, restaurantes y hoteles",Desarrollo Territorial y Uso de Suelo,Unidades (Miles o Personas)
Regionales,"Indicadores Económicos, Región del Maule",F034.ISUPSEML.STO.INE.Z.0.M,"ISUP, superficie establecimientos, m2",M,07,Maule,07,"Comercio, restaurantes y hoteles",Desarrollo Territorial y Uso de Suelo,Metros Cuadrados (m2)
Regionales,"Indicadores Económicos, Región del Maule",F034.ETPML.FLU.INE.HIST17.0.M,"Encuesta mensual de alojamiento turístico (EMAT), pernoctaciones, unidades",M,07,Maule,08,"Transporte, información y comunicaciones",Indicadores Sectoriales Corto Plazo,Unidades (Miles o Personas)
Regionales,"Indicadores Económicos, Región del Maule",F034.ETLML.FLU.INE.HIST17.0.M,"EMAT, llegadas, unidades",M,07,Maule,05,"Electricidad, gas, agua y gestión de desechos",Indicadores Sectoriales Corto Plazo,Unidades (Miles o Personas)
Regionales,"Indicadores Económicos, Región del Maule",F034.ETEMML.STO.INE.HIST17.0.M,"EMAT, estancia media, noches",M,07,Maule,08,"Transporte, información y comunicaciones",Indicadores Sectoriales Corto Plazo,No Especificada
Regionales,"Indicadores Económicos, Región del Maule",F034.ETTOHML.TAS.INE.HIST17.0.M,"EMAT, tasa de ocupación en habitaciones, porcentaje",M,07,Maule,08,"Transporte, información y comunicaciones",Indicadores Sectoriales Corto Plazo,Porcentaje (%)
Regionales,"Indicadores Económicos, Región del Maule",F034.ETOPML.TAS.INE.HIST17.0.M,"EMAT, tasa de ocupación en plazas, porcentaje",M,07,Maule,08,"Transporte, información y comunicaciones",Indicadores Sectoriales Corto Plazo,Porcentaje (%)
Regionales,"Indicadores Económicos, Región del Maule",F034.ETADRML.STO.INE.HIST17.0.M,"EMAT, ADR, pesos (Precio promedio por habitación ocupada)",M,07,Maule,08,"Transporte, información y comunicaciones",Indicadores Sectoriales Corto Plazo,Pesos Chilenos (CLP)
Regionales,"Indicadores Económicos, Región del Maule",F034.ETRPML.STO.INE.HIST17.0.M,"EMAT, RevPAR, pesos (Rendimiento del ingreso por alojamiento)",M,07,Maule,08,"Transporte, información y comunicaciones",Indicadores Sectoriales Corto Plazo,Pesos Chilenos (CLP)
Regionales,"Indicadores Económicos, Región del Maule",F034.PVTML.STO.INE.Z.0.M,"Parque vehicular taxis, unidades",M,07,Maule,UNKNOWN,No Especificado,Desarrollo Territorial y Uso de Suelo,Unidades (Miles o Personas)
Regionales,"Indicadores Económicos, Región del Maule",F034.PVBML.STO.INE.Z.0.M,"Parque vehicular buses, unidades",M,07,Maule,UNKNOWN,No Especificado,Desarrollo Territorial y Uso de Suelo,Unidades (Miles o Personas)
Regionales,"Indicadores Económicos, Región del Maule",F034.PVEML.STO.INE.Z.0.M,"Parque vehicular escolar, unidades",M,07,Maule,UNKNOWN,No Especificado,Desarrollo Territorial y Uso de Suelo,Unidades (Miles o Personas)
Regionales,"Indicadores Económicos, Región de Ñuble",F034.GEENB.FLU.INE.Z.0.M,"Generación eléctrica, MWh",M,16,Ñuble,UNKNOWN,No Especificado,Otros Indicadores Regionales,No Especificada
Regionales,"Indicadores Económicos, Región de Ñuble",F034.DEENB.FLU.INE.Z.0.M,"Distribución eléctrica, MWh",M,16,Ñuble,UNKNOWN,No Especificado,Otros Indicadores Regionales,No Especificada
Regionales,"Indicadores Económicos, Región de Ñuble",F034.SAHNB.FLU.INE.Z.0.M,"Superficie autorizada habitacional, m2",M,16,Ñuble,UNKNOWN,No Especificado,Desarrollo Territorial y Uso de Suelo,Metros Cuadrados (m2)
Regionales,"Indicadores Económicos, Región de Ñuble",F034.NVANB.FLU.INE.Z.0.M,"Número de viviendas autorizadas, unidades",M,16,Ñuble,06,Construcción,Desarrollo Territorial y Uso de Suelo,Unidades (Miles o Personas)
Regionales,"Indicadores Económicos, Región de Ñuble",F034.SANHNB.FLU.INE.Z.0.M,"Superficie autorizada no habitacional, m2",M,16,Ñuble,UNKNOWN,No Especificado,Desarrollo Territorial y Uso de Suelo,Metros Cuadrados (m2)
Regionales,"Indicadores Económicos, Región de Ñuble",F034.ISUPPCNB.IND.INE.2014.0.M,"Índice de ventas de supermercados (ISUP) a precios constantes, índice",M,16,Ñuble,07,"Comercio, restaurantes y hoteles",Transacciones y Ventas Locales,No Especificada
Regionales,"Indicadores Económicos, Región de Ñuble",F034.ISUPVPCNB.FLU.INE.Z.0.M,"ISUP, ventas a precios corrientes, millones de pesos",M,16,Ñuble,07,"Comercio, restaurantes y hoteles",Finanzas y Sistema Financiero Regional,Pesos Chilenos (CLP)
Regionales,"Indicadores Económicos, Región de Ñuble",F034.ISUPNENB.STO.INE.Z.0.M,"ISUP, número de establecimientos, unidades",M,16,Ñuble,07,"Comercio, restaurantes y hoteles",Desarrollo Territorial y Uso de Suelo,Unidades (Miles o Personas)
Regionales,"Indicadores Económicos, Región de Ñuble",F034.ISUPSENB.STO.INE.Z.0.M,"ISUP, superficie establecimientos, m2",M,16,Ñuble,07,"Comercio, restaurantes y hoteles",Desarrollo Territorial y Uso de Suelo,Metros Cuadrados (m2)
Regionales,"Indicadores Económicos, Región de Ñuble",F034.ETPNB.FLU.INE.HIST17.0.M,"Encuesta mensual de alojamiento turístico (EMAT), pernoctaciones, unidades",M,16,Ñuble,08,"Transporte, información y comunicaciones",Indicadores Sectoriales Corto Plazo,Unidades (Miles o Personas)
Regionales,"Indicadores Económicos, Región de Ñuble",F034.ETLNB.FLU.INE.HIST17.0.M,"EMAT, llegadas, unidades",M,16,Ñuble,05,"Electricidad, gas, agua y gestión de desechos",Indicadores Sectoriales Corto Plazo,Unidades (Miles o Personas)
Regionales,"Indicadores Económicos, Región de Ñuble",F034.ETEMNB.STO.INE.HIST17.0.M,"EMAT, estancia media, noches",M,16,Ñuble,08,"Transporte, información y comunicaciones",Indicadores Sectoriales Corto Plazo,No Especificada
Regionales,"Indicadores Económicos, Región de Ñuble",F034.ETTOHNB.TAS.INE.HIST17.0.M,"EMAT, tasa de ocupación en habitaciones, porcentaje",M,16,Ñuble,08,"Transporte, información y comunicaciones",Indicadores Sectoriales Corto Plazo,Porcentaje (%)
Regionales,"Indicadores Económicos, Región de Ñuble",F034.ETOPNB.TAS.INE.HIST17.0.M,"EMAT, tasa de ocupación en plazas, porcentaje",M,16,Ñuble,08,"Transporte, información y comunicaciones",Indicadores Sectoriales Corto Plazo,Porcentaje (%)
Regionales,"Indicadores Económicos, Región de Ñuble",F034.ETADRNB.STO.INE.HIST17.0.M,"EMAT, ADR, pesos (Precio promedio por habitación ocupada)",M,16,Ñuble,08,"Transporte, información y comunicaciones",Indicadores Sectoriales Corto Plazo,Pesos Chilenos (CLP)
Regionales,"Indicadores Económicos, Región de Ñuble",F034.ETRPNB.STO.INE.HIST17.0.M,"EMAT, RevPAR, pesos (Rendimiento del ingreso por alojamiento)",M,16,Ñuble,08,"Transporte, información y comunicaciones",Indicadores Sectoriales Corto Plazo,Pesos Chilenos (CLP)
Regionales,"Indicadores Económicos, Región de Ñuble",F034.PVPPAINB.STO.INE.Z.0.M,"Pasada de vehículos por plazas de peajes y pórticos de autopistas interurbanas, unidades",M,16,Ñuble,UNKNOWN,No Especificado,Otros Indicadores Regionales,Unidades (Miles o Personas)
Regionales,"Indicadores Económicos, Región de Ñuble",F034.PVTNB.STO.INE.Z.0.M,"Parque vehicular taxis, unidades",M,16,Ñuble,UNKNOWN,No Especificado,Desarrollo Territorial y Uso de Suelo,Unidades (Miles o Personas)
Regionales,"Indicadores Económicos, Región de Ñuble",F034.PVBNB.STO.INE.Z.0.M,"Parque vehicular buses, unidades",M,16,Ñuble,UNKNOWN,No Especificado,Desarrollo Territorial y Uso de Suelo,Unidades (Miles o Personas)
Regionales,"Indicadores Económicos, Región de Ñuble",F034.PVENB.STO.INE.Z.0.M,"Parque vehicular escolar, unidades",M,16,Ñuble,UNKNOWN,No Especificado,Desarrollo Territorial y Uso de Suelo,Unidades (Miles o Personas)
Regionales,"Indicadores Económicos, Región del Biobío",F034.CTAPBI.STO.INE.Z.0.M,"Cosecha de troza aserrable y pulpable, m3",M,08,Biobío,UNKNOWN,No Especificado,Otros Indicadores Regionales,No Especificada
Regionales,"Indicadores Económicos, Región del Biobío",F034.DARTBI.STO.INE.Z.0.M,"Desembarque artesanal, toneladas",M,08,Biobío,UNKNOWN,No Especificado,Otros Indicadores Regionales,Toneladas
Regionales,"Indicadores Económicos, Región del Biobío",F034.DINDBI.STO.INE.Z.0.M,"Desembarque industrial, toneladas",M,08,Biobío,04,Industria,Otros Indicadores Regionales,Toneladas
Regionales,"Indicadores Económicos, Región del Biobío",F034.INDPMBI.IND.INE.2014.0.M,"Índice de producción manufacturera, índice",M,08,Biobío,04,Industria,Otros Indicadores Regionales,No Especificada
Regionales,"Indicadores Económicos, Región del Biobío",F034.GEEBI.FLU.INE.Z.0.M,"Generación eléctrica, MWh",M,08,Biobío,UNKNOWN,No Especificado,Otros Indicadores Regionales,No Especificada
Regionales,"Indicadores Económicos, Región del Biobío",F034.DEEBI.FLU.INE.Z.0.M,"Distribución eléctrica, MWh",M,08,Biobío,UNKNOWN,No Especificado,Otros Indicadores Regionales,No Especificada
Regionales,"Indicadores Económicos, Región del Biobío",F034.SAHBI.FLU.INE.Z.0.M,"Superficie autorizada habitacional, m2",M,08,Biobío,UNKNOWN,No Especificado,Desarrollo Territorial y Uso de Suelo,Metros Cuadrados (m2)
Regionales,"Indicadores Económicos, Región del Biobío",F034.NVABI.FLU.INE.Z.0.M,"Número de viviendas autorizadas, unidades",M,08,Biobío,06,Construcción,Desarrollo Territorial y Uso de Suelo,Unidades (Miles o Personas)
Regionales,"Indicadores Económicos, Región del Biobío",F034.SANHBI.FLU.INE.Z.0.M,"Superficie autorizada no habitacional, m2",M,08,Biobío,UNKNOWN,No Especificado,Desarrollo Territorial y Uso de Suelo,Metros Cuadrados (m2)
Regionales,"Indicadores Económicos, Región del Biobío",F034.ISUPPCBI.IND.INE.2014.0.M,"Índice de ventas de supermercados (ISUP) a precios constantes, índice",M,08,Biobío,07,"Comercio, restaurantes y hoteles",Transacciones y Ventas Locales,No Especificada
Regionales,"Indicadores Económicos, Región del Biobío",F034.ISUPVPCBI.FLU.INE.Z.0.M,"ISUP, ventas a precios corrientes, millones de pesos",M,08,Biobío,07,"Comercio, restaurantes y hoteles",Finanzas y Sistema Financiero Regional,Pesos Chilenos (CLP)
Regionales,"Indicadores Económicos, Región del Biobío",F034.ISUPNEBI.STO.INE.Z.0.M,"ISUP, número de establecimientos, unidades",M,08,Biobío,07,"Comercio, restaurantes y hoteles",Desarrollo Territorial y Uso de Suelo,Unidades (Miles o Personas)
Regionales,"Indicadores Económicos, Región del Biobío",F034.ISUPSEBI.STO.INE.Z.0.M,"ISUP, superficie establecimientos, m2",M,08,Biobío,07,"Comercio, restaurantes y hoteles",Desarrollo Territorial y Uso de Suelo,Metros Cuadrados (m2)
Regionales,"Indicadores Económicos, Región del Biobío",F034.ETPBI.FLU.INE.HIST17.0.M,"Encuesta mensual de alojamiento turístico (EMAT), pernoctaciones, unidades",M,08,Biobío,08,"Transporte, información y comunicaciones",Indicadores Sectoriales Corto Plazo,Unidades (Miles o Personas)
Regionales,"Indicadores Económicos, Región del Biobío",F034.ETLBI.FLU.INE.HIST17.0.M,"EMAT, llegadas, unidades",M,08,Biobío,05,"Electricidad, gas, agua y gestión de desechos",Indicadores Sectoriales Corto Plazo,Unidades (Miles o Personas)
Regionales,"Indicadores Económicos, Región del Biobío",F034.ETEMBI.STO.INE.HIST17.0.M,"EMAT, estancia media, noches",M,08,Biobío,08,"Transporte, información y comunicaciones",Indicadores Sectoriales Corto Plazo,No Especificada
Regionales,"Indicadores Económicos, Región del Biobío",F034.ETTOHBI.TAS.INE.HIST17.0.M,"EMAT, tasa de ocupación en habitaciones, porcentaje",M,08,Biobío,08,"Transporte, información y comunicaciones",Indicadores Sectoriales Corto Plazo,Porcentaje (%)
Regionales,"Indicadores Económicos, Región del Biobío",F034.ETOPBI.TAS.INE.HIST17.0.M,"EMAT, tasa de ocupación en plazas, porcentaje",M,08,Biobío,08,"Transporte, información y comunicaciones",Indicadores Sectoriales Corto Plazo,Porcentaje (%)
Regionales,"Indicadores Económicos, Región del Biobío",F034.ETADRBI.STO.INE.HIST17.0.M,"EMAT, ADR, pesos (Precio promedio por habitación ocupada)",M,08,Biobío,08,"Transporte, información y comunicaciones",Indicadores Sectoriales Corto Plazo,Pesos Chilenos (CLP)
Regionales,"Indicadores Económicos, Región del Biobío",F034.ETRPBI.STO.INE.HIST17.0.M,"EMAT, RevPAR, pesos (Rendimiento del ingreso por alojamiento)",M,08,Biobío,08,"Transporte, información y comunicaciones",Indicadores Sectoriales Corto Plazo,Pesos Chilenos (CLP)
Regionales,"Indicadores Económicos, Región del Biobío",F034.MCPEEBI.FLU.INE.Z.0.M,"Movimiento de carga portuaria: embarcada al exterior, toneladas",M,08,Biobío,09,Servicios financieros y empresariales,Indicadores Sectoriales Corto Plazo,Toneladas
Regionales,"Indicadores Económicos, Región del Biobío",F034.MCPDEBI.FLU.INE.Z.0.M,"Movimiento de carga portuaria: desembarcada del exterior, toneladas",M,08,Biobío,09,Servicios financieros y empresariales,Indicadores Sectoriales Corto Plazo,Toneladas
Regionales,"Indicadores Económicos, Región del Biobío",F034.MCPCBI.FLU.INE.Z.0.M,"Movimiento de carga portuaria: cabotaje, toneladas",M,08,Biobío,09,Servicios financieros y empresariales,Indicadores Sectoriales Corto Plazo,Toneladas
Regionales,"Indicadores Económicos, Región del Biobío",F034.MCPRTBI.FLU.INE.Z.0.M,"Movimiento de carga portuaria: re-estibas y transbordos, toneladas",M,08,Biobío,09,Servicios financieros y empresariales,Indicadores Sectoriales Corto Plazo,Toneladas
Regionales,"Indicadores Económicos, Región del Biobío",F034.CECESGBI.STO.INE.Z.0.M,"Carga efectiva de comercio exterior: suelta o general, toneladas",M,08,Biobío,07,"Comercio, restaurantes y hoteles",Otros Indicadores Regionales,Toneladas
Regionales,"Indicadores Económicos, Región del Biobío",F034.CECECBI.STO.INE.Z.0.M,"Carga efectiva de comercio exterior: contenedores, toneladas",M,08,Biobío,07,"Comercio, restaurantes y hoteles",Otros Indicadores Regionales,Toneladas
Regionales,"Indicadores Económicos, Región del Biobío",F034.CECESBI.STO.INE.Z.0.M,"Carga efectiva de comercio exterior: granel sólido, toneladas",M,08,Biobío,07,"Comercio, restaurantes y hoteles",Otros Indicadores Regionales,Toneladas
Regionales,"Indicadores Económicos, Región del Biobío",F034.CECELGBI.STO.INE.Z.0.M,"Carga efectiva de comercio exterior: granel líquido-gaseoso, toneladas",M,08,Biobío,05,"Electricidad, gas, agua y gestión de desechos",Otros Indicadores Regionales,Toneladas
Regionales,"Indicadores Económicos, Región del Biobío",F034.CMP20BI.STO.INE.Z.0.M,"Número de contenedores manipulados en puerto: 20 pies, TEUS",M,08,Biobío,09,Servicios financieros y empresariales,Otros Indicadores Regionales,No Especificada
Regionales,"Indicadores Económicos, Región del Biobío",F034.CMP40BI.STO.INE.Z.0.M,"Número de contenedores manipulados en puerto: 40 pies, TEUS",M,08,Biobío,09,Servicios financieros y empresariales,Otros Indicadores Regionales,No Especificada
Regionales,"Indicadores Económicos, Región del Biobío",F034.PVPPAIBI.STO.INE.Z.0.M,"Pasada de vehículos por plazas de peajes y pórticos de autopistas interurbanas, unidades",M,08,Biobío,UNKNOWN,No Especificado,Otros Indicadores Regionales,Unidades (Miles o Personas)
Regionales,"Indicadores Económicos, Región del Biobío",F034.PVTBI.STO.INE.Z.0.M,"Parque vehicular taxis, unidades",M,08,Biobío,UNKNOWN,No Especificado,Desarrollo Territorial y Uso de Suelo,Unidades (Miles o Personas)
Regionales,"Indicadores Económicos, Región del Biobío",F034.PVBBI.STO.INE.Z.0.M,"Parque vehicular buses, unidades",M,08,Biobío,UNKNOWN,No Especificado,Desarrollo Territorial y Uso de Suelo,Unidades (Miles o Personas)
Regionales,"Indicadores Económicos, Región del Biobío",F034.PVEBI.STO.INE.Z.0.M,"Parque vehicular escolar, unidades",M,08,Biobío,UNKNOWN,No Especificado,Desarrollo Territorial y Uso de Suelo,Unidades (Miles o Personas)
Regionales,"Indicadores Económicos, Región de La Araucanía",F034.CTAPAR.STO.INE.Z.0.M,"Cosecha de troza aserrable y pulpable, m3",M,09,La Araucanía,UNKNOWN,No Especificado,Otros Indicadores Regionales,No Especificada
Regionales,"Indicadores Económicos, Región de La Araucanía",F034.INDPMAR.IND.INE.2014.0.M,"Índice de producción manufacturera, índice",M,09,La Araucanía,04,Industria,Otros Indicadores Regionales,No Especificada
Regionales,"Indicadores Económicos, Región de La Araucanía",F034.GEEAR.FLU.INE.Z.0.M,"Generación eléctrica, MWh",M,09,La Araucanía,UNKNOWN,No Especificado,Otros Indicadores Regionales,No Especificada
Regionales,"Indicadores Económicos, Región de La Araucanía",F034.DEEAR.FLU.INE.Z.0.M,"Distribución eléctrica, MWh",M,09,La Araucanía,UNKNOWN,No Especificado,Otros Indicadores Regionales,No Especificada
Regionales,"Indicadores Económicos, Región de La Araucanía",F034.SAHAR.FLU.INE.Z.0.M,"Superficie autorizada habitacional, m2",M,09,La Araucanía,UNKNOWN,No Especificado,Desarrollo Territorial y Uso de Suelo,Metros Cuadrados (m2)
Regionales,"Indicadores Económicos, Región de La Araucanía",F034.NVAAR.FLU.INE.Z.0.M,"Número de viviendas autorizadas, unidades",M,09,La Araucanía,06,Construcción,Desarrollo Territorial y Uso de Suelo,Unidades (Miles o Personas)
Regionales,"Indicadores Económicos, Región de La Araucanía",F034.SANHAR.FLU.INE.Z.0.M,"Superficie autorizada no Habitacional, m2",M,09,La Araucanía,UNKNOWN,No Especificado,Desarrollo Territorial y Uso de Suelo,Metros Cuadrados (m2)
Regionales,"Indicadores Económicos, Región de La Araucanía",F034.ISUPPCAR.IND.INE.2014.0.M,"Índice de ventas de supermercados (ISUP) a precios constantes, índice",M,09,La Araucanía,07,"Comercio, restaurantes y hoteles",Transacciones y Ventas Locales,No Especificada
Regionales,"Indicadores Económicos, Región de La Araucanía",F034.ISUPVPCAR.FLU.INE.Z.0.M,"ISUP, ventas a precios corrientes, millones de pesos",M,09,La Araucanía,07,"Comercio, restaurantes y hoteles",Finanzas y Sistema Financiero Regional,Pesos Chilenos (CLP)
Regionales,"Indicadores Económicos, Región de La Araucanía",F034.ISUPNEAR.STO.INE.Z.0.M,"ISUP, número de establecimientos, unidades",M,09,La Araucanía,07,"Comercio, restaurantes y hoteles",Desarrollo Territorial y Uso de Suelo,Unidades (Miles o Personas)
Regionales,"Indicadores Económicos, Región de La Araucanía",F034.ISUPSEAR.STO.INE.Z.0.M,"ISUP, superficie establecimientos, m2",M,09,La Araucanía,07,"Comercio, restaurantes y hoteles",Desarrollo Territorial y Uso de Suelo,Metros Cuadrados (m2)
Regionales,"Indicadores Económicos, Región de La Araucanía",F034.ETPAR.FLU.INE.HIST17.0.M,"Encuesta mensual de alojamiento turístico (EMAT), pernoctaciones, unidades",M,09,La Araucanía,08,"Transporte, información y comunicaciones",Indicadores Sectoriales Corto Plazo,Unidades (Miles o Personas)
Regionales,"Indicadores Económicos, Región de La Araucanía",F034.ETLAR.FLU.INE.HIST17.0.M,"EMAT, llegadas, unidades",M,09,La Araucanía,05,"Electricidad, gas, agua y gestión de desechos",Indicadores Sectoriales Corto Plazo,Unidades (Miles o Personas)
Regionales,"Indicadores Económicos, Región de La Araucanía",F034.ETEMAR.STO.INE.HIST17.0.M,"EMAT, estancia media, noches",M,09,La Araucanía,08,"Transporte, información y comunicaciones",Indicadores Sectoriales Corto Plazo,No Especificada
Regionales,"Indicadores Económicos, Región de La Araucanía",F034.ETTOHAR.TAS.INE.HIST17.0.M,"EMAT, tasa de ocupación en habitaciones, porcentaje",M,09,La Araucanía,08,"Transporte, información y comunicaciones",Indicadores Sectoriales Corto Plazo,Porcentaje (%)
Regionales,"Indicadores Económicos, Región de La Araucanía",F034.ETOPAR.TAS.INE.HIST17.0.M,"EMAT, tasa de ocupación en plazas, porcentaje",M,09,La Araucanía,08,"Transporte, información y comunicaciones",Indicadores Sectoriales Corto Plazo,Porcentaje (%)
Regionales,"Indicadores Económicos, Región de La Araucanía",F034.ETADRAR.STO.INE.HIST17.0.M,"EMAT, ADR, pesos (Precio promedio por habitación ocupada)",M,09,La Araucanía,08,"Transporte, información y comunicaciones",Indicadores Sectoriales Corto Plazo,Pesos Chilenos (CLP)
Regionales,"Indicadores Económicos, Región de La Araucanía",F034.ETRPAR.STO.INE.HIST17.0.M,"EMAT, RevPAR, pesos (Rendimiento del ingreso por alojamiento)",M,09,La Araucanía,08,"Transporte, información y comunicaciones",Indicadores Sectoriales Corto Plazo,Pesos Chilenos (CLP)
Regionales,"Indicadores Económicos, Región de La Araucanía",F034.PVTAR.STO.INE.Z.0.M,"Parque vehicular taxis, unidades",M,09,La Araucanía,UNKNOWN,No Especificado,Desarrollo Territorial y Uso de Suelo,Unidades (Miles o Personas)
Regionales,"Indicadores Económicos, Región de La Araucanía",F034.PVBAR.STO.INE.Z.0.M,"Parque vehicular buses, unidades",M,09,La Araucanía,UNKNOWN,No Especificado,Desarrollo Territorial y Uso de Suelo,Unidades (Miles o Personas)
Regionales,"Indicadores Económicos, Región de La Araucanía",F034.PVEAR.STO.INE.Z.0.M,"Parque vehicular escolar, unidades",M,09,La Araucanía,UNKNOWN,No Especificado,Desarrollo Territorial y Uso de Suelo,Unidades (Miles o Personas)
Regionales,"Indicadores Económicos, Región de Los Ríos",F034.CTAPLR.STO.INE.Z.0.M,"Cosecha de troza aserrable y pulpable, m3",M,14,Los Ríos,UNKNOWN,No Especificado,Otros Indicadores Regionales,No Especificada
Regionales,"Indicadores Económicos, Región de Los Ríos",F034.DARTLR.STO.INE.Z.0.M,"Desembarque artesanal, toneladas",M,14,Los Ríos,UNKNOWN,No Especificado,Otros Indicadores Regionales,Toneladas
Regionales,"Indicadores Económicos, Región de Los Ríos",F034.DINDLR.STO.INE.Z.0.M,"Desembarque industrial, toneladas",M,14,Los Ríos,04,Industria,Otros Indicadores Regionales,Toneladas
Regionales,"Indicadores Económicos, Región de Los Ríos",F034.INDPMLR.IND.INE.2014.0.M,"Índice de producción manufacturera, índice",M,14,Los Ríos,04,Industria,Otros Indicadores Regionales,No Especificada
Regionales,"Indicadores Económicos, Región de Los Ríos",F034.GEELR.FLU.INE.Z.0.M,"Generación eléctrica, MWh",M,14,Los Ríos,UNKNOWN,No Especificado,Otros Indicadores Regionales,No Especificada
Regionales,"Indicadores Económicos, Región de Los Ríos",F034.DEELR.FLU.INE.Z.0.M,"Distribución eléctrica, MWh",M,14,Los Ríos,UNKNOWN,No Especificado,Otros Indicadores Regionales,No Especificada
Regionales,"Indicadores Económicos, Región de Los Ríos",F034.SAHLR.FLU.INE.Z.0.M,"Superficie autorizada habitacional, m2",M,14,Los Ríos,UNKNOWN,No Especificado,Desarrollo Territorial y Uso de Suelo,Metros Cuadrados (m2)
Regionales,"Indicadores Económicos, Región de Los Ríos",F034.NVALR.FLU.INE.Z.0.M,"Número de viviendas autorizadas, unidades",M,14,Los Ríos,06,Construcción,Desarrollo Territorial y Uso de Suelo,Unidades (Miles o Personas)
Regionales,"Indicadores Económicos, Región de Los Ríos",F034.SANHLR.FLU.INE.Z.0.M,"Superficie autorizada no habitacional, m2",M,14,Los Ríos,UNKNOWN,No Especificado,Desarrollo Territorial y Uso de Suelo,Metros Cuadrados (m2)
Regionales,"Indicadores Económicos, Región de Los Ríos",F034.ISUPPCLR.IND.INE.2014.0.M,"Índice de ventas de supermercados (ISUP) a precios constantes, índice",M,14,Los Ríos,07,"Comercio, restaurantes y hoteles",Transacciones y Ventas Locales,No Especificada
Regionales,"Indicadores Económicos, Región de Los Ríos",F034.ISUPVPCLR.FLU.INE.Z.0.M,"ISUP, ventas a precios corrientes, millones de pesos",M,14,Los Ríos,07,"Comercio, restaurantes y hoteles",Finanzas y Sistema Financiero Regional,Pesos Chilenos (CLP)
Regionales,"Indicadores Económicos, Región de Los Ríos",F034.ISUPNELR.STO.INE.Z.0.M,"ISUP, número de establecimientos, unidades",M,14,Los Ríos,07,"Comercio, restaurantes y hoteles",Desarrollo Territorial y Uso de Suelo,Unidades (Miles o Personas)
Regionales,"Indicadores Económicos, Región de Los Ríos",F034.ISUPSELR.STO.INE.Z.0.M,"ISUP, superficie establecimientos, m2",M,14,Los Ríos,07,"Comercio, restaurantes y hoteles",Desarrollo Territorial y Uso de Suelo,Metros Cuadrados (m2)
Regionales,"Indicadores Económicos, Región de Los Ríos",F034.ETPLR.FLU.INE.HIST17.0.M,"Encuesta mensual de alojamiento turístico (EMAT), pernoctaciones, unidades",M,14,Los Ríos,08,"Transporte, información y comunicaciones",Indicadores Sectoriales Corto Plazo,Unidades (Miles o Personas)
Regionales,"Indicadores Económicos, Región de Los Ríos",F034.ETLLR.FLU.INE.HIST17.0.M,"EMAT, llegadas, unidades",M,14,Los Ríos,05,"Electricidad, gas, agua y gestión de desechos",Indicadores Sectoriales Corto Plazo,Unidades (Miles o Personas)
Regionales,"Indicadores Económicos, Región de Los Ríos",F034.ETEMLR.STO.INE.HIST17.0.M,"EMAT, estancia media, noches",M,14,Los Ríos,08,"Transporte, información y comunicaciones",Indicadores Sectoriales Corto Plazo,No Especificada
Regionales,"Indicadores Económicos, Región de Los Ríos",F034.ETTOHLR.TAS.INE.HIST17.0.M,"EMAT, tasa de ocupación en habitaciones, porcentaje",M,14,Los Ríos,08,"Transporte, información y comunicaciones",Indicadores Sectoriales Corto Plazo,Porcentaje (%)
Regionales,"Indicadores Económicos, Región de Los Ríos",F034.ETOPLR.TAS.INE.HIST17.0.M,"EMAT, tasa de ocupación en plazas, porcentaje",M,14,Los Ríos,08,"Transporte, información y comunicaciones",Indicadores Sectoriales Corto Plazo,Porcentaje (%)
Regionales,"Indicadores Económicos, Región de Los Ríos",F034.ETADRLR.STO.INE.HIST17.0.M,"EMAT, ADR, pesos (Precio promedio por habitación ocupada)",M,14,Los Ríos,08,"Transporte, información y comunicaciones",Indicadores Sectoriales Corto Plazo,Pesos Chilenos (CLP)
Regionales,"Indicadores Económicos, Región de Los Ríos",F034.ETRPLR.STO.INE.HIST17.0.M,"EMAT, RevPAR, pesos (Rendimiento del ingreso por alojamiento)",M,14,Los Ríos,08,"Transporte, información y comunicaciones",Indicadores Sectoriales Corto Plazo,Pesos Chilenos (CLP)
Regionales,"Indicadores Económicos, Región de Los Ríos",F034.PVTLR.STO.INE.Z.0.M,"Parque vehicular taxis, unidades",M,14,Los Ríos,UNKNOWN,No Especificado,Desarrollo Territorial y Uso de Suelo,Unidades (Miles o Personas)
Regionales,"Indicadores Económicos, Región de Los Ríos",F034.PVBLR.STO.INE.Z.0.M,"Parque vehicular buses, unidades",M,14,Los Ríos,UNKNOWN,No Especificado,Desarrollo Territorial y Uso de Suelo,Unidades (Miles o Personas)
Regionales,"Indicadores Económicos, Región de Los Ríos",F034.PVMBLR.STO.INE.Z.0.M,"Parque vehicular minibuses, unidades",M,14,Los Ríos,UNKNOWN,No Especificado,Desarrollo Territorial y Uso de Suelo,Unidades (Miles o Personas)
Regionales,"Indicadores Económicos, Región de Los Ríos",F034.PVELR.STO.INE.Z.0.M,"Parque vehicular escolar, unidades",M,14,Los Ríos,UNKNOWN,No Especificado,Desarrollo Territorial y Uso de Suelo,Unidades (Miles o Personas)
Regionales,"Indicadores Económicos, Región de Los Lagos",F034.LRECLL.STO.INE.Z.0.M,"Leche recepcionada, litros",M,10,Los Lagos,UNKNOWN,No Especificado,Otros Indicadores Regionales,No Especificada
Regionales,"Indicadores Económicos, Región de Los Lagos",F034.DARTLL.STO.INE.Z.0.M,"Desembarque artesanal, toneladas",M,10,Los Lagos,UNKNOWN,No Especificado,Otros Indicadores Regionales,Toneladas
Regionales,"Indicadores Económicos, Región de Los Lagos",F034.GEELL.FLU.INE.Z.0.M,"Generación eléctrica, MWh",M,10,Los Lagos,UNKNOWN,No Especificado,Otros Indicadores Regionales,No Especificada
Regionales,"Indicadores Económicos, Región de Los Lagos",F034.SAHLL.FLU.INE.Z.0.M,"Superficie autorizada habitacional, m2",M,10,Los Lagos,UNKNOWN,No Especificado,Desarrollo Territorial y Uso de Suelo,Metros Cuadrados (m2)
Regionales,"Indicadores Económicos, Región de Los Lagos",F034.NVALL.FLU.INE.Z.0.M,"Número de viviendas autorizadas, unidades",M,10,Los Lagos,06,Construcción,Desarrollo Territorial y Uso de Suelo,Unidades (Miles o Personas)
Regionales,"Indicadores Económicos, Región de Los Lagos",F034.SANHLL.FLU.INE.Z.0.M,"Superficie autorizada no habitacional, m2",M,10,Los Lagos,UNKNOWN,No Especificado,Desarrollo Territorial y Uso de Suelo,Metros Cuadrados (m2)
Regionales,"Indicadores Económicos, Región de Los Lagos",F034.ISUPPCLL.IND.INE.2014.0.M,"Índice de ventas de supermercados (ISUP) a precios constantes, índice",M,10,Los Lagos,07,"Comercio, restaurantes y hoteles",Transacciones y Ventas Locales,No Especificada
Regionales,"Indicadores Económicos, Región de Los Lagos",F034.ISUPVPCLL.FLU.INE.Z.0.M,"ISUP, ventas a precios corrientes, millones de pesos",M,10,Los Lagos,07,"Comercio, restaurantes y hoteles",Finanzas y Sistema Financiero Regional,Pesos Chilenos (CLP)
Regionales,"Indicadores Económicos, Región de Los Lagos",F034.ISUPNELL.STO.INE.Z.0.M,"ISUP, número de establecimientos, unidades",M,10,Los Lagos,07,"Comercio, restaurantes y hoteles",Desarrollo Territorial y Uso de Suelo,Unidades (Miles o Personas)
Regionales,"Indicadores Económicos, Región de Los Lagos",F034.ISUPSELL.STO.INE.Z.0.M,"ISUP, superficie establecimientos, m2",M,10,Los Lagos,07,"Comercio, restaurantes y hoteles",Desarrollo Territorial y Uso de Suelo,Metros Cuadrados (m2)
Regionales,"Indicadores Económicos, Región de Los Lagos",F034.ETPLL.FLU.INE.HIST17.0.M,"Encuesta mensual de alojamiento turístico (EMAT), pernoctaciones, unidades",M,10,Los Lagos,08,"Transporte, información y comunicaciones",Indicadores Sectoriales Corto Plazo,Unidades (Miles o Personas)
Regionales,"Indicadores Económicos, Región de Los Lagos",F034.ETLLL.FLU.INE.HIST17.0.M,"EMAT, llegadas, unidades",M,10,Los Lagos,05,"Electricidad, gas, agua y gestión de desechos",Indicadores Sectoriales Corto Plazo,Unidades (Miles o Personas)
Regionales,"Indicadores Económicos, Región de Los Lagos",F034.ETEMLL.STO.INE.HIST17.0.M,"EMAT, estancia media, noches",M,10,Los Lagos,08,"Transporte, información y comunicaciones",Indicadores Sectoriales Corto Plazo,No Especificada
Regionales,"Indicadores Económicos, Región de Los Lagos",F034.ETTOHLL.TAS.INE.HIST17.0.M,"EMAT, tasa de ocupación en habitaciones, porcentaje",M,10,Los Lagos,08,"Transporte, información y comunicaciones",Indicadores Sectoriales Corto Plazo,Porcentaje (%)
Regionales,"Indicadores Económicos, Región de Los Lagos",F034.ETOPLL.TAS.INE.HIST17.0.M,"EMAT, tasa de ocupación en plazas, porcentaje",M,10,Los Lagos,08,"Transporte, información y comunicaciones",Indicadores Sectoriales Corto Plazo,Porcentaje (%)
Regionales,"Indicadores Económicos, Región de Los Lagos",F034.ETADRLL.STO.INE.HIST17.0.M,"EMAT, ADR, pesos (Precio promedio por habitación ocupada)",M,10,Los Lagos,08,"Transporte, información y comunicaciones",Indicadores Sectoriales Corto Plazo,Pesos Chilenos (CLP)
Regionales,"Indicadores Económicos, Región de Los Lagos",F034.ETRPLL.STO.INE.HIST17.0.M,"EMAT, RevPAR, pesos (Rendimiento del ingreso por alojamiento)",M,10,Los Lagos,08,"Transporte, información y comunicaciones",Indicadores Sectoriales Corto Plazo,Pesos Chilenos (CLP)
Regionales,"Indicadores Económicos, Región de Los Lagos",F034.PVTLL.STO.INE.Z.0.M,"Parque vehicular taxis, unidades",M,10,Los Lagos,UNKNOWN,No Especificado,Desarrollo Territorial y Uso de Suelo,Unidades (Miles o Personas)
Regionales,"Indicadores Económicos, Región de Los Lagos",F034.PVBLL.STO.INE.Z.0.M,"Parque vehicular buses, unidades",M,10,Los Lagos,UNKNOWN,No Especificado,Desarrollo Territorial y Uso de Suelo,Unidades (Miles o Personas)
Regionales,"Indicadores Económicos, Región de Los Lagos",F034.PVMBLL.STO.INE.Z.0.M,"Parque vehicular minibuses, unidades",M,10,Los Lagos,UNKNOWN,No Especificado,Desarrollo Territorial y Uso de Suelo,Unidades (Miles o Personas)
Regionales,"Indicadores Económicos, Región de Los Lagos",F034.PVELL.STO.INE.Z.0.M,"Parque vehicular escolar, unidades",M,10,Los Lagos,UNKNOWN,No Especificado,Desarrollo Territorial y Uso de Suelo,Unidades (Miles o Personas)
Regionales,"Indicadores Económicos, Región de Aysén del General Carlos Ibáñez del Campo",F034.DARTAI.STO.INE.Z.0.M,"Desembarque artesanal, toneladas",M,11,Aysén,UNKNOWN,No Especificado,Otros Indicadores Regionales,Toneladas
Regionales,"Indicadores Económicos, Región de Aysén del General Carlos Ibáñez del Campo",F034.DINDAI.STO.INE.Z.0.M,"Desembarque industrial, toneladas",M,11,Aysén,04,Industria,Otros Indicadores Regionales,Toneladas
Regionales,"Indicadores Económicos, Región de Aysén del General Carlos Ibáñez del Campo",F034.SAHAI.FLU.INE.Z.0.M,"Superficie autorizada habitacional, m2",M,11,Aysén,UNKNOWN,No Especificado,Desarrollo Territorial y Uso de Suelo,Metros Cuadrados (m2)
Regionales,"Indicadores Económicos, Región de Aysén del General Carlos Ibáñez del Campo",F034.NVAAI.FLU.INE.Z.0.M,"Número de viviendas autorizadas, unidades",M,11,Aysén,06,Construcción,Desarrollo Territorial y Uso de Suelo,Unidades (Miles o Personas)
Regionales,"Indicadores Económicos, Región de Aysén del General Carlos Ibáñez del Campo",F034.SANHAI.FLU.INE.Z.0.M,"Superficie autorizada no habitacional, m2",M,11,Aysén,UNKNOWN,No Especificado,Desarrollo Territorial y Uso de Suelo,Metros Cuadrados (m2)
Regionales,"Indicadores Económicos, Región de Aysén del General Carlos Ibáñez del Campo",F034.ISUPPCAI.IND.INE.2014.0.M,"Índice de ventas de supermercados (ISUP) a precios constantes, índice",M,11,Aysén,07,"Comercio, restaurantes y hoteles",Transacciones y Ventas Locales,No Especificada
Regionales,"Indicadores Económicos, Región de Aysén del General Carlos Ibáñez del Campo",F034.ISUPVPCAI.FLU.INE.Z.0.M,"ISUP, ventas a precios corrientes, millones de pesos",M,11,Aysén,07,"Comercio, restaurantes y hoteles",Finanzas y Sistema Financiero Regional,Pesos Chilenos (CLP)
Regionales,"Indicadores Económicos, Región de Aysén del General Carlos Ibáñez del Campo",F034.ISUPNEAI.STO.INE.Z.0.M,"ISUP, número de establecimientos, unidades",M,11,Aysén,07,"Comercio, restaurantes y hoteles",Desarrollo Territorial y Uso de Suelo,Unidades (Miles o Personas)
Regionales,"Indicadores Económicos, Región de Aysén del General Carlos Ibáñez del Campo",F034.ISUPSEAI.STO.INE.Z.0.M,"ISUP, superficie establecimientos, m2",M,11,Aysén,07,"Comercio, restaurantes y hoteles",Desarrollo Territorial y Uso de Suelo,Metros Cuadrados (m2)
Regionales,"Indicadores Económicos, Región de Aysén del General Carlos Ibáñez del Campo",F034.ETPAI.FLU.INE.HIST17.0.M,"Encuesta mensual de alojamiento turístico (EMAT), pernoctaciones, unidades",M,11,Aysén,08,"Transporte, información y comunicaciones",Indicadores Sectoriales Corto Plazo,Unidades (Miles o Personas)
Regionales,"Indicadores Económicos, Región de Aysén del General Carlos Ibáñez del Campo",F034.ETLAI.FLU.INE.HIST17.0.M,"EMAT, llegadas, unidades",M,11,Aysén,05,"Electricidad, gas, agua y gestión de desechos",Indicadores Sectoriales Corto Plazo,Unidades (Miles o Personas)
Regionales,"Indicadores Económicos, Región de Aysén del General Carlos Ibáñez del Campo",F034.ETEMAI.STO.INE.HIST17.0.M,"EMAT, estancia media, noches",M,11,Aysén,08,"Transporte, información y comunicaciones",Indicadores Sectoriales Corto Plazo,No Especificada
Regionales,"Indicadores Económicos, Región de Aysén del General Carlos Ibáñez del Campo",F034.ETTOHAI.TAS.INE.HIST17.0.M,"EMAT, tasa de ocupación en habitaciones, porcentaje",M,11,Aysén,08,"Transporte, información y comunicaciones",Indicadores Sectoriales Corto Plazo,Porcentaje (%)
Regionales,"Indicadores Económicos, Región de Aysén del General Carlos Ibáñez del Campo",F034.ETOPAI.TAS.INE.HIST17.0.M,"EMAT, tasa de ocupación en plazas, porcentaje",M,11,Aysén,08,"Transporte, información y comunicaciones",Indicadores Sectoriales Corto Plazo,Porcentaje (%)
Regionales,"Indicadores Económicos, Región de Aysén del General Carlos Ibáñez del Campo",F034.ETADRAI.STO.INE.HIST17.0.M,"EMAT, ADR, pesos (Precio promedio por habitación ocupada)",M,11,Aysén,08,"Transporte, información y comunicaciones",Indicadores Sectoriales Corto Plazo,Pesos Chilenos (CLP)
Regionales,"Indicadores Económicos, Región de Aysén del General Carlos Ibáñez del Campo",F034.ETRPAI.STO.INE.HIST17.0.M,"EMAT, RevPAR, pesos (Rendimiento del ingreso por alojamiento)",M,11,Aysén,08,"Transporte, información y comunicaciones",Indicadores Sectoriales Corto Plazo,Pesos Chilenos (CLP)
Regionales,"Indicadores Económicos, Región de Aysén del General Carlos Ibáñez del Campo",F034.PVTAI.STO.INE.Z.0.M,"Parque vehicular taxis, unidades",M,11,Aysén,UNKNOWN,No Especificado,Desarrollo Territorial y Uso de Suelo,Unidades (Miles o Personas)
Regionales,"Indicadores Económicos, Región de Aysén del General Carlos Ibáñez del Campo",F034.PVBAI.STO.INE.Z.0.M,"Parque vehicular buses, unidades",M,11,Aysén,UNKNOWN,No Especificado,Desarrollo Territorial y Uso de Suelo,Unidades (Miles o Personas)
Regionales,"Indicadores Económicos, Región de Aysén del General Carlos Ibáñez del Campo",F034.PVMBAI.STO.INE.Z.0.M,"Parque vehicular minibuses, unidades",M,11,Aysén,UNKNOWN,No Especificado,Desarrollo Territorial y Uso de Suelo,Unidades (Miles o Personas)
Regionales,"Indicadores Económicos, Región de Aysén del General Carlos Ibáñez del Campo",F034.PVEAI.STO.INE.Z.0.M,"Parque vehicular escolar, unidades",M,11,Aysén,UNKNOWN,No Especificado,Desarrollo Territorial y Uso de Suelo,Unidades (Miles o Personas)
Regionales,"Indicadores Económicos, Región de Magallanes y de la Antártica Chilena",F034.DARTMA.STO.INE.Z.0.M,"Desembarque artesanal, toneladas",M,12,Magallanes,UNKNOWN,No Especificado,Otros Indicadores Regionales,Toneladas
Regionales,"Indicadores Económicos, Región de Magallanes y de la Antártica Chilena",F034.SAHMA.FLU.INE.Z.0.M,"Superficie autorizada habitacional, m2",M,12,Magallanes,UNKNOWN,No Especificado,Desarrollo Territorial y Uso de Suelo,Metros Cuadrados (m2)
Regionales,"Indicadores Económicos, Región de Magallanes y de la Antártica Chilena",F034.NVAMA.FLU.INE.Z.0.M,"Número de viviendas autorizadas, unidades",M,12,Magallanes,06,Construcción,Desarrollo Territorial y Uso de Suelo,Unidades (Miles o Personas)
Regionales,"Indicadores Económicos, Región de Magallanes y de la Antártica Chilena",F034.SANHMA.FLU.INE.Z.0.M,"Superficie autorizada no habitacional, m2",M,12,Magallanes,UNKNOWN,No Especificado,Desarrollo Territorial y Uso de Suelo,Metros Cuadrados (m2)
Regionales,"Indicadores Económicos, Región de Magallanes y de la Antártica Chilena",F034.ISUPPCMA.IND.INE.2014.0.M,"Índice de ventas de supermercados (ISUP) a precios constantes, índice",M,12,Magallanes,07,"Comercio, restaurantes y hoteles",Transacciones y Ventas Locales,No Especificada
Regionales,"Indicadores Económicos, Región de Magallanes y de la Antártica Chilena",F034.ISUPVPCMA.FLU.INE.Z.0.M,"ISUP, ventas a precios corrientes, millones de pesos",M,12,Magallanes,07,"Comercio, restaurantes y hoteles",Finanzas y Sistema Financiero Regional,Pesos Chilenos (CLP)
Regionales,"Indicadores Económicos, Región de Magallanes y de la Antártica Chilena",F034.ISUPNEMA.STO.INE.Z.0.M,"ISUP, número de establecimientos, unidades",M,12,Magallanes,07,"Comercio, restaurantes y hoteles",Desarrollo Territorial y Uso de Suelo,Unidades (Miles o Personas)
Regionales,"Indicadores Económicos, Región de Magallanes y de la Antártica Chilena",F034.ISUPSEMA.STO.INE.Z.0.M,"ISUP, superficie establecimientos, m2",M,12,Magallanes,07,"Comercio, restaurantes y hoteles",Desarrollo Territorial y Uso de Suelo,Metros Cuadrados (m2)
Regionales,"Indicadores Económicos, Región de Magallanes y de la Antártica Chilena",F034.ETPMA.FLU.INE.HIST17.0.M,"Encuesta mensual de alojamiento turístico (EMAT), pernoctaciones, unidades",M,12,Magallanes,08,"Transporte, información y comunicaciones",Indicadores Sectoriales Corto Plazo,Unidades (Miles o Personas)
Regionales,"Indicadores Económicos, Región de Magallanes y de la Antártica Chilena",F034.ETLMA.FLU.INE.HIST17.0.M,"EMAT, llegadas, unidades",M,12,Magallanes,05,"Electricidad, gas, agua y gestión de desechos",Indicadores Sectoriales Corto Plazo,Unidades (Miles o Personas)
Regionales,"Indicadores Económicos, Región de Magallanes y de la Antártica Chilena",F034.ETEMMA.STO.INE.HIST17.0.M,"EMAT, estancia media, noches",M,12,Magallanes,08,"Transporte, información y comunicaciones",Indicadores Sectoriales Corto Plazo,No Especificada
Regionales,"Indicadores Económicos, Región de Magallanes y de la Antártica Chilena",F034.ETTOHMA.TAS.INE.HIST17.0.M,"EMAT, tasa de ocupación en habitaciones, porcentaje",M,12,Magallanes,08,"Transporte, información y comunicaciones",Indicadores Sectoriales Corto Plazo,Porcentaje (%)
Regionales,"Indicadores Económicos, Región de Magallanes y de la Antártica Chilena",F034.ETOPMA.TAS.INE.HIST17.0.M,"EMAT, tasa de ocupación en plazas, porcentaje",M,12,Magallanes,08,"Transporte, información y comunicaciones",Indicadores Sectoriales Corto Plazo,Porcentaje (%)
Regionales,"Indicadores Económicos, Región de Magallanes y de la Antártica Chilena",F034.ETADRMA.STO.INE.HIST17.0.M,"EMAT, ADR, pesos (Precio promedio por habitación ocupada)",M,12,Magallanes,08,"Transporte, información y comunicaciones",Indicadores Sectoriales Corto Plazo,Pesos Chilenos (CLP)
Regionales,"Indicadores Económicos, Región de Magallanes y de la Antártica Chilena",F034.ETRPMA.STO.INE.HIST17.0.M,"EMAT, RevPAR, pesos (Rendimiento del ingreso por alojamiento)",M,12,Magallanes,08,"Transporte, información y comunicaciones",Indicadores Sectoriales Corto Plazo,Pesos Chilenos (CLP)
Regionales,"Indicadores Económicos, Región de Magallanes y de la Antártica Chilena",F034.PVTMA.STO.INE.Z.0.M,"Parque vehicular taxis, unidades",M,12,Magallanes,UNKNOWN,No Especificado,Desarrollo Territorial y Uso de Suelo,Unidades (Miles o Personas)
Regionales,"Indicadores Económicos, Región de Magallanes y de la Antártica Chilena",F034.PVBMA.STO.INE.Z.0.M,"Parque vehicular buses, unidades",M,12,Magallanes,UNKNOWN,No Especificado,Desarrollo Territorial y Uso de Suelo,Unidades (Miles o Personas)
Regionales,"Indicadores Económicos, Región de Magallanes y de la Antártica Chilena",F034.PVMBMA.STO.INE.Z.0.M,"Parque vehicular minibuses, unidades",M,12,Magallanes,UNKNOWN,No Especificado,Desarrollo Territorial y Uso de Suelo,Unidades (Miles o Personas)
Regionales,"Indicadores Económicos, Región de Magallanes y de la Antártica Chilena",F034.PVEMA.STO.INE.Z.0.M,"Parque vehicular escolar, unidades",M,12,Magallanes,UNKNOWN,No Especificado,Desarrollo Territorial y Uso de Suelo,Unidades (Miles o Personas)
Regionales,"Tenencia y saldos en cuentas corrientes y vista, Región de Arica y Parinacota",F022.CCPNAP.STO.Z.Z.Z.M,Número de cuentas corrientes de personas naturales en moneda nacional,M,15,Arica y Parinacota,10,Servicios de vivienda e inmobiliarios,Finanzas y Sistema Financiero Regional,Unidades (Número de Cuentas)
Regionales,"Tenencia y saldos en cuentas corrientes y vista, Región de Arica y Parinacota",F022.SCCPNAP.STO.Z.Z.CLP.M,Saldo promedio de cuentas corrientes de personas naturales en moneda nacional (en pesos),M,15,Arica y Parinacota,10,Servicios de vivienda e inmobiliarios,Finanzas y Sistema Financiero Regional,Unidades (Número de Cuentas)
Regionales,"Tenencia y saldos en cuentas corrientes y vista, Región de Arica y Parinacota",F022.CCPEAP.STO.Z.Z.Z.M,Número de cuentas corrientes de personas naturales en moneda extranjera,M,15,Arica y Parinacota,10,Servicios de vivienda e inmobiliarios,Finanzas y Sistema Financiero Regional,Unidades (Número de Cuentas)
Regionales,"Tenencia y saldos en cuentas corrientes y vista, Región de Arica y Parinacota",F022.SCCPEAP.STO.Z.Z.CLP.M,Saldo promedio de cuentas corrientes de personas naturales en moneda extranjera (en pesos),M,15,Arica y Parinacota,10,Servicios de vivienda e inmobiliarios,Finanzas y Sistema Financiero Regional,Unidades (Número de Cuentas)
Regionales,"Tenencia y saldos en cuentas corrientes y vista, Región de Arica y Parinacota",F022.SDVAP.STO.Z.Z.CLP.M,Saldo de cuentas a la vista (en millones de pesos),M,15,Arica y Parinacota,10,Servicios de vivienda e inmobiliarios,Finanzas y Sistema Financiero Regional,Unidades (Número de Cuentas)
Regionales,"Tenencia y saldos en cuentas corrientes y vista, Región de Tarapacá",F022.CCPNTA.STO.Z.Z.Z.M,Número de cuentas corrientes de personas naturales en moneda nacional,M,01,Tarapacá,10,Servicios de vivienda e inmobiliarios,Finanzas y Sistema Financiero Regional,Unidades (Número de Cuentas)
Regionales,"Tenencia y saldos en cuentas corrientes y vista, Región de Tarapacá",F022.SCCPNTA.STO.Z.Z.CLP.M,Saldo promedio de cuentas corrientes de personas naturales en moneda nacional (en pesos),M,01,Tarapacá,10,Servicios de vivienda e inmobiliarios,Finanzas y Sistema Financiero Regional,Unidades (Número de Cuentas)
Regionales,"Tenencia y saldos en cuentas corrientes y vista, Región de Tarapacá",F022.CCPETA.STO.Z.Z.Z.M,Número de cuentas corrientes de personas naturales en moneda extranjera,M,01,Tarapacá,10,Servicios de vivienda e inmobiliarios,Finanzas y Sistema Financiero Regional,Unidades (Número de Cuentas)
Regionales,"Tenencia y saldos en cuentas corrientes y vista, Región de Tarapacá",F022.SCCPETA.STO.Z.Z.CLP.M,Saldo promedio de cuentas corrientes de personas naturales en moneda extranjera (en pesos),M,01,Tarapacá,10,Servicios de vivienda e inmobiliarios,Finanzas y Sistema Financiero Regional,Unidades (Número de Cuentas)
Regionales,"Tenencia y saldos en cuentas corrientes y vista, Región de Tarapacá",F022.SDVTA.STO.Z.Z.CLP.M,Saldo de cuentas a la vista  (en millones de pesos),M,01,Tarapacá,10,Servicios de vivienda e inmobiliarios,Finanzas y Sistema Financiero Regional,Unidades (Número de Cuentas)
Regionales,"Tenencia y saldos en cuentas corrientes y vista, Región de Antofagasta",F022.CCPNAN.STO.Z.Z.Z.M,Número de cuentas corrientes de personas naturales en moneda nacional,M,02,Antofagasta,05,"Electricidad, gas, agua y gestión de desechos",Finanzas y Sistema Financiero Regional,Unidades (Número de Cuentas)
Regionales,"Tenencia y saldos en cuentas corrientes y vista, Región de Antofagasta",F022.SCCPNAN.STO.Z.Z.CLP.M,Saldo promedio de cuentas corrientes de personas naturales en moneda nacional (en pesos),M,02,Antofagasta,05,"Electricidad, gas, agua y gestión de desechos",Finanzas y Sistema Financiero Regional,Unidades (Número de Cuentas)
Regionales,"Tenencia y saldos en cuentas corrientes y vista, Región de Antofagasta",F022.CCPEAN.STO.Z.Z.Z.M,Número de cuentas corrientes de personas naturales en moneda extranjera,M,02,Antofagasta,05,"Electricidad, gas, agua y gestión de desechos",Finanzas y Sistema Financiero Regional,Unidades (Número de Cuentas)
Regionales,"Tenencia y saldos en cuentas corrientes y vista, Región de Antofagasta",F022.SCCPEAN.STO.Z.Z.CLP.M,Saldo promedio de cuentas corrientes de personas naturales en moneda extranjera (en pesos),M,02,Antofagasta,05,"Electricidad, gas, agua y gestión de desechos",Finanzas y Sistema Financiero Regional,Unidades (Número de Cuentas)
Regionales,"Tenencia y saldos en cuentas corrientes y vista, Región de Antofagasta",F022.SDVAN.STO.Z.Z.CLP.M,Saldo de cuentas a la vista (en millones de pesos),M,02,Antofagasta,05,"Electricidad, gas, agua y gestión de desechos",Finanzas y Sistema Financiero Regional,Unidades (Número de Cuentas)
Regionales,"Tenencia y saldos en cuentas corrientes y vista, Región de Atacama",F022.CCPNAT.STO.Z.Z.Z.M,Número de cuentas corrientes de personas naturales en moneda nacional,M,03,Atacama,10,Servicios de vivienda e inmobiliarios,Finanzas y Sistema Financiero Regional,Unidades (Número de Cuentas)
Regionales,"Tenencia y saldos en cuentas corrientes y vista, Región de Atacama",F022.SCCPNAT.STO.Z.Z.CLP.M,Saldo promedio de cuentas corrientes de personas naturales en moneda nacional (en pesos),M,03,Atacama,10,Servicios de vivienda e inmobiliarios,Finanzas y Sistema Financiero Regional,Unidades (Número de Cuentas)
Regionales,"Tenencia y saldos en cuentas corrientes y vista, Región de Atacama",F022.CCPEAT.STO.Z.Z.Z.M,Número de cuentas corrientes de personas naturales en moneda extranjera,M,03,Atacama,10,Servicios de vivienda e inmobiliarios,Finanzas y Sistema Financiero Regional,Unidades (Número de Cuentas)
Regionales,"Tenencia y saldos en cuentas corrientes y vista, Región de Atacama",F022.SCCPEAT.STO.Z.Z.CLP.M,Saldo promedio de cuentas corrientes de personas naturales en moneda extranjera (en pesos),M,03,Atacama,10,Servicios de vivienda e inmobiliarios,Finanzas y Sistema Financiero Regional,Unidades (Número de Cuentas)
Regionales,"Tenencia y saldos en cuentas corrientes y vista, Región de Atacama",F022.SDVAT.STO.Z.Z.CLP.M,Saldo de cuentas a la vista (millones de pesos),M,03,Atacama,10,Servicios de vivienda e inmobiliarios,Finanzas y Sistema Financiero Regional,Unidades (Número de Cuentas)
Regionales,"Tenencia y saldos en cuentas corrientes y vista, Región de Coquimbo",F022.CCPNCO.STO.Z.Z.Z.M,Número de cuentas corrientes de personas naturales en moneda nacional,M,04,Coquimbo,10,Servicios de vivienda e inmobiliarios,Finanzas y Sistema Financiero Regional,Unidades (Número de Cuentas)
Regionales,"Tenencia y saldos en cuentas corrientes y vista, Región de Coquimbo",F022.SCCPNCO.STO.Z.Z.CLP.M,Saldo promedio de cuentas corrientes de personas naturales en moneda nacional (en pesos),M,04,Coquimbo,10,Servicios de vivienda e inmobiliarios,Finanzas y Sistema Financiero Regional,Unidades (Número de Cuentas)
Regionales,"Tenencia y saldos en cuentas corrientes y vista, Región de Coquimbo",F022.CCPECO.STO.Z.Z.Z.M,Número de cuentas corrientes de personas naturales en moneda extranjera,M,04,Coquimbo,10,Servicios de vivienda e inmobiliarios,Finanzas y Sistema Financiero Regional,Unidades (Número de Cuentas)
Regionales,"Tenencia y saldos en cuentas corrientes y vista, Región de Coquimbo",F022.SCCPECO.STO.Z.Z.CLP.M,Saldo promedio de cuentas corrientes de personas naturales en moneda extranjera (en pesos),M,04,Coquimbo,10,Servicios de vivienda e inmobiliarios,Finanzas y Sistema Financiero Regional,Unidades (Número de Cuentas)
Regionales,"Tenencia y saldos en cuentas corrientes y vista, Región de Coquimbo",F022.SDVCO.STO.Z.Z.CLP.M,Saldo de cuentas a la vista (en millones de pesos),M,04,Coquimbo,10,Servicios de vivienda e inmobiliarios,Finanzas y Sistema Financiero Regional,Unidades (Número de Cuentas)
Regionales,"Tenencia y saldos en cuentas corrientes y vista, Región de Valparaíso",F022.CCPNVA.STO.Z.Z.Z.M,Número de cuentas corrientes de personas naturales en moneda nacional,M,05,Valparaíso,10,Servicios de vivienda e inmobiliarios,Finanzas y Sistema Financiero Regional,Unidades (Número de Cuentas)
Regionales,"Tenencia y saldos en cuentas corrientes y vista, Región de Valparaíso",F022.SCCPNVA.STO.Z.Z.CLP.M,Saldo promedio de cuentas corrientes de personas naturales en moneda nacional (en pesos),M,05,Valparaíso,10,Servicios de vivienda e inmobiliarios,Finanzas y Sistema Financiero Regional,Unidades (Número de Cuentas)
Regionales,"Tenencia y saldos en cuentas corrientes y vista, Región de Valparaíso",F022.CCPEVA.STO.Z.Z.Z.M,Número de cuentas corrientes de personas naturales en moneda extranjera,M,05,Valparaíso,10,Servicios de vivienda e inmobiliarios,Finanzas y Sistema Financiero Regional,Unidades (Número de Cuentas)
Regionales,"Tenencia y saldos en cuentas corrientes y vista, Región de Valparaíso",F022.SCCPEVA.STO.Z.Z.CLP.M,Saldo promedio de cuentas corrientes de personas naturales en moneda extranjera (en pesos),M,05,Valparaíso,10,Servicios de vivienda e inmobiliarios,Finanzas y Sistema Financiero Regional,Unidades (Número de Cuentas)
Regionales,"Tenencia y saldos en cuentas corrientes y vista, Región de Valparaíso",F022.SDVVA.STO.Z.Z.CLP.M,Saldo de cuentas a la vista (en millones de pesos),M,05,Valparaíso,10,Servicios de vivienda e inmobiliarios,Finanzas y Sistema Financiero Regional,Unidades (Número de Cuentas)
Regionales,"Tenencia y saldos en cuentas corrientes y vista, Región Metropolitana de Santiago",F022.CCPNRM.STO.Z.Z.Z.M,Número de cuentas corrientes de personas naturales en moneda nacional,M,13,Metropolitana de Santiago,10,Servicios de vivienda e inmobiliarios,Finanzas y Sistema Financiero Regional,Unidades (Número de Cuentas)
Regionales,"Tenencia y saldos en cuentas corrientes y vista, Región Metropolitana de Santiago",F022.SCCPNRM.STO.Z.Z.CLP.M,Saldo promedio de cuentas corrientes de personas naturales en moneda nacional (en pesos),M,13,Metropolitana de Santiago,10,Servicios de vivienda e inmobiliarios,Finanzas y Sistema Financiero Regional,Unidades (Número de Cuentas)
Regionales,"Tenencia y saldos en cuentas corrientes y vista, Región Metropolitana de Santiago",F022.CCPERM.STO.Z.Z.Z.M,Número de cuentas corrientes de personas naturales en moneda extranjera,M,13,Metropolitana de Santiago,10,Servicios de vivienda e inmobiliarios,Finanzas y Sistema Financiero Regional,Unidades (Número de Cuentas)
Regionales,"Tenencia y saldos en cuentas corrientes y vista, Región Metropolitana de Santiago",F022.SCCPERM.STO.Z.Z.CLP.M,Saldo promedio de cuentas corrientes de personas naturales en moneda extranjera (en pesos),M,13,Metropolitana de Santiago,10,Servicios de vivienda e inmobiliarios,Finanzas y Sistema Financiero Regional,Unidades (Número de Cuentas)
Regionales,"Tenencia y saldos en cuentas corrientes y vista, Región Metropolitana de Santiago",F022.SDVRM.STO.Z.Z.CLP.M,Saldo de cuentas a la vista (en millones de pesos),M,13,Metropolitana de Santiago,10,Servicios de vivienda e inmobiliarios,Finanzas y Sistema Financiero Regional,Unidades (Número de Cuentas)
Regionales,"Tenencia y saldos en cuentas corrientes y vista, Región del Libertador General Bernardo O'Higgins",F022.CCPNLI.STO.Z.Z.Z.M,Número de cuentas corrientes de personas naturales en moneda nacional,M,06,O'Higgins,10,Servicios de vivienda e inmobiliarios,Finanzas y Sistema Financiero Regional,Unidades (Número de Cuentas)
Regionales,"Tenencia y saldos en cuentas corrientes y vista, Región del Libertador General Bernardo O'Higgins",F022.SCCPNLI.STO.Z.Z.CLP.M,Saldo promedio de cuentas corrientes de personas naturales en moneda nacional (en pesos),M,06,O'Higgins,10,Servicios de vivienda e inmobiliarios,Finanzas y Sistema Financiero Regional,Unidades (Número de Cuentas)
Regionales,"Tenencia y saldos en cuentas corrientes y vista, Región del Libertador General Bernardo O'Higgins",F022.CCPELI.STO.Z.Z.Z.M,Número de cuentas corrientes de personas naturales en moneda extranjera,M,06,O'Higgins,10,Servicios de vivienda e inmobiliarios,Finanzas y Sistema Financiero Regional,Unidades (Número de Cuentas)
Regionales,"Tenencia y saldos en cuentas corrientes y vista, Región del Libertador General Bernardo O'Higgins",F022.SCCPELI.STO.Z.Z.CLP.M,Saldo promedio de cuentas corrientes de personas naturales en moneda extranjera (en pesos),M,06,O'Higgins,10,Servicios de vivienda e inmobiliarios,Finanzas y Sistema Financiero Regional,Unidades (Número de Cuentas)
Regionales,"Tenencia y saldos en cuentas corrientes y vista, Región del Libertador General Bernardo O'Higgins",F022.SDVLI.STO.Z.Z.CLP.M,Saldo de cuentas a la vista (en millones de pesos),M,06,O'Higgins,10,Servicios de vivienda e inmobiliarios,Finanzas y Sistema Financiero Regional,Unidades (Número de Cuentas)
Regionales,"Tenencia y saldos en cuentas corrientes y vista, Región del Maule",F022.CCPNML.STO.Z.Z.Z.M,Número de cuentas corrientes de personas naturales en moneda nacional,M,07,Maule,10,Servicios de vivienda e inmobiliarios,Finanzas y Sistema Financiero Regional,Unidades (Número de Cuentas)
Regionales,"Tenencia y saldos en cuentas corrientes y vista, Región del Maule",F022.SCCPNML.STO.Z.Z.CLP.M,Saldo promedio de cuentas corrientes de personas naturales en moneda nacional (en pesos),M,07,Maule,10,Servicios de vivienda e inmobiliarios,Finanzas y Sistema Financiero Regional,Unidades (Número de Cuentas)
Regionales,"Tenencia y saldos en cuentas corrientes y vista, Región del Maule",F022.CCPEML.STO.Z.Z.Z.M,Número de cuentas corrientes de personas naturales en moneda extranjera,M,07,Maule,10,Servicios de vivienda e inmobiliarios,Finanzas y Sistema Financiero Regional,Unidades (Número de Cuentas)
Regionales,"Tenencia y saldos en cuentas corrientes y vista, Región del Maule",F022.SCCPEML.STO.Z.Z.CLP.M,Saldo promedio de cuentas corrientes de personas naturales en moneda extranjera (en pesos),M,07,Maule,10,Servicios de vivienda e inmobiliarios,Finanzas y Sistema Financiero Regional,Unidades (Número de Cuentas)
Regionales,"Tenencia y saldos en cuentas corrientes y vista, Región del Maule",F022.SDVML.STO.Z.Z.CLP.M,Saldo de cuentas a la vista (en millones de pesos),M,07,Maule,10,Servicios de vivienda e inmobiliarios,Finanzas y Sistema Financiero Regional,Unidades (Número de Cuentas)
Regionales,"Tenencia y saldos en cuentas corrientes y vista, Región del Biobío",F022.CCPNBI.STO.Z.Z.Z.M,Número de cuentas corrientes de personas naturales en moneda nacional,M,08,Biobío,10,Servicios de vivienda e inmobiliarios,Finanzas y Sistema Financiero Regional,Unidades (Número de Cuentas)
Regionales,"Tenencia y saldos en cuentas corrientes y vista, Región del Biobío",F022.SCCPNBI.STO.Z.Z.CLP.M,Saldo promedio de cuentas corrientes de personas naturales en moneda nacional (en pesos),M,08,Biobío,10,Servicios de vivienda e inmobiliarios,Finanzas y Sistema Financiero Regional,Unidades (Número de Cuentas)
Regionales,"Tenencia y saldos en cuentas corrientes y vista, Región del Biobío",F022.CCPEBI.STO.Z.Z.Z.M,Número de cuentas corrientes de personas naturales en moneda extranjera,M,08,Biobío,10,Servicios de vivienda e inmobiliarios,Finanzas y Sistema Financiero Regional,Unidades (Número de Cuentas)
Regionales,"Tenencia y saldos en cuentas corrientes y vista, Región del Biobío",F022.SCCPEBI.STO.Z.Z.CLP.M,Saldo promedio de cuentas corrientes de personas naturales en moneda extranjera (en pesos),M,08,Biobío,10,Servicios de vivienda e inmobiliarios,Finanzas y Sistema Financiero Regional,Unidades (Número de Cuentas)
Regionales,"Tenencia y saldos en cuentas corrientes y vista, Región del Biobío",F022.SDVBI.STO.Z.Z.CLP.M,Saldo de cuentas a la vista (en millones de pesos),M,08,Biobío,10,Servicios de vivienda e inmobiliarios,Finanzas y Sistema Financiero Regional,Unidades (Número de Cuentas)
Regionales,"Tenencia y saldos en cuentas corrientes y vista, Región de Ñuble",F022.CCPNNB.STO.Z.Z.Z.M,Número de cuentas corrientes de personas naturales en moneda nacional,M,16,Ñuble,10,Servicios de vivienda e inmobiliarios,Finanzas y Sistema Financiero Regional,Unidades (Número de Cuentas)
Regionales,"Tenencia y saldos en cuentas corrientes y vista, Región de Ñuble",F022.SCCPNNB.STO.Z.Z.CLP.M,Saldo promedio de cuentas corrientes de personas naturales en moneda nacional (en pesos),M,16,Ñuble,10,Servicios de vivienda e inmobiliarios,Finanzas y Sistema Financiero Regional,Unidades (Número de Cuentas)
Regionales,"Tenencia y saldos en cuentas corrientes y vista, Región de Ñuble",F022.CCPENB.STO.Z.Z.Z.M,Número de cuentas corrientes de personas naturales en moneda extranjera,M,16,Ñuble,10,Servicios de vivienda e inmobiliarios,Finanzas y Sistema Financiero Regional,Unidades (Número de Cuentas)
Regionales,"Tenencia y saldos en cuentas corrientes y vista, Región de Ñuble",F022.SCCPENB.STO.Z.Z.CLP.M,Saldo promedio de cuentas corrientes de personas naturales en moneda extranjera (en pesos),M,16,Ñuble,10,Servicios de vivienda e inmobiliarios,Finanzas y Sistema Financiero Regional,Unidades (Número de Cuentas)
Regionales,"Tenencia y saldos en cuentas corrientes y vista, Región de Ñuble",F022.SDVNB.STO.Z.Z.CLP.M,Saldo de cuentas a la vista por región (en millones de pesos),M,16,Ñuble,10,Servicios de vivienda e inmobiliarios,Finanzas y Sistema Financiero Regional,Unidades (Número de Cuentas)
Regionales,"Tenencia y saldos en cuentas corrientes y vista, Región de La Araucanía",F022.CCPNAR.STO.Z.Z.Z.M,Número de cuentas corrientes de personas naturales en moneda nacional,M,09,La Araucanía,10,Servicios de vivienda e inmobiliarios,Finanzas y Sistema Financiero Regional,Unidades (Número de Cuentas)
Regionales,"Tenencia y saldos en cuentas corrientes y vista, Región de La Araucanía",F022.SCCPNAR.STO.Z.Z.CLP.M,Saldo promedio de cuentas corrientes de personas naturales en moneda nacional (en pesos),M,09,La Araucanía,10,Servicios de vivienda e inmobiliarios,Finanzas y Sistema Financiero Regional,Unidades (Número de Cuentas)
Regionales,"Tenencia y saldos en cuentas corrientes y vista, Región de La Araucanía",F022.CCPEAR.STO.Z.Z.Z.M,Número de cuentas corrientes de personas naturales en moneda extranjera,M,09,La Araucanía,10,Servicios de vivienda e inmobiliarios,Finanzas y Sistema Financiero Regional,Unidades (Número de Cuentas)
Regionales,"Tenencia y saldos en cuentas corrientes y vista, Región de La Araucanía",F022.SCCPEAR.STO.Z.Z.CLP.M,Saldo promedio de cuentas corrientes de personas naturales en moneda extranjera (en pesos),M,09,La Araucanía,10,Servicios de vivienda e inmobiliarios,Finanzas y Sistema Financiero Regional,Unidades (Número de Cuentas)
Regionales,"Tenencia y saldos en cuentas corrientes y vista, Región de La Araucanía",F022.SDVAR.STO.Z.Z.CLP.M,Saldo de cuentas a la vista (en millones de pesos),M,09,La Araucanía,10,Servicios de vivienda e inmobiliarios,Finanzas y Sistema Financiero Regional,Unidades (Número de Cuentas)
Regionales,"Tenencia y saldos en cuentas corrientes y vista, Región de Los Lagos",F022.CCPNLL.STO.Z.Z.Z.M,Número de cuentas corrientes de personas naturales en moneda nacional,M,10,Los Lagos,10,Servicios de vivienda e inmobiliarios,Finanzas y Sistema Financiero Regional,Unidades (Número de Cuentas)
Regionales,"Tenencia y saldos en cuentas corrientes y vista, Región de Los Lagos",F022.SCCPNLL.STO.Z.Z.CLP.M,Saldo promedio de cuentas corrientes de personas naturales en moneda nacional (en pesos),M,10,Los Lagos,10,Servicios de vivienda e inmobiliarios,Finanzas y Sistema Financiero Regional,Unidades (Número de Cuentas)
Regionales,"Tenencia y saldos en cuentas corrientes y vista, Región de Los Lagos",F022.CCPELL.STO.Z.Z.Z.M,Número de cuentas corrientes de personas naturales en moneda extranjera,M,10,Los Lagos,10,Servicios de vivienda e inmobiliarios,Finanzas y Sistema Financiero Regional,Unidades (Número de Cuentas)
Regionales,"Tenencia y saldos en cuentas corrientes y vista, Región de Los Lagos",F022.SCCPELL.STO.Z.Z.CLP.M,Saldo promedio de cuentas corrientes de personas naturales en moneda extranjera (en pesos),M,10,Los Lagos,10,Servicios de vivienda e inmobiliarios,Finanzas y Sistema Financiero Regional,Unidades (Número de Cuentas)
Regionales,"Tenencia y saldos en cuentas corrientes y vista, Región de Los Lagos",F022.SDVLL.STO.Z.Z.CLP.M,Saldo de cuentas a la vista por región (en millones de pesos),M,10,Los Lagos,10,Servicios de vivienda e inmobiliarios,Finanzas y Sistema Financiero Regional,Unidades (Número de Cuentas)
Regionales,"Tenencia y saldos en cuentas corrientes y vista, Región de Los Ríos",F022.CCPNLR.STO.Z.Z.Z.M,Número de cuentas corrientes de personas naturales en moneda nacional,M,14,Los Ríos,10,Servicios de vivienda e inmobiliarios,Finanzas y Sistema Financiero Regional,Unidades (Número de Cuentas)
Regionales,"Tenencia y saldos en cuentas corrientes y vista, Región de Los Ríos",F022.SCCPNLR.STO.Z.Z.CLP.M,Saldo promedio de cuentas corrientes de personas naturales en moneda nacional (en pesos),M,14,Los Ríos,10,Servicios de vivienda e inmobiliarios,Finanzas y Sistema Financiero Regional,Unidades (Número de Cuentas)
Regionales,"Tenencia y saldos en cuentas corrientes y vista, Región de Los Ríos",F022.CCPELR.STO.Z.Z.Z.M,Número de cuentas corrientes de personas naturales en moneda extranjera,M,14,Los Ríos,10,Servicios de vivienda e inmobiliarios,Finanzas y Sistema Financiero Regional,Unidades (Número de Cuentas)
Regionales,"Tenencia y saldos en cuentas corrientes y vista, Región de Los Ríos",F022.SCCPELR.STO.Z.Z.CLP.M,Saldo promedio de cuentas corrientes de personas naturales en moneda extranjera (en pesos),M,14,Los Ríos,10,Servicios de vivienda e inmobiliarios,Finanzas y Sistema Financiero Regional,Unidades (Número de Cuentas)
Regionales,"Tenencia y saldos en cuentas corrientes y vista, Región de Los Ríos",F022.SDVLR.STO.Z.Z.CLP.M,Saldo de cuentas a la vista (en millones de pesos),M,14,Los Ríos,10,Servicios de vivienda e inmobiliarios,Finanzas y Sistema Financiero Regional,Unidades (Número de Cuentas)
Regionales,"Tenencia y saldos en cuentas corrientes y vista, Región de Aysén del General Carlos Ibáñez del Campo",F022.CCPNAI.STO.Z.Z.Z.M,Número de cuentas corrientes de personas naturales en moneda nacional,M,11,Aysén,10,Servicios de vivienda e inmobiliarios,Finanzas y Sistema Financiero Regional,Unidades (Número de Cuentas)
Regionales,"Tenencia y saldos en cuentas corrientes y vista, Región de Aysén del General Carlos Ibáñez del Campo",F022.SCCPNAI.STO.Z.Z.CLP.M,Saldo promedio de cuentas corrientes de personas naturales en moneda nacional (en pesos),M,11,Aysén,10,Servicios de vivienda e inmobiliarios,Finanzas y Sistema Financiero Regional,Unidades (Número de Cuentas)
Regionales,"Tenencia y saldos en cuentas corrientes y vista, Región de Aysén del General Carlos Ibáñez del Campo",F022.CCPEAI.STO.Z.Z.Z.M,Número de cuentas corrientes de personas naturales en moneda extranjera,M,11,Aysén,10,Servicios de vivienda e inmobiliarios,Finanzas y Sistema Financiero Regional,Unidades (Número de Cuentas)
Regionales,"Tenencia y saldos en cuentas corrientes y vista, Región de Aysén del General Carlos Ibáñez del Campo",F022.SCCPEAI.STO.Z.Z.CLP.M,Saldo promedio de cuentas corrientes de personas naturales en moneda extranjera (en pesos),M,11,Aysén,10,Servicios de vivienda e inmobiliarios,Finanzas y Sistema Financiero Regional,Unidades (Número de Cuentas)
Regionales,"Tenencia y saldos en cuentas corrientes y vista, Región de Aysén del General Carlos Ibáñez del Campo",F022.SDVAI.STO.Z.Z.CLP.M,Saldo de cuentas a la vista por región (en millones de pesos),M,11,Aysén,10,Servicios de vivienda e inmobiliarios,Finanzas y Sistema Financiero Regional,Unidades (Número de Cuentas)
Regionales,"Tenencia y saldos en cuentas corrientes y vista, Región de Magallanes y de la Antártica Chilena",F022.CCPNMA.STO.Z.Z.Z.M,Número de cuentas corrientes de personas naturales en moneda nacional,M,12,Magallanes,10,Servicios de vivienda e inmobiliarios,Finanzas y Sistema Financiero Regional,Unidades (Número de Cuentas)
Regionales,"Tenencia y saldos en cuentas corrientes y vista, Región de Magallanes y de la Antártica Chilena",F022.SCCPNMA.STO.Z.Z.CLP.M,Saldo promedio de cuentas corrientes de personas naturales en moneda nacional (en pesos),M,12,Magallanes,10,Servicios de vivienda e inmobiliarios,Finanzas y Sistema Financiero Regional,Unidades (Número de Cuentas)
Regionales,"Tenencia y saldos en cuentas corrientes y vista, Región de Magallanes y de la Antártica Chilena",F022.CCPEMA.STO.Z.Z.Z.M,Número de cuentas corrientes de personas naturales en moneda extranjera,M,12,Magallanes,10,Servicios de vivienda e inmobiliarios,Finanzas y Sistema Financiero Regional,Unidades (Número de Cuentas)
Regionales,"Tenencia y saldos en cuentas corrientes y vista, Región de Magallanes y de la Antártica Chilena",F022.SCCPEMA.STO.Z.Z.CLP.M,Saldo promedio de cuentas corrientes de personas naturales en moneda extranjera (en pesos),M,12,Magallanes,10,Servicios de vivienda e inmobiliarios,Finanzas y Sistema Financiero Regional,Unidades (Número de Cuentas)
Regionales,"Tenencia y saldos en cuentas corrientes y vista, Región de Magallanes y de la Antártica Chilena",F022.SDVMA.STO.Z.Z.CLP.M,Saldo de cuentas a la vista (en millones de pesos),M,12,Magallanes,10,Servicios de vivienda e inmobiliarios,Finanzas y Sistema Financiero Regional,Unidades (Número de Cuentas)
Regionales,"Porcentaje de deuda por cartera, Región de Arica y Parinacota",F022.DCM90AP.TAS.Z.Z.Z.M,Deuda comercial con mora de 90 días o más,M,15,Arica y Parinacota,10,Servicios de vivienda e inmobiliarios,Finanzas y Sistema Financiero Regional,Porcentaje (%)
Regionales,"Porcentaje de deuda por cartera, Región de Arica y Parinacota",F022.DCS90AP.TAS.Z.Z.Z.M,Deuda consumo con mora de 90 días o más,M,15,Arica y Parinacota,10,Servicios de vivienda e inmobiliarios,Finanzas y Sistema Financiero Regional,Porcentaje (%)
Regionales,"Porcentaje de deuda por cartera, Región de Arica y Parinacota",F022.DV90AP.TAS.Z.Z.Z.M,Deuda vivienda con mora de 90 días o más,M,15,Arica y Parinacota,06,Construcción,Finanzas y Sistema Financiero Regional,Porcentaje (%)
Regionales,"Porcentaje de deuda por cartera, Región de Tarapacá",F022.DCM90TA.TAS.Z.Z.Z.M,Deuda comercial con mora de 90 días o más,M,01,Tarapacá,10,Servicios de vivienda e inmobiliarios,Finanzas y Sistema Financiero Regional,Porcentaje (%)
Regionales,"Porcentaje de deuda por cartera, Región de Tarapacá",F022.DCS90TA.TAS.Z.Z.Z.M,Deuda consumo con mora de 90 días o más,M,01,Tarapacá,10,Servicios de vivienda e inmobiliarios,Finanzas y Sistema Financiero Regional,Porcentaje (%)
Regionales,"Porcentaje de deuda por cartera, Región de Tarapacá",F022.DV90TA.TAS.Z.Z.Z.M,Deuda vivienda con mora de 90 días o más,M,01,Tarapacá,06,Construcción,Finanzas y Sistema Financiero Regional,Porcentaje (%)
Regionales,"Porcentaje de deuda por cartera, Región de Antofagasta",F022.DCM90AN.TAS.Z.Z.Z.M,Deuda comercial con mora de 90 días o más,M,02,Antofagasta,05,"Electricidad, gas, agua y gestión de desechos",Finanzas y Sistema Financiero Regional,Porcentaje (%)
Regionales,"Porcentaje de deuda por cartera, Región de Antofagasta",F022.DCS90AN.TAS.Z.Z.Z.M,Deuda consumo con mora de 90 días o más,M,02,Antofagasta,05,"Electricidad, gas, agua y gestión de desechos",Finanzas y Sistema Financiero Regional,Porcentaje (%)
Regionales,"Porcentaje de deuda por cartera, Región de Antofagasta",F022.DV90AN.TAS.Z.Z.Z.M,Deuda vivienda con mora de 90 días o más,M,02,Antofagasta,05,"Electricidad, gas, agua y gestión de desechos",Finanzas y Sistema Financiero Regional,Porcentaje (%)
Regionales,"Porcentaje de deuda por cartera, Región de Atacama",F022.DCM90AT.TAS.Z.Z.Z.M,Deuda comercial con mora de 90 días o más,M,03,Atacama,10,Servicios de vivienda e inmobiliarios,Finanzas y Sistema Financiero Regional,Porcentaje (%)
Regionales,"Porcentaje de deuda por cartera, Región de Atacama",F022.DCS90AT.TAS.Z.Z.Z.M,Deuda consumo con mora de 90 días o más,M,03,Atacama,10,Servicios de vivienda e inmobiliarios,Finanzas y Sistema Financiero Regional,Porcentaje (%)
Regionales,"Porcentaje de deuda por cartera, Región de Atacama",F022.DV90AT.TAS.Z.Z.Z.M,Deuda vivienda con mora de 90 días o más,M,03,Atacama,06,Construcción,Finanzas y Sistema Financiero Regional,Porcentaje (%)
Regionales,"Porcentaje de deuda por cartera, Región de Coquimbo",F022.DCM90CO.TAS.Z.Z.Z.M,Deuda comercial con mora de 90 días o más,M,04,Coquimbo,10,Servicios de vivienda e inmobiliarios,Finanzas y Sistema Financiero Regional,Porcentaje (%)
Regionales,"Porcentaje de deuda por cartera, Región de Coquimbo",F022.DCS90CO.TAS.Z.Z.Z.M,Deuda consumo con mora de 90 días o más,M,04,Coquimbo,10,Servicios de vivienda e inmobiliarios,Finanzas y Sistema Financiero Regional,Porcentaje (%)
Regionales,"Porcentaje de deuda por cartera, Región de Coquimbo",F022.DV90CO.TAS.Z.Z.Z.M,Deuda vivienda con mora de 90 días o más,M,04,Coquimbo,06,Construcción,Finanzas y Sistema Financiero Regional,Porcentaje (%)
Regionales,"Porcentaje de deuda por cartera, Región de Valparaíso",F022.DCM90VA.TAS.Z.Z.Z.M,Deuda comercial con mora de 90 días o más,M,05,Valparaíso,10,Servicios de vivienda e inmobiliarios,Finanzas y Sistema Financiero Regional,Porcentaje (%)
Regionales,"Porcentaje de deuda por cartera, Región de Valparaíso",F022.DCS90VA.TAS.Z.Z.Z.M,Deuda consumo con mora de 90 días o más,M,05,Valparaíso,10,Servicios de vivienda e inmobiliarios,Finanzas y Sistema Financiero Regional,Porcentaje (%)
Regionales,"Porcentaje de deuda por cartera, Región de Valparaíso",F022.DV90VA.TAS.Z.Z.Z.M,Deuda vivienda con mora de 90 días o más,M,05,Valparaíso,06,Construcción,Finanzas y Sistema Financiero Regional,Porcentaje (%)
Regionales,"Porcentaje de deuda por cartera, Región Metropolitana de Santiago",F022.DCM90RM.TAS.Z.Z.Z.M,Deuda comercial con mora de 90 días o más,M,13,Metropolitana de Santiago,10,Servicios de vivienda e inmobiliarios,Finanzas y Sistema Financiero Regional,Porcentaje (%)
Regionales,"Porcentaje de deuda por cartera, Región Metropolitana de Santiago",F022.DCS90RM.TAS.Z.Z.Z.M,Deuda consumo con mora de 90 días o más,M,13,Metropolitana de Santiago,10,Servicios de vivienda e inmobiliarios,Finanzas y Sistema Financiero Regional,Porcentaje (%)
Regionales,"Porcentaje de deuda por cartera, Región Metropolitana de Santiago",F022.DV90RM.TAS.Z.Z.Z.M,Deuda vivienda con mora de 90 días o más,M,13,Metropolitana de Santiago,06,Construcción,Finanzas y Sistema Financiero Regional,Porcentaje (%)
Regionales,"Porcentaje de deuda por cartera, Región del Libertador General Bernardo O'Higgins",F022.DCM90LI.TAS.Z.Z.Z.M,Deuda comercial con mora de 90 días o más,M,06,O'Higgins,10,Servicios de vivienda e inmobiliarios,Finanzas y Sistema Financiero Regional,Porcentaje (%)
Regionales,"Porcentaje de deuda por cartera, Región del Libertador General Bernardo O'Higgins",F022.DCS90LI.TAS.Z.Z.Z.M,Deuda consumo con mora de 90 días o más,M,06,O'Higgins,10,Servicios de vivienda e inmobiliarios,Finanzas y Sistema Financiero Regional,Porcentaje (%)
Regionales,"Porcentaje de deuda por cartera, Región del Libertador General Bernardo O'Higgins",F022.DV90LI.TAS.Z.Z.Z.M,Deuda vivienda con mora de 90 días o más,M,06,O'Higgins,06,Construcción,Finanzas y Sistema Financiero Regional,Porcentaje (%)
Regionales,"Porcentaje de deuda por cartera, Región del Maule",F022.DCM90ML.TAS.Z.Z.Z.M,Deuda comercial con mora de 90 días o más,M,07,Maule,10,Servicios de vivienda e inmobiliarios,Finanzas y Sistema Financiero Regional,Porcentaje (%)
Regionales,"Porcentaje de deuda por cartera, Región del Maule",F022.DCS90ML.TAS.Z.Z.Z.M,Deuda consumo con mora de 90 días o más,M,07,Maule,10,Servicios de vivienda e inmobiliarios,Finanzas y Sistema Financiero Regional,Porcentaje (%)
Regionales,"Porcentaje de deuda por cartera, Región del Maule",F022.DV90ML.TAS.Z.Z.Z.M,Deuda vivienda con mora de 90 días o más,M,07,Maule,06,Construcción,Finanzas y Sistema Financiero Regional,Porcentaje (%)
Regionales,"Porcentaje de deuda por cartera, Región del Biobío",F022.DCM90BI.TAS.Z.Z.Z.M,Deuda comercial con mora de 90 días o más,M,08,Biobío,10,Servicios de vivienda e inmobiliarios,Finanzas y Sistema Financiero Regional,Porcentaje (%)
Regionales,"Porcentaje de deuda por cartera, Región del Biobío",F022.DCS90BI.TAS.Z.Z.Z.M,Deuda consumo con mora de 90 días o más,M,08,Biobío,10,Servicios de vivienda e inmobiliarios,Finanzas y Sistema Financiero Regional,Porcentaje (%)
Regionales,"Porcentaje de deuda por cartera, Región del Biobío",F022.DV90BI.TAS.Z.Z.Z.M,Deuda vivienda con mora de 90 días o más,M,08,Biobío,06,Construcción,Finanzas y Sistema Financiero Regional,Porcentaje (%)
Regionales,"Porcentaje de deuda por cartera, Región de Ñuble",F022.DCM90NB.TAS.Z.Z.Z.M,Deuda comercial con mora de 90 días o más,M,16,Ñuble,10,Servicios de vivienda e inmobiliarios,Finanzas y Sistema Financiero Regional,Porcentaje (%)
Regionales,"Porcentaje de deuda por cartera, Región de Ñuble",F022.DCS90NB.TAS.Z.Z.Z.M,Deuda consumo con mora de 90 días o más,M,16,Ñuble,10,Servicios de vivienda e inmobiliarios,Finanzas y Sistema Financiero Regional,Porcentaje (%)
Regionales,"Porcentaje de deuda por cartera, Región de Ñuble",F022.DV90NB.TAS.Z.Z.Z.M,Deuda vivienda con mora de 90 días o más,M,16,Ñuble,06,Construcción,Finanzas y Sistema Financiero Regional,Porcentaje (%)
Regionales,"Porcentaje de deuda por cartera, Región de La Araucanía",F022.DCM90AR.TAS.Z.Z.Z.M,Deuda comercial con mora de 90 días o más,M,09,La Araucanía,10,Servicios de vivienda e inmobiliarios,Finanzas y Sistema Financiero Regional,Porcentaje (%)
Regionales,"Porcentaje de deuda por cartera, Región de La Araucanía",F022.DCS90AR.TAS.Z.Z.Z.M,Deuda consumo con mora de 90 días o más,M,09,La Araucanía,10,Servicios de vivienda e inmobiliarios,Finanzas y Sistema Financiero Regional,Porcentaje (%)
Regionales,"Porcentaje de deuda por cartera, Región de La Araucanía",F022.DV90AR.TAS.Z.Z.Z.M,Deuda vivienda con mora de 90 días o más,M,09,La Araucanía,06,Construcción,Finanzas y Sistema Financiero Regional,Porcentaje (%)
Regionales,"Porcentaje de deuda por cartera, Región de Los Lagos",F022.DCM90LL.TAS.Z.Z.Z.M,Deuda comercial con mora de 90 días o más,M,10,Los Lagos,10,Servicios de vivienda e inmobiliarios,Finanzas y Sistema Financiero Regional,Porcentaje (%)
Regionales,"Porcentaje de deuda por cartera, Región de Los Lagos",F022.DCS90LL.TAS.Z.Z.Z.M,Deuda consumo con mora de 90 días o más,M,10,Los Lagos,10,Servicios de vivienda e inmobiliarios,Finanzas y Sistema Financiero Regional,Porcentaje (%)
Regionales,"Porcentaje de deuda por cartera, Región de Los Lagos",F022.DV90LL.TAS.Z.Z.Z.M,Deuda vivienda con mora de 90 días o más,M,10,Los Lagos,06,Construcción,Finanzas y Sistema Financiero Regional,Porcentaje (%)
Regionales,"Porcentaje de deuda por cartera, Región de Los Ríos",F022.DCM90LR.TAS.Z.Z.Z.M,Deuda comercial con mora de 90 días o más,M,14,Los Ríos,10,Servicios de vivienda e inmobiliarios,Finanzas y Sistema Financiero Regional,Porcentaje (%)
Regionales,"Porcentaje de deuda por cartera, Región de Los Ríos",F022.DCS90LR.TAS.Z.Z.Z.M,Deuda consumo con mora de 90 días o más,M,14,Los Ríos,10,Servicios de vivienda e inmobiliarios,Finanzas y Sistema Financiero Regional,Porcentaje (%)
Regionales,"Porcentaje de deuda por cartera, Región de Los Ríos",F022.DV90LR.TAS.Z.Z.Z.M,Deuda vivienda con mora de 90 días o más,M,14,Los Ríos,06,Construcción,Finanzas y Sistema Financiero Regional,Porcentaje (%)
Regionales,"Porcentaje de deuda por cartera, Región de Aysén del General Carlos Ibáñez del Campo",F022.DCM90AI.TAS.Z.Z.Z.M,Deuda comercial con mora de 90 días o más,M,11,Aysén,10,Servicios de vivienda e inmobiliarios,Finanzas y Sistema Financiero Regional,Porcentaje (%)
Regionales,"Porcentaje de deuda por cartera, Región de Aysén del General Carlos Ibáñez del Campo",F022.DCS90AI.TAS.Z.Z.Z.M,Deuda consumo con mora de 90 días o más,M,11,Aysén,10,Servicios de vivienda e inmobiliarios,Finanzas y Sistema Financiero Regional,Porcentaje (%)
Regionales,"Porcentaje de deuda por cartera, Región de Aysén del General Carlos Ibáñez del Campo",F022.DV90AI.TAS.Z.Z.Z.M,Deuda vivienda con mora de 90 días o más,M,11,Aysén,06,Construcción,Finanzas y Sistema Financiero Regional,Porcentaje (%)
Regionales,"Porcentaje de deuda por cartera, Región de Magallanes y de la Antártica Chilena",F022.DCM90MA.TAS.Z.Z.Z.M,Deuda comercial con mora de 90 días o más,M,12,Magallanes,10,Servicios de vivienda e inmobiliarios,Finanzas y Sistema Financiero Regional,Porcentaje (%)
Regionales,"Porcentaje de deuda por cartera, Región de Magallanes y de la Antártica Chilena",F022.DCS90MA.TAS.Z.Z.Z.M,Deuda consumo con mora de 90 días o más,M,12,Magallanes,10,Servicios de vivienda e inmobiliarios,Finanzas y Sistema Financiero Regional,Porcentaje (%)
Regionales,"Porcentaje de deuda por cartera, Región de Magallanes y de la Antártica Chilena",F022.DV90MA.TAS.Z.Z.Z.M,Deuda vivienda con mora de 90 días o más,M,12,Magallanes,06,Construcción,Finanzas y Sistema Financiero Regional,Porcentaje (%)
Regionales,Boletas electrónicas emitidas en estaciones de servicio. Series originales,F034.BESON.IND.BCCH.2020.0.D,Total,D,UNKNOWN,No Especificado,UNKNOWN,No Especificado,Otros Indicadores Regionales,No Especificada
Regionales,Boletas electrónicas emitidas en estaciones de servicio. Series originales,F034.BESOAP.IND.BCCH.2020.0.D,Región de Arica y Parinacota,D,15,Arica y Parinacota,UNKNOWN,No Especificado,Otros Indicadores Regionales,No Especificada
Regionales,Boletas electrónicas emitidas en estaciones de servicio. Series originales,F034.BESOTA.IND.BCCH.2020.0.D,Región de Tarapacá,D,01,Tarapacá,UNKNOWN,No Especificado,Otros Indicadores Regionales,No Especificada
Regionales,Boletas electrónicas emitidas en estaciones de servicio. Series originales,F034.BESOAN.IND.BCCH.2020.0.D,Región de Antofagasta,D,02,Antofagasta,05,"Electricidad, gas, agua y gestión de desechos",Otros Indicadores Regionales,No Especificada
Regionales,Boletas electrónicas emitidas en estaciones de servicio. Series originales,F034.BESOAT.IND.BCCH.2020.0.D,Región de Atacama,D,03,Atacama,UNKNOWN,No Especificado,Otros Indicadores Regionales,No Especificada
Regionales,Boletas electrónicas emitidas en estaciones de servicio. Series originales,F034.BESOCO.IND.BCCH.2020.0.D,Región de Coquimbo,D,04,Coquimbo,UNKNOWN,No Especificado,Otros Indicadores Regionales,No Especificada
Regionales,Boletas electrónicas emitidas en estaciones de servicio. Series originales,F034.BESOVA.IND.BCCH.2020.0.D,Región de Valparaíso,D,05,Valparaíso,UNKNOWN,No Especificado,Otros Indicadores Regionales,No Especificada
Regionales,Boletas electrónicas emitidas en estaciones de servicio. Series originales,F034.BESORM.IND.BCCH.2020.0.D,Región Metropolitana de Santiago,D,13,Metropolitana de Santiago,UNKNOWN,No Especificado,Otros Indicadores Regionales,No Especificada
Regionales,Boletas electrónicas emitidas en estaciones de servicio. Series originales,F034.BESOLI.IND.BCCH.2020.0.D,Región del Libertador General Bernardo O'Higgins,D,06,O'Higgins,UNKNOWN,No Especificado,Otros Indicadores Regionales,No Especificada
Regionales,Boletas electrónicas emitidas en estaciones de servicio. Series originales,F034.BESOML.IND.BCCH.2020.0.D,Región del Maule,D,07,Maule,UNKNOWN,No Especificado,Otros Indicadores Regionales,No Especificada
Regionales,Boletas electrónicas emitidas en estaciones de servicio. Series originales,F034.BESOBI.IND.BCCH.2020.0.D,Región del Biobío,D,08,Biobío,UNKNOWN,No Especificado,Otros Indicadores Regionales,No Especificada
Regionales,Boletas electrónicas emitidas en estaciones de servicio. Series originales,F034.BESONB.IND.BCCH.2020.0.D,Región de Ñuble,D,16,Ñuble,UNKNOWN,No Especificado,Otros Indicadores Regionales,No Especificada
Regionales,Boletas electrónicas emitidas en estaciones de servicio. Series originales,F034.BESOAR.IND.BCCH.2020.0.D,Región de La Araucanía,D,09,La Araucanía,UNKNOWN,No Especificado,Otros Indicadores Regionales,No Especificada
Regionales,Boletas electrónicas emitidas en estaciones de servicio. Series originales,F034.BESOLL.IND.BCCH.2020.0.D,Región de Los Lagos,D,10,Los Lagos,UNKNOWN,No Especificado,Otros Indicadores Regionales,No Especificada
Regionales,Boletas electrónicas emitidas en estaciones de servicio. Series originales,F034.BESOLR.IND.BCCH.2020.0.D,Región de Los Ríos,D,14,Los Ríos,UNKNOWN,No Especificado,Otros Indicadores Regionales,No Especificada
Regionales,Boletas electrónicas emitidas en estaciones de servicio. Series originales,F034.BESOAI.IND.BCCH.2020.0.D,Región de Aysén del General Carlos Ibáñez del Campo,D,11,Aysén,UNKNOWN,No Especificado,Otros Indicadores Regionales,No Especificada
Regionales,Boletas electrónicas emitidas en estaciones de servicio. Series originales,F034.BESOMA.IND.BCCH.2020.0.D,Región de Magallanes y de la Antártica Chilena,D,12,Magallanes,UNKNOWN,No Especificado,Otros Indicadores Regionales,No Especificada
Regionales,Boletas electrónicas emitidas en estaciones de servicio. Promedio móvil de 7 días,F034.BESN.IND.BCCH.2020.0.D,Total,D,UNKNOWN,No Especificado,UNKNOWN,No Especificado,Otros Indicadores Regionales,No Especificada
Regionales,Boletas electrónicas emitidas en estaciones de servicio. Promedio móvil de 7 días,F034.BESAP.IND.BCCH.2020.0.D,Región de Arica y Parinacota,D,15,Arica y Parinacota,UNKNOWN,No Especificado,Otros Indicadores Regionales,No Especificada
Regionales,Boletas electrónicas emitidas en estaciones de servicio. Promedio móvil de 7 días,F034.BESTA.IND.BCCH.2020.0.D,Región de Tarapacá,D,01,Tarapacá,UNKNOWN,No Especificado,Otros Indicadores Regionales,No Especificada
Regionales,Boletas electrónicas emitidas en estaciones de servicio. Promedio móvil de 7 días,F034.BESAN.IND.BCCH.2020.0.D,Región de Antofagasta,D,02,Antofagasta,05,"Electricidad, gas, agua y gestión de desechos",Otros Indicadores Regionales,No Especificada
Regionales,Boletas electrónicas emitidas en estaciones de servicio. Promedio móvil de 7 días,F034.BESAT.IND.BCCH.2020.0.D,Región de Atacama,D,03,Atacama,UNKNOWN,No Especificado,Otros Indicadores Regionales,No Especificada
Regionales,Boletas electrónicas emitidas en estaciones de servicio. Promedio móvil de 7 días,F034.BESCO.IND.BCCH.2020.0.D,Región de Coquimbo,D,04,Coquimbo,UNKNOWN,No Especificado,Otros Indicadores Regionales,No Especificada
Regionales,Boletas electrónicas emitidas en estaciones de servicio. Promedio móvil de 7 días,F034.BESVA.IND.BCCH.2020.0.D,Región de Valparaíso,D,05,Valparaíso,UNKNOWN,No Especificado,Otros Indicadores Regionales,No Especificada
Regionales,Boletas electrónicas emitidas en estaciones de servicio. Promedio móvil de 7 días,F034.BESRM.IND.BCCH.2020.0.D,Región Metropolitana de Santiago,D,13,Metropolitana de Santiago,UNKNOWN,No Especificado,Otros Indicadores Regionales,No Especificada
Regionales,Boletas electrónicas emitidas en estaciones de servicio. Promedio móvil de 7 días,F034.BESLI.IND.BCCH.2020.0.D,Región del Libertador General Bernardo O'Higgins,D,06,O'Higgins,UNKNOWN,No Especificado,Otros Indicadores Regionales,No Especificada
Regionales,Boletas electrónicas emitidas en estaciones de servicio. Promedio móvil de 7 días,F034.BESML.IND.BCCH.2020.0.D,Región del Maule,D,07,Maule,UNKNOWN,No Especificado,Otros Indicadores Regionales,No Especificada
Regionales,Boletas electrónicas emitidas en estaciones de servicio. Promedio móvil de 7 días,F034.BESBI.IND.BCCH.2020.0.D,Región del Biobío,D,08,Biobío,UNKNOWN,No Especificado,Otros Indicadores Regionales,No Especificada
Regionales,Boletas electrónicas emitidas en estaciones de servicio. Promedio móvil de 7 días,F034.BESNB.IND.BCCH.2020.0.D,Región de Ñuble,D,16,Ñuble,UNKNOWN,No Especificado,Otros Indicadores Regionales,No Especificada
Regionales,Boletas electrónicas emitidas en estaciones de servicio. Promedio móvil de 7 días,F034.BESAR.IND.BCCH.2020.0.D,Región de La Araucanía,D,09,La Araucanía,UNKNOWN,No Especificado,Otros Indicadores Regionales,No Especificada
Regionales,Boletas electrónicas emitidas en estaciones de servicio. Promedio móvil de 7 días,F034.BESLL.IND.BCCH.2020.0.D,Región de Los Lagos,D,10,Los Lagos,UNKNOWN,No Especificado,Otros Indicadores Regionales,No Especificada
Regionales,Boletas electrónicas emitidas en estaciones de servicio. Promedio móvil de 7 días,F034.BESLR.IND.BCCH.2020.0.D,Región de Los Ríos,D,14,Los Ríos,UNKNOWN,No Especificado,Otros Indicadores Regionales,No Especificada
Regionales,Boletas electrónicas emitidas en estaciones de servicio. Promedio móvil de 7 días,F034.BESAI.IND.BCCH.2020.0.D,Región de Aysén del General Carlos Ibáñez del Campo,D,11,Aysén,UNKNOWN,No Especificado,Otros Indicadores Regionales,No Especificada
Regionales,Boletas electrónicas emitidas en estaciones de servicio. Promedio móvil de 7 días,F034.BESMA.IND.BCCH.2020.0.D,Región de Magallanes y de la Antártica Chilena,D,12,Magallanes,UNKNOWN,No Especificado,Otros Indicadores Regionales,No Especificada
